rank,lemma,frequency,cumulative_pct,pos,num_surface_forms,example_surface_form
1,bir,5707760,3.281,Noun,1,bir
2,olmak,4246435,5.722,Verb,1,olduğunu
3,bu,4233555,8.156,Pron,2,bu
4,ben,3668805,10.265,Verb,2,ben
5,o,3185662,12.096,Verb,1,o
6,ne,3151942,13.908,Pron,1,ne
7,sen,2423901,15.302,Noun,2,sen
8,ve,2181344,16.556,Conj,1,ve
9,mi,2137198,17.784,Ques,1,mi
10,yapmak,1895179,18.874,Verb,1,yapıyorsun
11,iç,1826982,19.924,Noun,1,için
12,etmek,1750154,20.93,Verb,1,et
13,şey,1610926,21.856,Noun,2,şey
14,de,1505304,22.721,Noun,1,de
15,var,1455332,23.558,Noun,1,var
16,değil,1428897,24.379,Verb,1,değil
17,çok,1383924,25.175,Adj,1,çok
18,istemek,1351747,25.952,Verb,1,istiyorum
19,mı,1324948,26.714,Ques,1,mı
20,ama,1320439,27.473,Conj,1,ama
21,bilmek,1257181,28.195,Verb,1,biliyorum
22,evet,1220531,28.897,Adv,1,evet
23,gitmek,1213977,29.595,Verb,1,git
24,gelmek,1189888,30.279,Verb,1,gel
25,iyi,1181071,30.958,Verb,1,iyi
26,da,1125521,31.605,Conj,1,da
27,bura,1090331,32.232,Verb,1,burada
28,söylemek,1069760,32.847,Verb,1,söyle
29,sanmak,959700,33.398,Verb,1,sana
30,hayır,956483,33.948,Adv,1,hayır
31,daha,925615,34.48,Noun,1,daha
32,yok,893402,34.994,Verb,1,yok
33,mu,847799,35.481,Ques,1,mu
34,demek,811339,35.948,Verb,1,demek
35,vermek,798769,36.407,Verb,1,ver
36,kadar,773917,36.852,Noun,1,kadar
37,zaman,751354,37.284,Noun,1,zaman
38,gibi,742779,37.711,Verb,1,gibi
39,görmek,726132,38.128,Verb,1,görmek
40,biz,692405,38.526,Pron,1,biz
41,tamam,690832,38.923,Noun,1,tamam
42,bakmak,643364,39.293,Verb,1,bak
43,iş,633744,39.657,Noun,2,iş
44,siz,625586,40.017,Pron,1,siz
45,her,620612,40.374,Det,1,her
46,ki,556397,40.694,Conj,1,ki
47,almak,544863,41.007,Verb,1,almak
48,kendi,537555,41.316,Pron,1,kendi
49,şu,532182,41.622,Pron,1,şu
50,nasıl,523608,41.923,Verb,1,nasıl
51,sade,514887,42.219,Adv,1,sadece
52,ya,513901,42.514,Interj,1,ya
53,öyle,497571,42.8,Verb,1,öyle
54,sonra,483566,43.078,Noun,1,sonra
55,kalmak,470963,43.349,Verb,1,kal
56,gerçek,458631,43.613,Noun,1,gerçekten
57,şimdi,447869,43.87,Noun,1,şimdi
58,hiç,441374,44.124,Noun,1,hiç
59,bulmak,438117,44.376,Verb,1,buldum
60,yemek,438066,44.627,Verb,1,yer
61,çalışmak,421604,44.87,Verb,1,çalışıyorum
62,en,414609,45.108,Noun,1,en
63,çocuk,408373,45.343,Noun,1,çocuk
64,konuşmak,406649,45.577,Verb,1,konuşmak
65,önce,400487,45.807,Noun,1,önce
66,güzel,395091,46.034,Noun,1,güzel
67,düşünmek,394727,46.261,Verb,1,düşünüyorsun
68,baba,391768,46.486,Noun,1,baba
69,olur,391596,46.711,Verb,1,olur
70,kim,389809,46.935,Pron,1,kim
71,iki,386022,47.157,Noun,1,iki
72,pek,385637,47.379,Noun,1,peki
73,ev,380423,47.598,Noun,1,eve
74,ora,362915,47.806,Verb,1,orada
75,böyle,360885,48.014,Verb,1,böyle
76,çıkmak,360361,48.221,Verb,1,çıktı
77,biraz,359455,48.427,Noun,1,biraz
78,anlamak,358354,48.633,Verb,1,anlıyorum
79,anne,357013,48.839,Noun,1,anne
80,gerekmek,352869,49.042,Verb,1,gerekiyor
81,kız,352039,49.244,Noun,1,kız
82,hadi,350183,49.445,Interj,1,hadi
83,gün,344826,49.643,Noun,1,gün
84,teşekkür,344738,49.842,Noun,1,teşekkürler
85,insan,344301,50.04,Noun,1,insan
86,son,339642,50.235,Noun,1,son
87,hak,333940,50.427,Noun,1,hakkında
88,al,323529,50.613,Verb,1,al
89,yüz,316688,50.795,Noun,1,yüzden
90,yani,312127,50.974,Conj,1,yani
91,bırakmak,310264,51.153,Verb,1,bırak
92,hayat,304254,51.328,Noun,1,hayatta
93,geri,301842,51.501,Noun,1,geri
94,sormak,299627,51.673,Verb,1,sorun
95,sevmek,294349,51.842,Verb,1,seviyorum
96,tanrı,293539,52.011,Noun,1,tanrım
97,işte,292160,52.179,Adv,1,İşte
98,başka,291194,52.347,Noun,1,başka
99,bile,289647,52.513,Adv,1,bile
100,lütfen,288538,52.679,Adv,1,lütfen
101,durmak,287549,52.844,Verb,1,dur
102,eğmek,282959,53.007,Verb,1,eğer
103,doğru,280704,53.168,Noun,1,doğru
104,çünkü,274115,53.326,Noun,1,çünkü
105,artık,273712,53.483,Noun,1,artık
106,as,272033,53.64,Noun,1,aslında
107,bay,271401,53.796,Noun,1,bay
108,tek,270968,53.951,Noun,1,tek
109,zor,269667,54.106,Verb,1,zor
110,yol,266260,54.259,Noun,2,yolu
111,el,263842,54.411,Noun,1,el
112,ölmek,263761,54.563,Verb,1,öldü
113,öldürmek,262199,54.713,Verb,1,öldürmek
114,duymak,260877,54.863,Verb,1,duydum
115,ada,260594,55.013,Noun,1,adam
116,belki,257483,55.161,Adv,1,belki
117,başlamak,254888,55.308,Verb,1,başladı
118,yardım,252097,55.453,Noun,2,yardım
119,inmek,250483,55.597,Verb,1,in
120,arkadaş,250381,55.741,Noun,1,arkadaşım
121,büyük,248162,55.883,Noun,1,büyük
122,gece,241489,56.022,Noun,1,gece
123,aramak,238547,56.159,Verb,1,arıyor
124,yer,232101,56.293,Noun,1,yerde
125,ara,231299,56.426,Noun,1,ara
126,nere,225926,56.555,Verb,1,nereye
127,adam,223904,56.684,Noun,1,adamı
128,fazla,221383,56.811,Noun,1,fazla
129,girmek,221023,56.939,Verb,1,gir
130,dönmek,220553,57.065,Verb,1,dön
131,getirmek,215207,57.189,Verb,1,getir
132,ile,214723,57.312,Conj,1,ile
133,baş,214287,57.436,Noun,1,başına
134,hey,211678,57.557,Interj,1,hey
135,kötü,208290,57.677,Noun,1,kötü
136,hiçbir,207864,57.797,Det,1,hiçbir
137,ad,204721,57.914,Noun,1,adı
138,kimse,203544,58.031,Pron,1,kimse
139,ihtiyaç,202720,58.148,Noun,1,ihtiyacım
140,ilgi,201726,58.264,Verb,1,ilgili
141,kadın,200752,58.379,Noun,1,kadın
142,efendi,200154,58.494,Noun,1,efendim
143,hep,199182,58.609,Pron,1,hep
144,harika,198546,58.723,Verb,1,harika
145,yeni,196397,58.836,Noun,1,yeni
146,iz,196377,58.949,Noun,1,izin
147,tüm,195422,59.061,Noun,1,tüm
148,hâlâ,194872,59.173,Adv,1,hala
149,gerek,194867,59.285,Noun,1,gerek
150,yaşamak,194407,59.397,Verb,1,yaşıyor
151,a,193563,59.508,Interj,1,a
152,on,191730,59.618,Noun,1,onları
153,merhaba,190900,59.728,Interj,1,merhaba
154,eder,190647,59.838,Noun,1,ederim
155,nerede,190185,59.947,Adv,1,nerede
156,beklemek,189759,60.056,Verb,1,bekliyor
157,inanmak,188627,60.164,Verb,1,inanamıyorum
158,emin,186213,60.272,Verb,1,emin
159,herkes,185502,60.378,Pron,1,herkes
160,pekâlâ,180845,60.482,Adv,1,pekala
161,karşı,178887,60.585,Noun,1,karşı
162,bayan,178735,60.688,Noun,1,bayan
163,geçmek,177599,60.79,Verb,1,geçti
164,saat,176785,60.891,Noun,1,saat
165,durum,176330,60.993,Noun,1,durum
166,üzgün,174432,61.093,Verb,1,üzgünüm
167,konu,173356,61.193,Noun,1,konusunda
168,fark,172744,61.292,Verb,1,farklı
169,kullanmak,172080,61.391,Verb,1,kullan
170,ilk,170330,61.489,Noun,1,ilk
171,bütün,170277,61.587,Noun,1,bütün
172,tam,170156,61.685,Noun,1,tam
173,dinlemek,166704,61.78,Verb,1,dinle
174,küçük,166019,61.876,Noun,1,küçük
175,dünya,165710,61.971,Noun,1,dünya
176,yıl,165319,62.066,Verb,2,yıl
177,alt,164618,62.161,Noun,1,altında
178,önem,162338,62.254,Verb,1,önemli
179,araba,161171,62.347,Noun,1,araba
180,diye,160778,62.439,Postp,1,diye
181,hemen,159283,62.531,Adj,1,hemen
182,yan,157917,62.621,Noun,1,yanında
183,taraf,156890,62.712,Noun,1,tarafından
184,görünmek,154563,62.801,Verb,1,görünüyor
185,aile,153325,62.889,Noun,1,aile
186,dost,153278,62.977,Noun,1,dostum
187,ayn,152148,63.064,Noun,1,aynı
188,yaş,151934,63.152,Noun,1,yaşlı
189,göz,149508,63.238,Noun,1,göz
190,tabiî,149213,63.323,Adv,1,tabii
191,devam,148104,63.408,Noun,1,devam
192,hepsi,146755,63.493,Pron,1,hepsi
193,hissetmek,146469,63.577,Verb,1,hissediyorum
194,ister,146199,63.661,Noun,1,ister
195,az,145709,63.745,Noun,1,az
196,hoş,144349,63.828,Noun,1,hoş
197,dakika,144088,63.911,Noun,1,dakika
198,mü,143595,63.993,Ques,1,mü
199,kişi,142819,64.075,Noun,1,kişi
200,göstermek,142197,64.157,Verb,1,göster
201,e,140101,64.238,Interj,1,e
202,şekil,137740,64.317,Noun,1,şekilde
203,olmaz,137694,64.396,Verb,1,olmaz
204,bugün,137667,64.475,Noun,1,bugün
205,güç,135699,64.553,Noun,1,güçlü
206,tutmak,134395,64.63,Verb,1,tut
207,tanımak,133725,64.707,Verb,1,tanıyor
208,polis,133340,64.784,Noun,1,polis
209,birlik,133158,64.86,Verb,1,birlikte
210,hazır,132841,64.937,Verb,1,hazır
211,şans,132549,65.013,Noun,1,şans
212,bunamak,132218,65.089,Verb,1,buna
213,sela,132159,65.165,Noun,1,selam
214,para,131095,65.24,Noun,1,parayı
215,diğer,129373,65.315,Noun,1,diğer
216,kardeş,128683,65.389,Noun,1,kardeşim
217,özür,128187,65.462,Noun,1,özür
218,söz,128145,65.536,Noun,1,söz
219,üç,128119,65.61,Noun,1,üç
220,anlatmak,127046,65.683,Verb,1,anlat
221,bitmek,126908,65.756,Verb,1,bitti
222,bek,126683,65.828,Verb,1,bekle
223,haber,126059,65.901,Noun,1,haber
224,tekrar,125884,65.973,Noun,1,tekrar
225,göre,125527,66.045,Postp,1,göre
226,dilmek,125364,66.117,Verb,1,dilerim
227,erkek,125069,66.189,Noun,1,erkek
228,oh,124332,66.261,Interj,1,oh
229,eski,124076,66.332,Noun,1,eski
230,içeri,122921,66.403,Noun,1,içeri
231,hatırlamak,122342,66.473,Verb,1,hatırlıyor
232,dışarı,122135,66.543,Noun,1,dışarı
233,öğrenmek,122020,66.614,Verb,1,öğrenmek
234,can,121573,66.683,Noun,1,canım
235,unutmak,121235,66.753,Verb,1,unutma
236,görüşmek,120609,66.822,Verb,1,görüşürüz
237,bebek,119804,66.891,Noun,1,bebeğim
238,yine,119033,66.96,Adv,1,yine
239,üzeri,118761,67.028,Noun,1,üzerinde
240,bence,118742,67.096,Adv,1,bence
241,haydi,118144,67.164,Adv,1,haydi
242,kafa,118086,67.232,Noun,1,kafa
243,orta,118051,67.3,Noun,1,ortaya
244,oturmak,117459,67.367,Verb,1,otur
245,an,117380,67.435,Noun,1,anda
246,sürmek,116858,67.502,Verb,1,süre
247,uz,116769,67.569,Verb,1,uzun
248,götürmek,116336,67.636,Verb,1,götür
249,çıkarmak,116014,67.703,Verb,1,çıkarmak
250,oğul,115806,67.769,Noun,1,oğlum
251,laz,115675,67.836,Noun,1,lazım
252,par,115553,67.902,Verb,1,para
253,fikir,115373,67.969,Noun,1,fikir
254,tatlı,115314,68.035,Noun,1,tatlım
255,bakal,114123,68.101,Noun,1,bakalım
256,zaten,114025,68.166,Adv,1,zaten
257,üst,113330,68.231,Noun,1,üstüne
258,olay,113319,68.296,Noun,1,olay
259,biri,112869,68.361,Pron,1,birisi
260,soru,112661,68.426,Verb,2,soru
261,değişmek,112401,68.491,Verb,1,değişti
262,birkaç,112072,68.555,Noun,1,birkaç
263,bahsetmek,111227,68.619,Verb,1,bahsediyorsun
264,yalnız,109298,68.682,Noun,1,yalnız
265,oda,108922,68.744,Noun,1,odasında
266,hal,108802,68.807,Noun,1,halde
267,silâh,108657,68.869,Noun,1,silah
268,doktor,108235,68.932,Noun,1,doktor
269,geçirmek,108005,68.994,Verb,1,geçirdim
270,telefon,107702,69.056,Noun,1,telefon
271,sağ,107635,69.118,Noun,1,sağ
272,verdi,107618,69.179,Noun,1,verdi
273,ı,107611,69.241,Noun,1,ı
274,korkmak,105256,69.302,Verb,1,korkarım
275,hafta,104886,69.362,Noun,1,hafta
276,ay,104651,69.422,Noun,1,ay
277,kaybetmek,103945,69.482,Verb,1,kaybettim
278,yazmak,103897,69.542,Verb,1,yaz
279,ön,103773,69.601,Noun,1,önünde
280,yermek,103741,69.661,Verb,1,yere
281,kesmek,103601,69.721,Verb,1,kes
282,açmak,102585,69.78,Verb,1,açmak
283,lanet,102363,69.838,Adj,1,lanet
284,kaç,102203,69.897,Noun,1,kaç
285,mutlu,101868,69.956,Verb,1,mutlu
286,un,100518,70.013,Noun,1,un
287,karar,99841,70.071,Verb,2,karar
288,arka,98357,70.127,Noun,1,arka
289,koymak,98205,70.184,Verb,1,koy
290,dan,98063,70.24,Dup,1,dan
291,ses,97812,70.296,Noun,1,ses
292,anmak,97609,70.353,Verb,1,an
293,oynamak,97577,70.409,Verb,1,oynamak
294,aptal,96458,70.464,Verb,1,aptal
295,uzak,95536,70.519,Verb,1,uzak
296,kontrol,95362,70.574,Noun,1,kontrol
297,su,93608,70.628,Noun,1,su
298,düş,92540,70.681,Verb,1,düşündüm
299,çekmek,91810,70.734,Verb,1,çekip
300,tane,91756,70.786,Noun,1,tane
301,bilir,91703,70.839,Verb,1,bilirsin
302,fakat,89719,70.891,Conj,1,fakat
303,kesinlikle,89613,70.942,Adv,1,kesinlikle
304,yalan,88990,70.993,Noun,1,yalan
305,açık,88623,71.044,Noun,1,açık
306,rahat,86311,71.094,Noun,1,rahat
307,kaçmak,86129,71.143,Verb,1,kaçtı
308,gelecek,85658,71.193,Noun,1,gelecek
309,ders,85630,71.242,Noun,1,dersin
310,vurmak,85154,71.291,Verb,1,vur
311,dikkat,84841,71.34,Noun,1,dikkat
312,okul,84508,71.388,Noun,1,okul
313,izlemek,83399,71.436,Verb,1,izlemek
314,at,83264,71.484,Noun,1,at
315,yarın,83120,71.532,Adv,1,yarın
316,ayrı,82699,71.579,Adv,1,ayrıca
317,niye,82392,71.627,Adv,1,niye
318,kabul,82015,71.674,Noun,1,kabul
319,yanlış,81774,71.721,Noun,1,yanlış
320,atmak,81600,71.768,Verb,1,atmak
321,kurtarmak,81539,71.815,Verb,1,kurtarmak
322,boy,81350,71.861,Noun,1,boyunca
323,aman,80827,71.908,Interj,1,aman
324,hava,80724,71.954,Noun,1,hava
325,sabah,80516,72.001,Noun,1,sabah
326,oy,80071,72.047,Noun,1,oyun
327,birşey,79842,72.092,Noun,1,birşey
328,kez,79488,72.138,Noun,1,kez
329,koca,79167,72.184,Noun,1,koca
330,denemek,78989,72.229,Verb,1,dene
331,elbette,78786,72.274,Adv,1,elbette
332,geç,78705,72.32,Adj,1,geç
333,tanışmak,78463,72.365,Verb,1,tanışmak
334,yakalamak,78372,72.41,Verb,1,yakaladım
335,edi,78003,72.455,Verb,1,edin
336,savaş,77889,72.499,Noun,1,savaş
337,falan,77702,72.544,Verb,1,falan
338,yetmek,77169,72.588,Verb,1,yeter
339,göndermek,76766,72.633,Verb,1,gönderdi
340,hem,76500,72.676,Adv,1,hem
341,özel,76452,72.72,Verb,1,özel
342,dış,76437,72.764,Noun,1,dışında
343,numara,75196,72.808,Noun,1,numara
344,kazanmak,74964,72.851,Verb,1,kazanmak
345,akşam,74929,72.894,Noun,1,akşam
346,düşmek,74883,72.937,Verb,1,düştü
347,ateş,74818,72.98,Noun,1,ateş
348,sakin,74729,73.023,Verb,1,sakin
349,yürümek,74577,73.066,Verb,1,yürü
350,anlaşmak,74435,73.108,Verb,1,anlaşıldı
351,kapı,74277,73.151,Noun,1,kapıyı
352,hangi,74036,73.194,Noun,1,hangi
353,kalp,74014,73.236,Noun,1,kalp
354,aşk,73522,73.279,Noun,1,aşk
355,merak,73236,73.321,Noun,1,merak
356,baz,73093,73.363,Adj,1,bazı
357,vakit,72778,73.404,Noun,1,vakit
358,akıl,72097,73.446,Noun,1,akıllı
359,sak,71785,73.487,Verb,1,sakın
360,okumak,71573,73.528,Verb,1,okudum
361,kap,70167,73.569,Noun,1,kaptan
362,beri,70007,73.609,Adj,1,beri
363,görev,69849,73.649,Noun,1,görev
364,la,69824,73.689,Noun,1,la
365,film,69809,73.729,Noun,1,film
366,dolmak,69362,73.769,Verb,1,dolar
367,anlam,69354,73.809,Noun,1,anlamı
368,şehir,69236,73.849,Noun,1,şehir
369,dün,69141,73.889,Adv,1,dün
370,ödemek,68827,73.928,Verb,1,ödeme
371,parça,68706,73.968,Noun,1,parçası
372,ciddi,68092,74.007,Verb,1,ciddi
373,ah,67977,74.046,Interj,1,ah
374,bey,67731,74.085,Noun,1,beyler
375,ayrılmak,67651,74.124,Verb,1,ayrıldı
376,hareket,67620,74.163,Noun,1,hareket
377,genç,67386,74.201,Noun,1,genç
378,affetmek,66961,74.24,Verb,1,affedersiniz
379,birbiri,66807,74.278,Pron,1,birbirimize
380,aşağı,66729,74.317,Noun,1,aşağı
381,sebep,66652,74.355,Noun,1,sebebi
382,korumak,66507,74.393,Verb,1,korumak
383,güvenmek,66179,74.431,Verb,1,güven
384,parti,65763,74.469,Noun,1,parti
385,cevap,65514,74.507,Noun,1,cevap
386,davranmak,65223,74.544,Verb,1,davranıyorsun
387,beş,64957,74.581,Noun,1,beş
388,hata,64433,74.619,Noun,1,hata
389,kolay,64114,74.655,Verb,1,kolay
390,gülmek,63561,74.692,Verb,1,güle
391,yakın,63336,74.728,Noun,1,yakın
392,çek,63324,74.765,Noun,1,çek
393,ölü,63202,74.801,Noun,1,ölü
394,içmek,63194,74.837,Verb,1,içmek
395,nefret,63168,74.874,Noun,1,nefret
396,geçen,62880,74.91,Adj,1,geçen
397,yi,62823,74.946,Noun,1,yi
398,ha,62491,74.982,Conj,1,ha
399,sahip,62203,75.018,Noun,1,sahip
400,sanki,61754,75.053,Adv,1,sanki
401,yardımcı,61710,75.089,Noun,1,yardımcı
402,plan,61679,75.124,Noun,1,plan
403,aç,61054,75.159,Noun,1,aç
404,umar,60908,75.194,Noun,1,umarım
405,top,60869,75.229,Noun,1,top
406,bilgi,60331,75.264,Noun,1,bilgi
407,çalmak,60206,75.298,Verb,1,çalıyor
408,beraber,59994,75.333,Verb,1,beraber
409,ala,59869,75.367,Noun,1,alan
410,veya,59817,75.402,Conj,1,veya
411,çabuk,59725,75.436,Adj,1,çabuk
412,kâr,59621,75.47,Noun,1,karım
413,kitap,59369,75.505,Noun,1,kitap
414,yerine,59264,75.539,Adv,1,yerine
415,evlenmek,58393,75.572,Verb,1,evlenmek
416,yatmak,58236,75.606,Verb,1,yat
417,isim,57937,75.639,Noun,1,ismi
418,le,57828,75.672,Noun,1,le
419,benzemek,57614,75.705,Verb,1,benziyor
420,dört,57517,75.738,Noun,1,dört
421,suç,57479,75.771,Noun,1,suç
422,tamamen,57024,75.804,Adv,1,tamamen
423,oldukça,56982,75.837,Adv,1,oldukça
424,kalkmak,56827,75.87,Verb,1,kalk
425,bulunmak,56686,75.902,Verb,1,bulunan
426,işlemek,56616,75.935,Verb,1,işler
427,hikâye,56488,75.967,Noun,1,hikaye
428,sevgili,56340,76.0,Noun,1,sevgili
429,tehlike,56157,76.032,Noun,1,tehlikeli
430,halletmek,55970,76.064,Verb,1,hallederim
431,be,55526,76.096,Noun,1,be
432,sorun,55337,76.128,Noun,1,sorunu
433,u,55248,76.16,Noun,1,u
434,sefer,55050,76.191,Noun,1,sefer
435,hayal,55039,76.223,Noun,1,hayal
436,ölüm,54626,76.254,Noun,1,ölüm
437,herif,54260,76.285,Noun,1,herif
438,başkan,53892,76.316,Noun,1,başkan
439,saniye,53890,76.347,Noun,1,saniye
440,resim,53546,76.378,Noun,1,resmi
441,kapatmak,53247,76.409,Verb,1,kapat
442,eş,53097,76.439,Noun,1,eşlik
443,çekilmek,53076,76.47,Verb,1,çekil
444,bitirmek,53043,76.5,Verb,1,bitir
445,ge,52976,76.531,Noun,1,gelen
446,herşey,52419,76.561,Noun,1,herşey
447,kaçırmak,52404,76.591,Verb,1,kaçırdın
448,süre,52067,76.621,Noun,1,sürece
449,köpek,52050,76.651,Noun,1,köpek
450,te,51410,76.68,Noun,1,te
451,cinayet,51222,76.71,Noun,1,cinayet
452,yatak,51168,76.739,Noun,1,yatak
453,sikmek,51098,76.769,Verb,1,siktir
454,bazen,50948,76.798,Adv,1,bazen
455,ise,50808,76.827,Adv,1,ise
456,ancak,50724,76.856,Adv,1,ancak
457,kanmak,50383,76.885,Verb,1,kan
458,hızlı,50341,76.914,Verb,1,hızlı
459,n,50200,76.943,Noun,1,n
460,acı,49993,76.972,Noun,1,acı
461,takip,49823,77.0,Noun,1,takip
462,tabi,49659,77.029,Interj,1,tabi
463,sağlamak,49621,77.058,Verb,1,sağlamak
464,henüz,49593,77.086,Adv,1,henüz
465,mükemmel,49481,77.114,Verb,1,mükemmel
466,etraf,49356,77.143,Noun,1,etrafta
467,gizli,49344,77.171,Noun,1,gizli
468,tür,49182,77.199,Noun,1,tür
469,dans,48976,77.228,Noun,1,dans
470,seks,48762,77.256,Noun,1,seks
471,sıra,48705,77.284,Noun,1,sırada
472,kahretmek,48583,77.312,Verb,1,kahretsin
473,sonuç,48579,77.34,Noun,1,sonuçta
474,boş,48534,77.367,Verb,1,boş
475,varmak,48418,77.395,Verb,1,varmış
476,endişelenmek,48107,77.423,Verb,1,endişelenme
477,deli,47997,77.451,Noun,1,deli
478,yarmak,47942,77.478,Verb,1,yaramaz
479,uyumak,47903,77.506,Verb,1,uyu
480,hoşlanmak,47875,77.533,Verb,1,hoşlanıyorum
481,üzere,47132,77.56,Verb,1,üzere
482,eğlence,47004,77.587,Noun,1,eğlenceli
483,satmak,46689,77.614,Verb,1,satmak
484,neredeyse,46682,77.641,Adv,1,neredeyse
485,ak,46674,77.668,Noun,1,aklıma
486,muhtemelen,46637,77.695,Adv,1,muhtemelen
487,acele,46626,77.721,Noun,1,acele
488,dek,46547,77.748,Noun,1,dek
489,garip,46452,77.775,Verb,1,garip
490,şaka,46413,77.801,Noun,1,şaka
491,yukarı,46380,77.828,Noun,1,yukarı
492,ikinci,46343,77.855,Num,1,ikinci
493,herhangi,45758,77.881,Adj,1,herhangi
494,yeniden,45661,77.907,Adv,1,yeniden
495,doğu,45591,77.934,Noun,1,doğum
496,bin,45576,77.96,Verb,1,bin
497,katılmak,45554,77.986,Verb,1,katılıyorum
498,vay,45476,78.012,Interj,1,vay
499,neden,45368,78.038,Noun,1,nedeni
500,zarar,45343,78.064,Noun,1,zarar
501,şura,45294,78.09,Noun,1,şuraya
502,asker,45223,78.116,Noun,1,asker
503,evlât,45136,78.142,Noun,1,evlat
504,güvenlik,44932,78.168,Noun,1,güvenlik
505,komik,44897,78.194,Verb,1,komik
506,katil,44368,78.219,Noun,1,katil
507,kulak,44344,78.245,Noun,1,kulak
508,mesaj,44283,78.27,Noun,1,mesaj
509,giymek,44212,78.296,Verb,1,giy
510,dolu,44201,78.321,Verb,1,dolu
511,saymak,44023,78.346,Verb,1,sayılmaz
512,ilişki,43882,78.372,Noun,1,ilişki
513,john,43311,78.397,Noun,1,john
514,jack,43136,78.421,Noun,1,jack
515,er,43004,78.446,Verb,1,erken
516,kat,42976,78.471,Noun,1,kat
517,ülke,42734,78.495,Noun,1,ülke
518,seçmek,42721,78.52,Verb,1,seç
519,çağırmak,42389,78.544,Verb,1,çağır
520,alo,42333,78.569,Interj,1,alo
521,ait,42322,78.593,Verb,1,ait
522,şirket,42288,78.617,Noun,1,şirket
523,bölge,42268,78.642,Noun,1,bölge
524,hastane,42247,78.666,Noun,1,hastaneye
525,kayıt,42241,78.69,Noun,1,kayıt
526,uymak,42232,78.714,Verb,1,uyan
527,çeviri,42195,78.739,Noun,1,çeviri
528,emir,42087,78.763,Noun,1,emir
529,sürümek,41993,78.787,Verb,1,sürü
530,galiba,41952,78.811,Adv,1,galiba
531,yak,41923,78.835,Noun,1,yakında
532,yüksek,41832,78.859,Noun,1,yüksek
533,normal,41694,78.883,Noun,1,normal
534,memnun,41621,78.907,Adv,1,memnun
535,kısa,41583,78.931,Adv,1,kısa
536,patron,41478,78.955,Noun,1,patron
537,uygun,41453,78.979,Verb,1,uygun
538,ta,41360,79.003,Verb,1,ta
539,has,41339,79.026,Verb,1,hasta
540,yarı,41263,79.05,Noun,1,yarısı
541,sevinmek,41259,79.074,Verb,1,sevindim
542,ruh,40898,79.097,Noun,1,ruh
543,kral,40862,79.121,Noun,1,kral
544,geçmiş,40629,79.144,Noun,1,geçmiş
545,durdurmak,40512,79.167,Verb,1,durdur
546,amerika,40406,79.191,Noun,1,amerika
547,çene,40313,79.214,Noun,1,çeneni
548,tahmin,39964,79.237,Noun,1,tahmin
549,kesin,39719,79.26,Adj,1,kesin
550,dert,39712,79.282,Noun,1,dert
551,ağız,39676,79.305,Noun,1,ağzını
552,başarmak,39603,79.328,Verb,1,başardık
553,hatta,39576,79.351,Adv,1,hatta
554,kusur,39519,79.373,Noun,1,kusura
555,değmek,39393,79.396,Verb,1,değer
556,içki,39089,79.419,Noun,1,içki
557,peşin,39082,79.441,Verb,1,peşinde
558,ana,38517,79.463,Noun,1,ana
559,bağ,38353,79.485,Noun,1,bağlı
560,acaba,38352,79.507,Adv,1,acaba
561,sürekli,38211,79.529,Adj,1,sürekli
562,uçak,38174,79.551,Noun,1,uçak
563,fotoğraf,38149,79.573,Noun,1,fotoğraf
564,sır,38142,79.595,Noun,1,sıra
565,tuhaf,37996,79.617,Verb,1,tuhaf
566,kapmak,37916,79.639,Verb,1,kapa
567,yem,37859,79.66,Noun,1,yemin
568,teklif,37728,79.682,Noun,1,teklif
569,terk,37674,79.704,Noun,1,terk
570,buluşmak,37488,79.725,Verb,1,buluşma
571,merkez,37484,79.747,Noun,1,merkezi
572,müzik,37313,79.768,Noun,1,müzik
573,beyaz,37183,79.79,Noun,1,beyaz
574,kurban,36990,79.811,Noun,1,kurban
575,kol,36981,79.832,Noun,1,kol
576,korkunç,36973,79.853,Verb,1,korkunç
577,patlamak,36926,79.875,Verb,1,patlama
578,duygu,36800,79.896,Noun,1,duygusal
579,yeterince,36778,79.917,Adv,1,yeterince
580,kurtulmak,36773,79.938,Verb,1,kurtulmak
581,ceset,36733,79.959,Noun,1,ceset
582,sistem,36685,79.98,Noun,1,sistemi
583,milyon,36572,80.001,Noun,1,milyon
584,kaldırmak,36515,80.022,Verb,1,kaldır
585,değer,36467,80.043,Noun,1,değerli
586,mümkün,36350,80.064,Verb,1,mümkün
587,günaydın,36316,80.085,Interj,1,günaydın
588,kaybolmak,36295,80.106,Verb,1,kayboldu
589,sokak,36292,80.127,Noun,1,sokak
590,nokta,36218,80.148,Noun,1,nokta
591,şüphe,36140,80.168,Noun,1,şüpheli
592,yavaş,36090,80.189,Adj,1,yavaş
593,sıcak,35957,80.21,Noun,1,sıcak
594,bell,35865,80.23,Noun,1,belli
595,takmak,35792,80.251,Verb,1,tak
596,büyümek,35696,80.272,Verb,1,büyü
597,sessiz,35646,80.292,Noun,1,sessiz
598,aynen,35633,80.313,Adv,1,aynen
599,masa,35594,80.333,Noun,1,masa
600,yıldız,35556,80.353,Noun,1,yıldız
601,gemi,35208,80.374,Noun,1,gemisi
602,ajan,35172,80.394,Noun,1,ajan
603,çıkma,35169,80.414,Noun,1,çıkma
604,berbat,35168,80.434,Verb,1,berbat
605,ulaşmak,35168,80.455,Verb,1,ulaşmak
606,ofis,35147,80.475,Noun,1,ofisi
607,karışmak,35125,80.495,Verb,1,karıştı
608,ker,35054,80.515,Noun,1,kere
609,new,35050,80.535,Noun,1,new
610,bok,35002,80.555,Noun,1,bok
611,gecelemek,34742,80.575,Verb,1,geceler
612,arad,34722,80.595,Noun,1,aradı
613,ışık,34716,80.615,Noun,1,ışık
614,hayvan,34606,80.635,Noun,1,hayvan
615,kahve,34597,80.655,Noun,1,kahve
616,sam,34557,80.675,Noun,1,sam
617,kural,34348,80.695,Noun,1,kuralları
618,avukat,34206,80.714,Noun,1,avukat
619,kayıp,34198,80.734,Noun,1,kayıp
620,dikkatli,34196,80.754,Adv,1,dikkatli
621,ortak,34094,80.773,Noun,1,ortak
622,temiz,34089,80.793,Verb,1,temiz
623,pislik,34029,80.812,Noun,1,pislik
624,kızmak,34003,80.832,Verb,1,kıza
625,açıklamak,33986,80.851,Verb,1,açıklama
626,zamanlamak,33745,80.871,Verb,1,zamanlar
627,taş,33524,80.89,Noun,1,taş
628,millet,33366,80.909,Noun,1,millet
629,şöyle,33356,80.928,Adv,1,şöyle
630,koşmak,33296,80.948,Verb,1,koş
631,sensin,33196,80.967,Noun,1,sensin
632,sahib,33185,80.986,Noun,1,sahibi
633,anahtar,33087,81.005,Noun,1,anahtarı
634,parmak,33066,81.024,Noun,1,parmak
635,balık,33029,81.043,Noun,1,balık
636,do,32973,81.062,Noun,1,domuz
637,hediye,32919,81.081,Noun,1,hediye
638,âşık,32801,81.1,Noun,1,aşık
639,dalga,32737,81.118,Noun,1,dalga
640,nefes,32728,81.137,Noun,1,nefes
641,sokmak,32462,81.156,Verb,1,sok
642,ayak,32402,81.174,Noun,1,ayak
643,saklamak,31956,81.193,Verb,1,saklamak
644,hazırlamak,31900,81.211,Verb,1,hazırla
645,doğmak,31825,81.229,Verb,1,doğa
646,noel,31812,81.248,Noun,1,noel
647,dokunmak,31759,81.266,Verb,1,dokunma
648,taşımak,31529,81.284,Verb,1,taşıyor
649,bırak,31470,81.302,Noun,1,bırakın
650,hapis,31407,81.32,Noun,1,hapse
651,suçlu,31394,81.338,Noun,1,suçlu
652,çevirmek,31236,81.356,Verb,1,çeviren
653,çift,31213,81.374,Noun,1,çift
654,umur,31189,81.392,Noun,1,umurumda
655,cehennem,31170,81.41,Noun,1,cehenneme
656,şark,31157,81.428,Noun,1,şarkı
657,yaramak,31075,81.446,Verb,1,yarıyor
658,oyun,31033,81.464,Noun,1,oyuncu
659,yaklaşmak,31032,81.481,Verb,1,yaklaşıyor
660,dair,30927,81.499,Postp,1,dair
661,say,30917,81.517,Noun,1,sayın
662,çoğu,30836,81.535,Pron,1,çoğu
663,park,30808,81.552,Noun,1,park
664,araştırmak,30767,81.57,Verb,1,araştırma
665,sınıf,30743,81.588,Noun,1,sınıf
666,kaza,30710,81.606,Noun,1,kazandım
667,özlemek,30562,81.623,Verb,1,özledim
668,ummak,30488,81.641,Verb,1,um
669,imkân,30455,81.658,Noun,1,imkansız
670,tarih,30388,81.676,Noun,1,tarih
671,michael,30322,81.693,Noun,1,michael
672,asıl,30305,81.71,Adj,1,asıl
673,charlie,30237,81.728,Noun,1,charlie
674,kısım,30235,81.745,Noun,1,kısmı
675,başarı,30233,81.763,Noun,1,başarılı
676,allah,30227,81.78,Noun,1,allah
677,pardo,30197,81.797,Noun,1,pardon
678,bayılmak,30194,81.815,Verb,1,bayılıyorum
679,kurmak,30193,81.832,Verb,1,kurmak
680,rüya,30122,81.849,Noun,1,rüya
681,vücut,30107,81.867,Noun,1,vücut
682,saç,30069,81.884,Noun,1,saçlı
683,keşke,30010,81.901,Interj,1,keşke
684,yaşam,29962,81.918,Noun,1,yaşam
685,kart,29865,81.936,Noun,1,kartı
686,güneş,29861,81.953,Noun,1,güneş
687,yetenek,29861,81.97,Noun,1,yetenekli
688,saygı,29665,81.987,Noun,1,saygı
689,etkilemek,29663,82.004,Verb,1,etkileyici
690,kutu,29630,82.021,Noun,1,kutu
691,saldırı,29587,82.038,Noun,1,saldırı
692,tak,29506,82.055,Noun,1,takım
693,basit,29455,82.072,Verb,1,basit
694,kan,29436,82.089,Noun,1,kanı
695,sağolmak,29379,82.106,Verb,1,sağol
696,sol,29353,82.123,Noun,1,sol
697,is,29346,82.139,Noun,1,isim
698,öğle,29186,82.156,Noun,1,öğle
699,dedektif,29128,82.173,Noun,1,dedektif
700,kıç,29077,82.19,Noun,1,kıçını
701,the,29046,82.206,Noun,1,the
702,yeterli,28991,82.223,Verb,1,yeterli
703,adamak,28986,82.24,Verb,1,adama
704,muhteşem,28976,82.256,Verb,1,muhteşem
705,bağlantı,28838,82.273,Noun,1,bağlantı
706,herhâlde,28817,82.29,Adv,1,herhalde
707,suçlamak,28812,82.306,Verb,1,suçlama
708,program,28725,82.323,Noun,1,programı
709,derece,28649,82.339,Noun,1,derece
710,fırsat,28522,82.355,Noun,1,fırsat
711,ifade,28518,82.372,Noun,1,ifade
712,yakmak,28451,82.388,Verb,1,yak
713,mektup,28415,82.405,Noun,1,mektup
714,görünüş,28413,82.421,Noun,1,görünüşe
715,yolcu,28366,82.437,Noun,1,yolculuk
716,hale,28346,82.454,Noun,1,hale
717,otel,28322,82.47,Noun,1,otel
718,dayanmak,28295,82.486,Verb,1,dayan
719,ağlamak,28209,82.502,Verb,1,ağlama
720,şaşırmak,28181,82.518,Verb,1,şaşırtıcı
721,saçma,28167,82.535,Noun,1,saçma
722,güven,28118,82.551,Noun,1,güvenli
723,donmak,28079,82.567,Verb,1,don
724,yaratmak,28079,82.583,Verb,1,yaratıcı
725,sinir,28078,82.599,Verb,1,sinir
726,ilâç,27969,82.615,Noun,1,ilaç
727,karanlık,27918,82.631,Noun,1,karanlık
728,ün,27913,82.647,Noun,1,ünlü
729,york,27840,82.663,Noun,1,york
730,kavga,27825,82.679,Noun,1,kavga
731,ner,27711,82.695,Verb,1,nerde
732,izin,27645,82.711,Noun,1,İzninizle
733,ayağ,27616,82.727,Noun,1,ayağa
734,frank,27590,82.743,Noun,1,frank
735,ufak,27481,82.759,Adj,1,ufak
736,ağır,27453,82.775,Noun,1,ağır
737,dürüst,27357,82.79,Noun,1,dürüst
738,çanta,27357,82.806,Noun,1,çanta
739,belâ,27274,82.822,Noun,1,bela
740,kamera,27222,82.837,Noun,1,kamera
741,yedi,27145,82.853,Noun,1,yedi
742,amca,27111,82.869,Noun,1,amca
743,kanıt,27082,82.884,Noun,1,kanıt
744,şef,27067,82.9,Noun,1,şef
745,ilginç,26937,82.915,Adj,1,ilginç
746,cidden,26930,82.931,Adv,1,cidden
747,düşman,26515,82.946,Noun,1,düşman
748,gayet,26429,82.961,Adv,1,gayet
749,yıldır,26425,82.976,Noun,1,yıldır
750,zavallı,26397,82.991,Noun,1,zavallı
751,toplantı,26390,83.007,Noun,1,toplantı
752,birçok,26365,83.022,Det,1,birçok
753,duvar,26334,83.037,Noun,1,duvara
754,çözmek,26329,83.052,Verb,1,çözmek
755,elemek,26320,83.067,Verb,1,ele
756,yollamak,26319,83.082,Verb,1,yolla
757,tıpkı,26189,83.097,Adv,1,tıpkı
758,soğuk,26176,83.112,Noun,1,soğuk
759,rapor,26140,83.127,Noun,1,rapor
760,defa,26029,83.142,Noun,1,defa
761,mal,26003,83.157,Noun,1,mal
762,karı,25960,83.172,Noun,1,karısı
763,acil,25898,83.187,Adj,1,acil
764,george,25849,83.202,Noun,1,george
765,uyanmak,25786,83.217,Verb,1,uyandım
766,oluşmak,25724,83.232,Verb,1,oluşan
767,çılgın,25662,83.246,Noun,1,çılgın
768,güve,25594,83.261,Noun,1,güvende
769,ileri,25590,83.276,Noun,1,ileri
770,elbise,25537,83.29,Noun,1,elbise
771,ordu,25515,83.305,Noun,1,ordu
772,kırmak,25513,83.32,Verb,1,kırılmış
773,gurur,25474,83.334,Noun,1,gurur
774,yerinde,25468,83.349,Adj,1,yerinde
775,halk,25389,83.364,Noun,1,halk
776,zeki,25385,83.378,Verb,1,zeki
777,şeref,25370,83.393,Noun,1,şerefe
778,döner,25360,83.407,Verb,1,dönerim
779,amaç,25355,83.422,Noun,1,amacı
780,yumak,25302,83.437,Verb,1,yu
781,tom,25224,83.451,Noun,1,tom
782,eşya,25176,83.466,Noun,1,eşyalarını
783,bilgisayar,25094,83.48,Noun,1,bilgisayar
784,uçmak,25071,83.494,Verb,1,uçan
785,bina,25035,83.509,Noun,1,bina
786,fena,25016,83.523,Adj,1,fena
787,ceza,24966,83.537,Noun,1,ceza
788,bacak,24938,83.552,Noun,1,bacaklarını
789,geçer,24897,83.566,Verb,1,geçerli
790,bölüm,24724,83.58,Noun,1,bölümü
791,davet,24703,83.595,Noun,1,davet
792,joe,24676,83.609,Noun,1,joe
793,beğenmek,24664,83.623,Verb,1,beğendim
794,ihtimal,24597,83.637,Noun,1,ihtimalle
795,üzülmek,24539,83.651,Verb,1,üzüldüm
796,kaynak,24516,83.665,Noun,1,kaynağı
797,mike,24505,83.679,Noun,1,mike
798,satı,24456,83.693,Noun,1,satın
799,toplamak,24436,83.707,Verb,1,toplamak
800,evlilik,24432,83.721,Noun,1,evlilik
801,dönme,24431,83.736,Noun,1,dönme
802,alman,24428,83.75,Noun,1,alman
803,uğramak,24428,83.764,Verb,1,uğradım
804,üniversite,24416,83.778,Noun,1,üniversite
805,korkutmak,24409,83.792,Verb,1,korkutucu
806,peter,24394,83.806,Noun,1,peter
807,zevk,24394,83.82,Noun,1,zevk
808,ayarlamak,24345,83.834,Verb,1,ayarladım
809,takılmak,24326,83.848,Verb,1,takılmak
810,tercih,24323,83.862,Noun,1,tercih
811,bağlamak,24269,83.876,Verb,1,bağla
812,özellikle,24239,83.89,Adv,1,özellikle
813,sıkmak,24165,83.903,Verb,1,sıkıcı
814,yanmak,24158,83.917,Verb,1,yanıyor
815,problem,24110,83.931,Noun,1,problem
816,dava,23994,83.945,Noun,1,davayı
817,uzay,23990,83.959,Noun,1,uzay
818,rağmen,23960,83.973,Postp,1,rağmen
819,risk,23953,83.986,Noun,1,riske
820,kuş,23924,84.0,Noun,1,kuş
821,sıkı,23889,84.014,Verb,1,sıkı
822,david,23882,84.028,Noun,1,david
823,test,23817,84.041,Noun,1,test
824,umut,23811,84.055,Noun,1,umut
825,hesap,23744,84.069,Noun,1,hesap
826,yön,23738,84.082,Noun,1,yöne
827,uyuşturmak,23736,84.096,Adj,1,uyuşturucu
828,uğraşmak,23731,84.11,Verb,1,uğraşıyorum
829,mantık,23730,84.123,Noun,1,mantıklı
830,çal,23611,84.137,Verb,1,çaldı
831,hedef,23586,84.15,Noun,1,hedef
832,daire,23564,84.164,Noun,1,daire
833,liste,23528,84.177,Noun,1,listesi
834,hastalık,23521,84.191,Noun,1,hastalık
835,lan,23493,84.204,Interj,1,lan
836,etki,23491,84.218,Noun,1,etkisi
837,ağaç,23409,84.231,Noun,1,ağaç
838,meşgul,23368,84.245,Verb,1,meşgul
839,dolay,23349,84.258,Noun,1,dolayı
840,tebrik,23225,84.272,Noun,1,tebrikler
841,his,23197,84.285,Noun,1,his
842,öğrenci,23184,84.298,Noun,1,öğrenci
843,olası,23136,84.312,Adj,1,olası
844,şeytan,23131,84.325,Noun,1,şeytan
845,iğrenç,23127,84.338,Verb,1,iğrenç
846,ziyaret,23094,84.351,Noun,1,ziyaret
847,heyecan,23091,84.365,Noun,1,heyecan
848,s,23075,84.378,Noun,1,s
849,kara,23014,84.391,Noun,1,kara
850,bira,22991,84.404,Noun,1,bira
851,ekip,22953,84.418,Noun,1,ekibi
852,bölü,22944,84.431,Noun,1,bölüm
853,maç,22915,84.444,Noun,1,maç
854,buyurmak,22869,84.457,Verb,1,buyurun
855,süper,22865,84.47,Verb,1,süper
856,şeker,22864,84.483,Noun,1,şeker
857,takım,22851,84.497,Noun,1,takımı
858,susmak,22795,84.51,Verb,1,sus
859,od,22772,84.523,Noun,1,oda
860,destek,22721,84.536,Noun,1,destek
861,sert,22715,84.549,Verb,1,sert
862,ters,22681,84.562,Noun,1,ters
863,kaz,22646,84.575,Noun,1,kaza
864,sanat,22629,84.588,Noun,1,sanat
865,kırmız,22586,84.601,Noun,1,kırmızı
866,canlı,22548,84.614,Adj,1,canlı
867,deri,22526,84.627,Noun,1,derim
868,tren,22507,84.64,Noun,1,tren
869,harcamak,22462,84.653,Verb,1,harcadım
870,müşteri,22445,84.666,Noun,1,müşteri
871,cep,22404,84.678,Noun,1,cep
872,gem,22403,84.691,Noun,1,gemi
873,paul,22401,84.704,Noun,1,paul
874,memur,22401,84.717,Noun,1,memur
875,gazete,22373,84.73,Noun,1,gazete
876,korku,22351,84.743,Noun,1,korku
877,banka,22334,84.756,Noun,1,banka
878,dosya,22305,84.768,Noun,1,dosya
879,basmak,22252,84.781,Verb,1,bas
880,alaka,22238,84.794,Noun,1,alakası
881,sand,22228,84.807,Noun,1,sandım
882,gösteri,22187,84.82,Noun,1,gösteri
883,hanımefendi,22171,84.832,Noun,1,hanımefendi
884,tat,22165,84.845,Noun,1,tadını
885,borç,22163,84.858,Noun,1,borç
886,tedavi,22087,84.87,Noun,1,tedavi
887,bazı,22029,84.883,Pron,1,bazıları
888,kulüp,22012,84.896,Noun,1,kulübü
889,çıkartmak,22007,84.908,Verb,1,çıkart
890,çiçek,21976,84.921,Noun,1,çiçek
891,saçmalık,21946,84.934,Noun,1,saçmalık
892,sarhoş,21941,84.946,Verb,1,sarhoş
893,kenar,21938,84.959,Noun,1,kenara
894,ayakkabı,21856,84.971,Noun,1,ayakkabı
895,yiyecek,21853,84.984,Noun,1,yiyecek
896,teslim,21828,84.997,Interj,1,teslim
897,çeşit,21796,85.009,Adj,1,çeşit
898,kimlik,21777,85.022,Noun,1,kimlik
899,saye,21774,85.034,Noun,1,sayesinde
900,yaban,21733,85.047,Noun,1,yabancı
901,hasta,21728,85.059,Noun,1,hastası
902,kedi,21693,85.072,Noun,1,kedi
903,tuvalet,21637,85.084,Noun,1,tuvalete
904,renk,21637,85.096,Noun,1,renk
905,sahne,21603,85.109,Noun,1,sahne
906,kelime,21583,85.121,Noun,1,kelimeler
907,günlemek,21539,85.134,Verb,1,günler
908,salak,21502,85.146,Verb,1,salak
909,derin,21454,85.158,Noun,1,derin
910,defolmak,21444,85.171,Verb,1,defol
911,not,21436,85.183,Noun,1,not
912,tanık,21372,85.195,Noun,1,tanık
913,siyah,21309,85.208,Noun,1,siyah
914,buymak,21276,85.22,Verb,1,buydu
915,bakay,21163,85.232,Noun,1,bakayım
916,kahraman,21151,85.244,Noun,1,kahraman
917,sık,21141,85.256,Adv,1,sık
918,eğlenmek,21136,85.268,Verb,1,eğlenmek
919,indirmek,21128,85.281,Verb,1,indir
920,art,21119,85.293,Noun,1,ardından
921,kâğıt,21034,85.305,Noun,1,kağıt
922,temizlemek,21029,85.317,Verb,1,temizlemek
923,işaret,21022,85.329,Noun,1,işaret
924,örnek,21015,85.341,Noun,1,örnek
925,beyin,21001,85.353,Noun,1,beynini
926,grup,20915,85.365,Noun,1,grup
927,öğretmek,20909,85.377,Verb,1,öğretti
928,kurt,20880,85.389,Noun,1,kurt
929,kıyafet,20867,85.401,Noun,1,kıyafet
930,gezegen,20841,85.413,Noun,1,gezegen
931,dav,20786,85.425,Noun,1,dava
932,orospu,20763,85.437,Noun,1,orospu
933,kuzey,20760,85.449,Noun,1,kuzey
934,üye,20656,85.461,Noun,1,üyesi
935,meselâ,20578,85.473,Adv,1,mesela
936,öğretmen,20570,85.484,Noun,1,öğretmen
937,abi,20554,85.496,Noun,1,abi
938,seçenek,20539,85.508,Noun,1,seçenek
939,orman,20498,85.52,Noun,1,ormanda
940,hırsız,20451,85.532,Noun,1,hırsız
941,ameliyat,20449,85.543,Noun,1,ameliyat
942,evli,20443,85.555,Verb,1,evli
943,kor,20421,85.567,Verb,1,koruma
944,kalın,20358,85.579,Adj,1,kalın
945,kırık,20338,85.59,Noun,1,kırıklığına
946,planlamak,20286,85.602,Verb,1,planlar
947,savaşmak,20279,85.614,Verb,1,savaşmak
948,ikna,20227,85.625,Noun,1,ikna
949,randevu,20213,85.637,Noun,1,randevu
950,güney,20200,85.648,Noun,1,güney
951,tehdit,20163,85.66,Noun,1,tehdit
952,buz,20137,85.672,Noun,1,buz
953,yarışmak,20086,85.683,Noun,1,yarış
954,yarım,20069,85.695,Adj,1,yarım
955,uyku,20040,85.706,Noun,1,uyku
956,sekiz,20013,85.718,Noun,1,sekiz
957,etmen,19951,85.729,Noun,1,etmen
958,tarz,19950,85.741,Noun,1,tarz
959,dua,19939,85.752,Noun,1,dua
960,kasaba,19922,85.764,Noun,1,kasabada
961,henry,19885,85.775,Noun,1,henry
962,sağlık,19881,85.786,Noun,1,sağlık
963,serbest,19861,85.798,Verb,1,serbest
964,general,19829,85.809,Noun,1,general
965,canavar,19798,85.821,Noun,1,canavar
966,televizyon,19728,85.832,Noun,1,televizyon
967,yazık,19698,85.843,Adv,1,yazık
968,itiraf,19688,85.855,Noun,1,itiraf
969,üçüncü,19667,85.866,Noun,1,üçüncü
970,dükkân,19616,85.877,Noun,1,dükkanı
971,diş,19606,85.888,Noun,1,diş
972,kalan,19601,85.9,Noun,1,kalanını
973,benimki,19591,85.911,Noun,1,benimki
974,şarkı,19574,85.922,Noun,1,şarkıyı
975,eğitim,19563,85.934,Noun,1,eğitim
976,max,19496,85.945,Noun,1,max
977,üzer,19482,85.956,Noun,1,üzerime
978,dönüşmek,19459,85.967,Verb,1,dönüş
979,makine,19441,85.978,Noun,1,makinesi
980,sımak,19407,85.989,Verb,1,sır
981,toprak,19393,86.001,Noun,1,toprak
982,birinci,19362,86.012,Noun,1,birinci
983,yarar,19359,86.023,Adj,1,yarar
984,han,19301,86.034,Noun,1,hanım
985,şarap,19299,86.045,Noun,1,şarap
986,pazar,19266,86.056,Noun,1,pazar
987,hizmet,19261,86.067,Noun,1,hizmet
988,bahis,19255,86.078,Noun,1,bahse
989,delik,19227,86.089,Noun,1,delik
990,sevgi,19224,86.1,Noun,1,sevgi
991,gidermek,19197,86.111,Verb,1,giderse
992,hiçbiri,19184,86.122,Pron,1,hiçbiri
993,hamil,19165,86.133,Verb,1,hamile
994,zeng,19164,86.144,Noun,1,zengin
995,aferin,18978,86.155,Interj,1,aferin
996,endişe,18938,86.166,Noun,1,endişe
997,sürpriz,18887,86.177,Noun,1,sürpriz
998,ekmek,18854,86.188,Noun,1,ekip
999,sever,18794,86.199,Verb,1,severim
1000,bor,18733,86.21,Noun,1,borcu
1001,kelim,18726,86.22,Noun,1,kelime
1002,mahvetmek,18675,86.231,Verb,1,mahvettin
1003,tan,18653,86.242,Noun,1,tan
1004,dâhil,18619,86.252,Adv,1,dahil
1005,ilerlemek,18580,86.263,Verb,1,ilerliyor
1006,steve,18510,86.274,Noun,1,steve
1007,koku,18476,86.284,Noun,1,kokusu
1008,mavi,18470,86.295,Noun,1,mavi
1009,kızgın,18450,86.306,Verb,1,kızgın
1010,niçin,18447,86.316,Adv,1,niçin
1011,düşünce,18217,86.327,Noun,1,düşüncesi
1012,çay,18214,86.337,Noun,1,çay
1013,bar,18188,86.348,Noun,1,bar
1014,öte,18184,86.358,Noun,1,öte
1015,ödül,18158,86.369,Noun,1,ödül
1016,saldırmak,18117,86.379,Verb,1,saldırdı
1017,özgür,18080,86.389,Verb,1,özgür
1018,sorumlu,18005,86.4,Verb,1,sorumlu
1019,dolaşmak,17987,86.41,Verb,1,dolaşıyor
1020,ahbap,17980,86.42,Interj,1,ahbap
1021,yaklaşık,17974,86.431,Adj,1,yaklaşık
1022,cesaret,17939,86.441,Noun,1,cesaret
1023,sarmak,17931,86.451,Verb,1,sarışın
1024,danny,17895,86.462,Noun,1,danny
1025,yıllamak,17895,86.472,Verb,1,yıllar
1026,hayalet,17886,86.482,Noun,1,hayalet
1027,tartışmak,17850,86.492,Verb,1,tartışma
1028,servis,17835,86.503,Noun,1,servis
1029,kimi,17807,86.513,Pron,1,kimi
1030,aşırı,17800,86.523,Adj,1,aşırı
1031,rica,17767,86.533,Noun,1,rica
1032,rol,17737,86.544,Noun,1,rol
1033,sigar,17684,86.554,Noun,1,sigara
1034,na,17672,86.564,Noun,1,na
1035,bağırmak,17653,86.574,Verb,1,bağırma
1036,ray,17644,86.584,Noun,1,ray
1037,yağmur,17642,86.594,Noun,1,yağmur
1038,adres,17629,86.604,Noun,1,adresi
1039,şükür,17615,86.615,Noun,1,şükür
1040,lise,17565,86.625,Noun,1,lise
1041,yüzbaşı,17541,86.635,Noun,1,yüzbaşı
1042,jimmy,17538,86.645,Noun,1,jimmy
1043,sunmak,17537,86.655,Verb,1,sun
1044,bilet,17524,86.665,Noun,1,bilet
1045,salon,17512,86.675,Noun,1,salonu
1046,yo,17456,86.685,Interj,1,yo
1047,laf,17455,86.695,Noun,1,laf
1048,huzur,17449,86.705,Noun,1,huzur
1049,kanıtlamak,17440,86.715,Verb,1,kanıtlar
1050,dilemek,17426,86.725,Verb,1,dilemek
1051,kokmak,17420,86.735,Verb,1,kokuyor
1052,isa,17389,86.745,Noun,1,İsa
1053,alex,17339,86.755,Noun,1,alex
1054,tavsiye,17326,86.765,Noun,1,tavsiye
1055,yanılmak,17317,86.775,Verb,1,yanılıyorsun
1056,ayırmak,17304,86.785,Verb,1,ayırma
1057,kapalı,17254,86.795,Verb,1,kapalı
1058,alınmak,17246,86.805,Verb,1,alınan
1059,piç,17239,86.815,Noun,1,piç
1060,james,17230,86.825,Noun,1,james
1061,tip,17206,86.835,Noun,1,tip
1062,atamak,17180,86.844,Verb,1,atıyor
1063,sarah,17160,86.854,Noun,1,sarah
1064,sahte,17157,86.864,Adj,1,sahte
1065,dağ,17122,86.874,Noun,1,dağ
1066,grub,17118,86.884,Noun,1,grubu
1067,söylenmek,17100,86.894,Verb,1,söylendi
1068,dil,17097,86.904,Noun,1,dilini
1069,tony,17073,86.913,Noun,1,tony
1070,devlet,17047,86.923,Noun,1,devlet
1071,önceden,16973,86.933,Adv,1,önceden
1072,benzer,16946,86.943,Noun,1,benzer
1073,mary,16923,86.952,Noun,1,mary
1074,göğüs,16908,86.962,Noun,1,göğüs
1075,nick,16902,86.972,Noun,1,nick
1076,gözükmek,16892,86.981,Verb,1,gözüküyor
1077,birazdan,16851,86.991,Adv,1,birazdan
1078,bahçe,16828,87.001,Noun,1,bahçe
1079,sınır,16813,87.011,Noun,1,sınırı
1080,tatil,16812,87.02,Noun,1,tatil
1081,edip,16803,87.03,Noun,1,edip
1082,hani,16796,87.039,Adv,1,hani
1083,rahatlamak,16760,87.049,Verb,1,rahatla
1084,kişisel,16749,87.059,Adj,1,kişisel
1085,enerji,16681,87.068,Noun,1,enerji
1086,kutsal,16673,87.078,Adj,1,kutsal
1087,değişik,16660,87.088,Noun,1,değişiklik
1088,uç,16642,87.097,Noun,1,ucunda
1089,itmek,16614,87.107,Verb,1,it
1090,metre,16596,87.116,Noun,1,metre
1091,niyet,16552,87.126,Noun,1,niyetim
1092,kahrolası,16540,87.135,Adj,1,kahrolası
1093,surat,16535,87.145,Noun,1,surat
1094,harry,16532,87.154,Noun,1,harry
1095,kale,16529,87.164,Noun,1,kalem
1096,amerikan,16506,87.173,Adj,1,amerikan
1097,öpmek,16496,87.183,Verb,1,öp
1098,bayağı,16469,87.192,Adj,1,bayağı
1099,bıçak,16467,87.202,Noun,1,bıçak
1100,mahkeme,16449,87.211,Noun,1,mahkemeye
1101,burn,16438,87.221,Noun,1,burnunu
1102,vazgeçmek,16430,87.23,Verb,1,vazgeç
1103,köşe,16386,87.239,Noun,1,köşeye
1104,kader,16368,87.249,Noun,1,kader
1105,albay,16353,87.258,Noun,1,albay
1106,zayıf,16345,87.268,Noun,1,zayıf
1107,çarpmak,16301,87.277,Verb,1,çarptı
1108,alet,16288,87.286,Noun,1,alet
1109,nazik,16286,87.296,Verb,1,nazik
1110,mark,16270,87.305,Noun,1,mark
1111,mesele,16224,87.314,Noun,1,meselesi
1112,savunmak,16143,87.324,Verb,1,savunma
1113,majeste,16107,87.333,Noun,1,majesteleri
1114,lider,16088,87.342,Noun,1,lider
1115,jim,16069,87.351,Noun,1,jim
1116,istek,16059,87.361,Noun,1,isteği
1117,türlü,16047,87.37,Adj,1,türlü
1118,hükümet,16032,87.379,Noun,1,hükümet
1119,başlangıç,16024,87.388,Noun,1,başlangıç
1120,vurulmak,15991,87.397,Verb,1,vuruldu
1121,rahip,15971,87.407,Noun,1,rahip
1122,sırt,15960,87.416,Noun,1,sırt
1123,acımak,15905,87.425,Verb,1,acıyor
1124,nişan,15866,87.434,Noun,1,nişan
1125,akis,15839,87.443,Noun,1,aksi
1126,otobüs,15828,87.452,Noun,1,otobüs
1127,yargıç,15813,87.461,Noun,1,yargıç
1128,paris,15796,87.47,Noun,1,paris
1129,iptal,15744,87.48,Noun,1,iptal
1130,masum,15728,87.489,Noun,1,masum
1131,yazar,15681,87.498,Noun,1,yazar
1132,bob,15655,87.507,Noun,1,bob
1133,alan,15647,87.516,Noun,1,alanında
1134,ali,15616,87.525,Adv,1,alice
1135,atlamak,15612,87.534,Verb,1,atlayıp
1136,baştan,15579,87.542,Adv,1,baştan
1137,görüntü,15541,87.551,Noun,1,görüntü
1138,onur,15536,87.56,Noun,1,onur
1139,kamp,15531,87.569,Noun,1,kamp
1140,seyir,15493,87.578,Noun,1,seyirler
1141,motor,15462,87.587,Noun,1,motor
1142,düğmek,15457,87.596,Verb,1,düğün
1143,jane,15443,87.605,Noun,1,jane
1144,çare,15443,87.614,Noun,1,çaresine
1145,spor,15412,87.623,Noun,1,spor
1146,cam,15373,87.631,Noun,1,cam
1147,sıradan,15357,87.64,Adj,1,sıradan
1148,elektrik,15351,87.649,Noun,1,elektrik
1149,aynı,15349,87.658,Verb,1,aynısını
1150,kurşun,15348,87.667,Noun,1,kurşun
1151,peder,15337,87.676,Noun,1,peder
1152,anlaşma,15321,87.684,Noun,1,anlaşmayı
1153,şerif,15292,87.693,Noun,1,şerif
1154,çıkar,15286,87.702,Noun,1,çıkarın
1155,kemik,15283,87.711,Noun,1,kemik
1156,gelişmek,15282,87.719,Verb,1,gelişme
1157,pencere,15261,87.728,Noun,1,pencereden
1158,tanes,15236,87.737,Noun,1,tanesi
1159,hatır,15228,87.746,Noun,1,hatırla
1160,müthiş,15225,87.754,Verb,1,müthiş
1161,yapay,15211,87.763,Verb,1,yapayım
1162,bill,15208,87.772,Noun,1,bill
1163,köy,15198,87.781,Noun,1,köy
1164,günlük,15184,87.789,Noun,1,günlük
1165,düzgün,15182,87.798,Adj,1,düzgün
1166,d,15180,87.807,Noun,1,d
1167,kanun,15149,87.816,Noun,1,kanun
1168,sayı,15082,87.824,Noun,1,sayıda
1169,epey,15080,87.833,Adv,1,epey
1170,batı,15079,87.842,Noun,1,batı
1171,doğal,15076,87.85,Adj,1,doğal
1172,büyükanne,15063,87.859,Noun,1,büyükanne
1173,mesel,15051,87.868,Noun,1,mesele
1174,teğmen,15030,87.876,Noun,1,teğmen
1175,banyo,15028,87.885,Noun,1,banyo
1176,hapishane,15003,87.894,Noun,1,hapishane
1177,m,14987,87.902,Noun,1,m
1178,şimdilik,14974,87.911,Adv,1,şimdilik
1179,kuvvet,14964,87.919,Noun,1,kuvvetli
1180,şiddet,14959,87.928,Noun,1,şiddet
1181,fahişe,14941,87.937,Noun,1,fahişe
1182,gaz,14914,87.945,Noun,1,gaz
1183,pis,14897,87.954,Adj,1,pis
1184,açı,14881,87.962,Noun,1,açıdan
1185,mezar,14849,87.971,Noun,1,mezar
1186,profesör,14791,87.979,Noun,1,profesör
1187,uzman,14739,87.988,Noun,1,uzman
1188,mil,14716,87.996,Noun,1,mil
1189,ingiliz,14708,88.005,Noun,1,İngiliz
1190,zorlamak,14699,88.013,Verb,1,zorlama
1191,hariç,14692,88.022,Noun,1,hariç
1192,cennet,14678,88.03,Noun,1,cennet
1193,genelde,14675,88.038,Adv,1,genelde
1194,sahi,14670,88.047,Adv,1,sahi
1195,bili,14643,88.055,Noun,1,bilim
1196,kraliçe,14638,88.064,Noun,1,kraliçe
1197,yüzük,14635,88.072,Noun,1,yüzük
1198,akşamlamak,14603,88.08,Verb,1,akşamlar
1199,yorgun,14598,88.089,Verb,1,yorgun
1200,richard,14593,88.097,Noun,1,richard
1201,nehir,14542,88.106,Noun,1,nehir
1202,şişe,14503,88.114,Noun,1,şişe
1203,kahvaltı,14501,88.122,Noun,1,kahvaltı
1204,bul,14477,88.131,Verb,1,bulundu
1205,tuzak,14465,88.139,Noun,1,tuzak
1206,kuru,14446,88.147,Noun,1,kuru
1207,lee,14399,88.156,Noun,1,lee
1208,intihar,14354,88.164,Noun,1,intihar
1209,çöp,14332,88.172,Noun,1,çöp
1210,dinlenmek,14308,88.18,Verb,1,dinlen
1211,daniel,14288,88.188,Noun,1,daniel
1212,düşürmek,14273,88.197,Verb,1,düşürdü
1213,yâd,14248,88.205,Noun,1,yada
1214,yönetmek,14243,88.213,Verb,1,yönetici
1215,yakışıklı,14149,88.221,Verb,1,yakışıklı
1216,yumurta,14124,88.229,Noun,1,yumurta
1217,tekne,14123,88.237,Noun,1,tekne
1218,değillemek,14117,88.246,Verb,1,değiller
1219,mutfak,14116,88.254,Noun,1,mutfakta
1220,yeşil,14105,88.262,Noun,1,yeşil
1221,ryan,14074,88.27,Noun,1,ryan
1222,binmek,14065,88.278,Verb,1,binmek
1223,idare,14033,88.286,Noun,1,idare
1224,çekici,14029,88.294,Verb,1,çekici
1225,araç,14016,88.302,Noun,1,araç
1226,paylaşmak,14001,88.31,Verb,1,paylaşmak
1227,rüzgâr,13996,88.318,Noun,1,rüzgar
1228,sağlam,13963,88.326,Verb,1,sağlam
1229,cesur,13878,88.334,Verb,1,cesur
1230,çevre,13876,88.342,Noun,1,çevre
1231,billy,13852,88.35,Noun,1,billy
1232,sorumluluk,13842,88.358,Noun,1,sorumluluk
1233,cadı,13826,88.366,Noun,1,cadı
1234,çavuş,13815,88.374,Noun,1,çavuş
1235,emretmek,13814,88.382,Verb,1,emredersiniz
1236,çizgi,13798,88.39,Noun,1,çizgi
1237,engel,13775,88.398,Noun,1,engel
1238,günde,13767,88.406,Adv,1,günde
1239,londra,13746,88.414,Noun,1,londra
1240,iddia,13736,88.421,Noun,1,iddia
1241,yüce,13731,88.429,Adj,1,yüce
1242,davranış,13729,88.437,Noun,1,davranış
1243,bozmak,13728,88.445,Verb,1,bozucu
1244,söyler,13706,88.453,Noun,1,söylerim
1245,kör,13706,88.461,Noun,1,kör
1246,deneme,13665,88.469,Noun,1,deneme
1247,tommy,13655,88.477,Noun,1,tommy
1248,tavuk,13636,88.484,Noun,1,tavuk
1249,tamir,13635,88.492,Noun,1,tamir
1250,dövüşmek,13633,88.5,Verb,1,dövüş
1251,johnny,13619,88.508,Noun,1,johnny
1252,karışık,13606,88.516,Noun,1,karışık
1253,arar,13586,88.524,Noun,1,ararım
1254,kapanmak,13582,88.531,Verb,1,kapandı
1255,of,13528,88.539,Interj,1,of
1256,iletişim,13479,88.547,Noun,1,iletişim
1257,melek,13472,88.555,Noun,1,melek
1258,intikam,13393,88.562,Noun,1,intikam
1259,şapka,13368,88.57,Noun,1,şapka
1260,internet,13365,88.578,Noun,1,internet
1261,utanmak,13364,88.585,Verb,1,utanıyorum
1262,doldurmak,13350,88.593,Verb,1,doldur
1263,düzeltmek,13321,88.601,Verb,1,düzeltmek
1264,daima,13289,88.608,Adv,1,daima
1265,kira,13289,88.616,Noun,1,kira
1266,hoşçakal,13284,88.624,Interj,1,hoşçakal
1267,zehir,13252,88.631,Noun,1,zehir
1268,will,13210,88.639,Noun,1,will
1269,derhâl,13163,88.646,Adv,1,derhal
1270,seçi,13150,88.654,Noun,1,seçim
1271,adalet,13149,88.662,Noun,1,adalet
1272,birazcık,13144,88.669,Adv,1,birazcık
1273,taksi,13124,88.677,Noun,1,taksi
1274,adil,13108,88.684,Adj,1,adil
1275,cinsel,13106,88.692,Adj,1,cinsel
1276,meydan,13106,88.699,Noun,1,meydan
1277,kovmak,13106,88.707,Verb,1,kovuldun
1278,dolap,13103,88.714,Noun,1,dolapta
1279,tepe,13102,88.722,Noun,1,tepeden
1280,önermek,13058,88.729,Verb,1,öneririm
1281,girişmek,13030,88.737,Verb,1,giriş
1282,you,13019,88.744,Noun,1,you
1283,kutlamak,13015,88.752,Verb,1,kutlama
1284,şart,13015,88.759,Noun,1,şartlı
1285,üzmek,12995,88.767,Verb,1,üzücü
1286,sinyal,12987,88.774,Noun,1,sinyal
1287,kilit,12960,88.782,Noun,1,kilitli
1288,çin,12953,88.789,Noun,1,çin
1289,sırasında,12945,88.797,Adv,1,sırasında
1290,reddetmek,12887,88.804,Verb,1,reddetti
1291,kastetmek,12884,88.811,Verb,1,kastediyorsun
1292,kilise,12879,88.819,Noun,1,kiliseye
1293,mücadele,12849,88.826,Noun,1,mücadele
1294,yangın,12838,88.834,Noun,1,yangın
1295,bomb,12824,88.841,Noun,1,bomba
1296,yavru,12824,88.848,Noun,1,yavrum
1297,pişman,12819,88.856,Noun,1,pişman
1298,yaratık,12819,88.863,Noun,1,yaratık
1299,tecavüz,12792,88.87,Noun,1,tecavüz
1300,istasyon,12779,88.878,Noun,1,istasyonu
1301,yasa,12760,88.885,Noun,1,yasa
1302,yıkmak,12758,88.892,Verb,1,yıka
1303,köprü,12747,88.9,Noun,1,köprü
1304,dokuz,12727,88.907,Noun,1,dokuz
1305,madem,12716,88.914,Conj,1,madem
1306,jake,12687,88.922,Noun,1,jake
1307,kamyon,12687,88.929,Noun,1,kamyon
1308,yaralamak,12658,88.936,Verb,1,yaralandı
1309,tut,12654,88.944,Noun,1,tutun
1310,yenmek,12653,88.951,Verb,1,yen
1311,evren,12633,88.958,Noun,1,evrenin
1312,serseri,12620,88.965,Noun,1,serseri
1313,hücre,12619,88.973,Noun,1,hücre
1314,prenses,12618,88.98,Noun,1,prenses
1315,görüşme,12575,88.987,Noun,1,görüşmesi
1316,eksik,12570,88.994,Noun,1,eksik
1317,çıplak,12544,89.001,Noun,1,çıplak
1318,video,12512,89.009,Noun,1,video
1319,bask,12504,89.016,Noun,1,baskı
1320,takdir,12486,89.023,Noun,1,takdir
1321,bozuk,12473,89.03,Noun,1,bozuk
1322,ihanet,12469,89.037,Noun,1,ihanet
1323,ti,12438,89.045,Noun,1,tim
1324,koltuk,12435,89.052,Noun,1,koltuk
1325,minnettar,12411,89.059,Noun,1,minnettarım
1326,öfke,12404,89.066,Noun,1,öfke
1327,teknik,12399,89.073,Noun,1,teknik
1328,bas,12368,89.08,Noun,1,basın
1329,kriz,12368,89.087,Noun,1,krizi
1330,hayran,12368,89.094,Noun,1,hayran
1331,bakış,12333,89.101,Noun,1,bakış
1332,kıpırdamak,12328,89.109,Verb,1,kıpırdama
1333,dev,12321,89.116,Noun,1,dev
1334,soruşturmak,12313,89.123,Noun,1,soruşturma
1335,kilo,12299,89.13,Noun,1,kilo
1336,usta,12291,89.137,Noun,1,usta
1337,müdür,12257,89.144,Noun,1,müdürü
1338,beden,12257,89.151,Noun,1,bedeni
1339,gergin,12235,89.158,Verb,1,gergin
1340,kaba,12230,89.165,Verb,1,kaba
1341,temel,12219,89.172,Noun,1,temel
1342,b,12192,89.179,Noun,1,b
1343,marti,12181,89.186,Noun,1,martin
1344,sırf,12170,89.193,Adv,1,sırf
1345,resmen,12169,89.2,Adv,1,resmen
1346,chris,12145,89.207,Noun,1,chris
1347,koç,12131,89.214,Noun,1,koç
1348,günah,12123,89.221,Noun,1,günah
1349,yasak,12105,89.228,Verb,1,yasak
1350,incelemek,12089,89.235,Verb,1,inceleme
1351,gen,12087,89.242,Noun,1,gene
1352,uyarmak,12069,89.249,Verb,1,uyarıyorum
1353,delirmek,12033,89.256,Verb,1,delirdin
1354,kuzen,12020,89.263,Noun,1,kuzenim
1355,komşu,12019,89.27,Noun,1,komşu
1356,belge,11997,89.276,Noun,1,belgeleri
1357,şikayet,11992,89.283,Noun,1,şikayet
1358,yahudi,11984,89.29,Noun,1,yahudi
1359,yormak,11976,89.297,Verb,1,yoruldum
1360,operasyon,11965,89.304,Noun,1,operasyon
1361,dna,11945,89.311,Noun,1,dna
1362,robert,11914,89.318,Noun,1,robert
1363,uh,11903,89.325,Noun,1,uh
1364,bobby,11889,89.331,Noun,1,bobby
1365,gelir,11888,89.338,Noun,1,gelirim
1366,özgürlük,11883,89.345,Noun,1,özgürlük
1367,misafir,11883,89.352,Noun,1,misafir
1368,nihayet,11866,89.359,Adv,1,nihayet
1369,gözde,11863,89.365,Noun,1,gözden
1370,binlerce,11861,89.372,Adj,1,binlerce
1371,ot,11858,89.379,Noun,1,otuz
1372,aşmak,11857,89.386,Verb,1,aşama
1373,rus,11836,89.393,Noun,1,rus
1374,brian,11799,89.4,Noun,1,brian
1375,yana,11795,89.406,Postp,1,yana
1376,adım,11794,89.413,Noun,1,adımı
1377,hat,11793,89.42,Noun,1,hattı
1378,taşınmak,11783,89.427,Verb,1,taşınmak
1379,adams,11675,89.433,Noun,1,adamsın
1380,hız,11667,89.44,Noun,1,hız
1381,bardak,11663,89.447,Noun,1,bardak
1382,fransız,11651,89.453,Noun,1,fransız
1383,fizik,11648,89.46,Noun,1,fiziksel
1384,ok,11647,89.467,Noun,1,oku
1385,düzenlemek,11642,89.474,Verb,1,düzenleme
1386,eric,11622,89.48,Noun,1,eric
1387,paket,11586,89.487,Noun,1,paket
1388,futbol,11561,89.494,Noun,1,futbol
1389,cuma,11553,89.5,Noun,1,cuma
1390,süt,11546,89.507,Noun,1,süt
1391,kocaman,11524,89.513,Adj,1,kocaman
1392,barışmak,11518,89.52,Verb,1,barış
1393,av,11509,89.527,Noun,1,av
1394,eyalet,11490,89.533,Noun,1,eyalet
1395,bulaşmak,11486,89.54,Verb,1,bulaşmış
1396,fayda,11482,89.546,Noun,1,faydası
1397,gülümsemek,11461,89.553,Verb,1,gülümse
1398,alışveriş,11454,89.56,Noun,1,alışveriş
1399,sallamak,11449,89.566,Verb,1,salla
1400,tur,11441,89.573,Noun,1,tur
1401,eddie,11437,89.579,Noun,1,eddie
1402,hemşire,11429,89.586,Noun,1,hemşire
1403,jess,11391,89.592,Noun,1,jesse
1404,göt,11380,89.599,Noun,1,göt
1405,teyze,11365,89.606,Noun,1,teyze
1406,deney,11353,89.612,Noun,1,deney
1407,oğlan,11349,89.619,Noun,1,oğlan
1408,kevin,11314,89.625,Noun,1,kevin
1409,müsaade,11276,89.632,Noun,1,müsaade
1410,bol,11258,89.638,Adj,1,bol
1411,miktar,11255,89.645,Noun,1,miktarda
1412,gizem,11247,89.651,Noun,1,gizemli
1413,birer,11224,89.657,Num,1,birer
1414,eee,11219,89.664,Noun,1,eee
1415,sürtük,11217,89.67,Noun,1,sürtük
1416,nda,11211,89.677,Noun,1,nda
1417,derken,11184,89.683,Adv,1,derken
1418,sıkışmak,11163,89.69,Verb,1,sıkışmış
1419,yay,11153,89.696,Noun,1,yayın
1420,sevim,11145,89.702,Verb,1,sevimli
1421,oyuncak,11144,89.709,Noun,1,oyuncak
1422,sınav,11130,89.715,Noun,1,sınav
1423,yağmak,11127,89.722,Verb,1,yağ
1424,vahşî,11107,89.728,Adj,1,vahşi
1425,cenaze,11092,89.734,Noun,1,cenaze
1426,hafif,11068,89.741,Adv,1,hafif
1427,walter,11058,89.747,Noun,1,walter
1428,rachel,11048,89.754,Noun,1,rachel
1429,jerry,11033,89.76,Noun,1,jerry
1430,am,11027,89.766,Noun,1,amına
1431,hoşgelmek,11020,89.773,Verb,1,hoşgeldiniz
1432,charles,10996,89.779,Noun,1,charles
1433,julia,10993,89.785,Noun,1,julia
1434,engellemek,10981,89.791,Verb,1,engellemek
1435,artmak,10980,89.798,Verb,1,artıyor
1436,seyahat,10959,89.804,Noun,1,seyahat
1437,bozulmak,10958,89.81,Verb,1,bozuldu
1438,dermek,10953,89.817,Verb,1,derse
1439,saçmalamak,10950,89.823,Verb,1,saçmalama
1440,gönül,10948,89.829,Noun,1,gönüllü
1441,çekme,10948,89.836,Noun,1,çekme
1442,akmak,10942,89.842,Noun,1,akıyor
1443,yıllık,10941,89.848,Adj,1,yıllık
1444,hakim,10940,89.854,Adj,1,hakim
1445,gecikmek,10939,89.861,Verb,1,geciktim
1446,pantolon,10939,89.867,Noun,1,pantolon
1447,yalvarmak,10932,89.873,Verb,1,yalvarıyorum
1448,dağıtmak,10912,89.88,Verb,1,dağıtmak
1449,biçim,10895,89.886,Noun,1,biçimde
1450,proje,10861,89.892,Noun,1,proje
1451,yükselmek,10844,89.898,Verb,1,yükseliyor
1452,çete,10833,89.905,Noun,1,çete
1453,kaymak,10825,89.911,Verb,1,kaya
1454,fiyat,10812,89.917,Noun,1,fiyatı
1455,merdiven,10806,89.923,Noun,1,merdivenlerden
1456,saha,10802,89.929,Noun,1,saha
1457,andy,10782,89.936,Noun,1,andy
1458,itibaren,10774,89.942,Postp,1,itibaren
1459,alışmak,10767,89.948,Verb,1,alışılmadık
1460,şimdiden,10765,89.954,Adv,1,şimdiden
1461,cadde,10765,89.96,Noun,1,caddesi
1462,yetişkin,10739,89.967,Noun,1,yetişkin
1463,kır,10738,89.973,Verb,1,kırdı
1464,amy,10736,89.979,Noun,1,amy
1465,peş,10735,89.985,Noun,1,peşimden
1466,saçmak,10715,89.991,Verb,1,saç
1467,keyf,10711,89.997,Noun,1,keyfini
1468,filan,10689,90.004,Adv,1,filan
1469,prens,10689,90.01,Noun,1,prens
1470,çirkin,10667,90.016,Verb,1,çirkin
1471,no,10663,90.022,Noun,1,no
1472,evin,10661,90.028,Noun,1,evini
1473,diz,10640,90.034,Noun,1,dizi
1474,beyefendi,10634,90.04,Noun,1,beyefendi
1475,imzalamak,10634,90.046,Verb,1,imzala
1476,maalesef,10626,90.052,Adv,1,maalesef
1477,kımıldamak,10626,90.059,Verb,1,kımıldama
1478,scott,10611,90.065,Noun,1,scott
1479,pas,10599,90.071,Noun,1,pasta
1480,halt,10598,90.077,Noun,1,halt
1481,pet,10596,90.083,Noun,1,pete
1482,alarm,10593,90.089,Noun,1,alarm
1483,zannetmek,10578,90.095,Verb,1,zannetmiyorum
1484,ucuz,10571,90.101,Adj,1,ucuz
1485,vampir,10548,90.107,Noun,1,vampir
1486,ek,10545,90.113,Noun,1,ek
1487,yapılanmak,10544,90.119,Verb,1,yapılan
1488,kredi,10529,90.125,Noun,1,kredi
1489,clair,10496,90.131,Noun,1,claire
1490,anna,10492,90.138,Noun,1,anna
1491,binbaşı,10463,90.144,Noun,1,binbaşı
1492,kanal,10429,90.15,Noun,1,kanal
1493,ücret,10417,90.156,Noun,1,ücret
1494,büyükbaba,10399,90.162,Noun,1,büyükbaba
1495,fare,10395,90.167,Noun,1,fare
1496,cumartesi,10394,90.173,Noun,1,cumartesi
1497,şov,10392,90.179,Noun,1,şov
1498,louis,10386,90.185,Noun,1,louis
1499,sipariş,10371,90.191,Noun,1,sipariş
1500,yasal,10362,90.197,Adj,1,yasal
1501,anlaşılan,10356,90.203,Adv,1,anlaşılan
1502,sezon,10355,90.209,Noun,1,sezon
1503,gider,10352,90.215,Noun,1,giderim
1504,sandalye,10323,90.221,Noun,1,sandalye
1505,bunca,10275,90.227,Adv,1,bunca
1506,kandırmak,10260,90.233,Verb,1,kandırmaya
1507,çıkışmak,10241,90.239,Verb,1,çıkış
1508,los,10233,90.245,Noun,1,los
1509,böcek,10205,90.251,Noun,1,böcek
1510,çamaşır,10202,90.256,Noun,1,çamaşır
1511,yöntem,10192,90.262,Noun,1,yöntem
1512,lisa,10189,90.268,Noun,1,lisa
1513,gökyüzü,10184,90.274,Noun,1,gökyüzü
1514,boyun,10166,90.28,Noun,1,boynunu
1515,maymun,10164,90.286,Noun,1,maymun
1516,rom,10158,90.292,Noun,1,roma
1517,sakınca,10146,90.297,Noun,1,sakıncası
1518,tutuklamak,10146,90.303,Verb,1,tutuklama
1519,inanç,10145,90.309,Noun,1,inanç
1520,federal,10139,90.315,Noun,1,federal
1521,clark,10136,90.321,Noun,1,clark
1522,dahi,10131,90.326,Conj,1,dahi
1523,et,10131,90.332,Noun,1,eti
1524,kılıç,10126,90.338,Noun,1,kılıç
1525,and,10105,90.344,Noun,1,and
1526,mahke,10099,90.35,Noun,1,mahkeme
1527,kariyer,10092,90.356,Noun,1,kariyer
1528,zekâ,10082,90.361,Noun,1,zekalı
1529,meksika,10080,90.367,Noun,1,meksika
1530,dip,10080,90.373,Noun,1,dibine
1531,ağabey,10067,90.379,Noun,1,ağabey
1532,dökmek,10066,90.385,Verb,1,dök
1533,sıkıntı,10061,90.39,Noun,1,sıkıntı
1534,seviye,10044,90.396,Noun,1,seviyede
1535,bildirmek,10043,90.402,Verb,1,bildirmek
1536,ağrı,10038,90.408,Noun,1,ağrı
1537,avrupa,10025,90.413,Noun,1,avrupa
1538,avcı,10022,90.419,Noun,1,avcı
1539,kibar,10008,90.425,Verb,1,kibar
1540,açıkçası,9994,90.431,Adv,1,açıkçası
1541,sayfa,9982,90.436,Noun,1,sayfa
1542,depo,9965,90.442,Noun,1,depo
1543,sihir,9953,90.448,Noun,1,sihirli
1544,ingiltere,9949,90.454,Noun,1,İngiltere
1545,kod,9949,90.459,Noun,1,kod
1546,profesyonel,9947,90.465,Verb,1,profesyonel
1547,ted,9937,90.471,Noun,1,ted
1548,sahil,9929,90.476,Noun,1,sahil
1549,radyo,9922,90.482,Noun,1,radyo
1550,restoran,9919,90.488,Noun,1,restoran
1551,sarı,9902,90.493,Noun,1,sarı
1552,parlak,9901,90.499,Adj,1,parlak
1553,tespit,9896,90.505,Noun,1,tespit
1554,cihaz,9895,90.511,Noun,1,cihazı
1555,kyle,9870,90.516,Noun,1,kyle
1556,yük,9843,90.522,Noun,1,yük
1557,sigorta,9830,90.528,Noun,1,sigorta
1558,tv,9825,90.533,Noun,1,tv
1559,yüzmek,9813,90.539,Verb,1,yüzme
1560,kişilik,9801,90.544,Noun,1,kişilik
1561,uğur,9791,90.55,Noun,1,uğruna
1562,jason,9780,90.556,Noun,1,jason
1563,davas,9775,90.561,Noun,1,davası
1564,hay,9774,90.567,Interj,1,hay
1565,duş,9763,90.573,Noun,1,duş
1566,temas,9758,90.578,Noun,1,temas
1567,üstelik,9755,90.584,Adj,1,üstelik
1568,çökmek,9753,90.589,Verb,1,çök
1569,malzeme,9748,90.595,Noun,1,malzeme
1570,teori,9746,90.601,Noun,1,teori
1571,madam,9713,90.606,Noun,1,madam
1572,deniz,9709,90.612,Noun,1,denizci
1573,hap,9708,90.617,Noun,1,hap
1574,onca,9696,90.623,Adv,1,onca
1575,boşamak,9689,90.628,Verb,1,boşa
1576,imdat,9677,90.634,Interj,1,İmdat
1577,yetişmek,9665,90.64,Verb,1,yetiştirmek
1578,im,9659,90.645,Noun,1,im
1579,larry,9653,90.651,Noun,1,larry
1580,göl,9646,90.656,Noun,1,göl
1581,genel,9645,90.662,Adj,1,genel
1582,saray,9642,90.667,Noun,1,saray
1583,yerleşmek,9637,90.673,Verb,1,yerleştir
1584,zenci,9622,90.678,Noun,1,zenci
1585,boşvermek,9606,90.684,Verb,1,boşver
1586,şok,9570,90.689,Noun,1,şok
1587,italya,9563,90.695,Noun,1,İtalyan
1588,model,9554,90.7,Noun,1,model
1589,luke,9553,90.706,Noun,1,luke
1590,kanser,9539,90.711,Noun,1,kanser
1591,adi,9537,90.717,Noun,1,adi
1592,utanç,9530,90.722,Noun,1,utanç
1593,kilometre,9530,90.728,Noun,1,kilometre
1594,parçalamak,9526,90.733,Verb,1,parçalar
1595,annie,9523,90.739,Noun,1,annie
1596,bağışlamak,9518,90.744,Verb,1,bağışlayın
1597,hasar,9495,90.75,Noun,1,hasar
1598,sosyal,9479,90.755,Adj,1,sosyal
1599,aniden,9466,90.761,Adv,1,aniden
1600,ulusal,9465,90.766,Noun,1,ulusal
1601,ömür,9445,90.771,Noun,1,ömür
1602,acayip,9436,90.777,Adj,1,acayip
1603,emily,9432,90.782,Noun,1,emily
1604,hanım,9424,90.788,Noun,1,hanımlar
1605,kaltak,9417,90.793,Noun,1,kaltak
1606,kaçak,9417,90.799,Noun,1,kaçak
1607,mutlaka,9415,90.804,Adv,1,mutlaka
1608,sean,9409,90.809,Noun,1,sean
1609,frans,9409,90.815,Noun,1,fransa
1610,gözlemek,9369,90.82,Verb,1,gözle
1611,soy,9368,90.826,Noun,1,soylu
1612,angeles,9356,90.831,Noun,1,angeles
1613,thomas,9355,90.836,Noun,1,thomas
1614,katı,9332,90.842,Adj,1,katı
1615,maria,9322,90.847,Noun,1,maria
1616,meyve,9316,90.852,Noun,1,meyve
1617,inşa,9315,90.858,Noun,1,inşa
1618,alkol,9306,90.863,Noun,1,alkol
1619,yoğ,9302,90.868,Noun,1,yoğun
1620,aracı,9302,90.874,Noun,1,aracı
1621,arthur,9294,90.879,Noun,1,arthur
1622,umursamak,9277,90.884,Verb,1,umursamıyor
1623,yirmi,9276,90.89,Num,1,yirmi
1624,chuck,9268,90.895,Noun,1,chuck
1625,çikolata,9262,90.9,Noun,1,çikolata
1626,yılan,9257,90.906,Noun,1,yılan
1627,hiçbirşey,9235,90.911,Noun,1,hiçbirşey
1628,bedel,9231,90.916,Noun,1,bedelini
1629,ilân,9220,90.922,Noun,1,ilan
1630,kapamak,9220,90.927,Verb,1,kapatın
1631,talep,9215,90.932,Noun,1,talep
1632,mucize,9194,90.938,Noun,1,mucize
1633,şifre,9192,90.943,Noun,1,şifre
1634,ellemek,9172,90.948,Verb,1,eller
1635,keres,9171,90.953,Noun,1,keresinde
1636,carter,9151,90.959,Noun,1,carter
1637,imza,9149,90.964,Noun,1,imza
1638,düşük,9145,90.969,Adj,1,düşük
1639,matt,9125,90.974,Noun,1,matt
1640,kare,9125,90.98,Noun,1,karen
1641,ingilizce,9118,90.985,Adj,1,İngilizce
1642,zafer,9111,90.99,Noun,1,zafer
1643,seçim,9109,90.995,Noun,1,seçimi
1644,toz,9105,91.001,Noun,1,toz
1645,mısır,9081,91.006,Noun,1,mısır
1646,dave,9067,91.011,Noun,1,dave
1647,ceket,9061,91.016,Noun,1,ceket
1648,km,9058,91.021,Noun,1,km
1649,sinema,9055,91.027,Noun,1,sinemaya
1650,mermi,9052,91.032,Noun,1,mermi
1651,karakter,9040,91.037,Noun,1,karakter
1652,zihin,9036,91.042,Noun,1,zihinsel
1653,ihtiyar,9000,91.047,Noun,1,ihtiyar
1654,eh,8982,91.053,Interj,1,eh
1655,mesafe,8980,91.058,Noun,1,mesafe
1656,trafik,8978,91.063,Noun,1,trafik
1657,seslemek,8967,91.068,Verb,1,sesle
1658,saf,8952,91.073,Adj,1,saf
1659,havuz,8940,91.078,Noun,1,havuz
1660,sav,8937,91.084,Noun,1,savcı
1661,kalıp,8931,91.089,Noun,1,kalıp
1662,li,8907,91.094,Noun,1,li
1663,aşkın,8898,91.099,Noun,1,aşkın
1664,yapı,8895,91.104,Noun,1,yapı
1665,silahlamak,8893,91.109,Verb,1,silahlar
1666,yerel,8889,91.114,Adj,1,yerel
1667,komiser,8883,91.119,Noun,1,komiser
1668,çizmek,8881,91.124,Verb,1,çizmek
1669,satış,8878,91.13,Noun,1,satış
1670,karın,8874,91.135,Noun,1,karnım
1671,romantik,8871,91.14,Verb,1,romantik
1672,washington,8865,91.145,Noun,1,washington
1673,detay,8860,91.15,Noun,1,detayları
1674,yaz,8840,91.155,Noun,1,yazı
1675,imparator,8840,91.16,Noun,1,İmparator
1676,joey,8829,91.165,Noun,1,joey
1677,balo,8826,91.17,Noun,1,balo
1678,derlemek,8820,91.175,Verb,1,derler
1679,işkence,8801,91.18,Noun,1,işkence
1680,komutan,8785,91.185,Noun,1,komutanım
1681,ipucu,8783,91.19,Noun,1,ipucu
1682,tepkimek,8772,91.196,Verb,1,tepki
1683,felâket,8751,91.201,Noun,1,felaket
1684,boşanmak,8748,91.206,Verb,1,boşanma
1685,rose,8747,91.211,Noun,1,rose
1686,simon,8744,91.216,Noun,1,simon
1687,sara,8740,91.221,Noun,1,sara
1688,taramak,8735,91.226,Verb,1,tara
1689,gerçi,8720,91.231,Adv,1,gerçi
1690,incitmek,8719,91.236,Verb,1,incitmek
1691,becermek,8717,91.241,Verb,1,becer
1692,atışmak,8711,91.246,Verb,1,atış
1693,araştırma,8703,91.251,Noun,1,araştırması
1694,ufaklık,8696,91.256,Noun,1,ufaklık
1695,ney,8696,91.261,Noun,1,neyden
1696,pahal,8679,91.266,Noun,1,pahalı
1697,teknoloji,8679,91.271,Noun,1,teknoloji
1698,day,8670,91.276,Verb,1,dayım
1699,uyum,8668,91.281,Noun,1,uyum
1700,birim,8667,91.286,Noun,1,birimi
1701,büro,8665,91.291,Noun,1,bürosu
1702,kasap,8659,91.296,Noun,1,kasaba
1703,harita,8659,91.301,Noun,1,harita
1704,peynir,8653,91.306,Noun,1,peynir
1705,gezmek,8652,91.311,Verb,1,gezmek
1706,yetki,8650,91.316,Noun,1,yetki
1707,dövmek,8639,91.32,Verb,1,dövdü
1708,fırlamak,8638,91.325,Verb,1,fırlat
1709,garanti,8632,91.33,Noun,1,garanti
1710,lezzet,8631,91.335,Verb,1,lezzetli
1711,gürültü,8619,91.34,Noun,1,gürültü
1712,olağanüstü,8613,91.345,Adj,1,olağanüstü
1713,japon,8584,91.35,Noun,1,japon
1714,bakı,8580,91.355,Noun,1,bakım
1715,lord,8568,91.36,Noun,1,lord
1716,leo,8559,91.365,Noun,1,leo
1717,ip,8555,91.37,Noun,1,ip
1718,veda,8548,91.375,Noun,1,veda
1719,emekli,8540,91.38,Noun,1,emekli
1720,bıkmak,8538,91.385,Verb,1,bıktım
1721,komuta,8532,91.39,Noun,1,komutan
1722,carl,8525,91.394,Noun,1,carl
1723,seri,8514,91.399,Noun,1,seri
1724,tıp,8511,91.404,Noun,1,tıp
1725,dilek,8473,91.409,Noun,1,dilek
1726,ni,8469,91.414,Noun,1,ni
1727,hazırlık,8469,91.419,Noun,1,hazırlıklı
1728,kir,8458,91.424,Noun,1,kirli
1729,veri,8435,91.429,Noun,1,veri
1730,william,8431,91.433,Noun,1,william
1731,töre,8426,91.438,Noun,1,töreni
1732,pes,8425,91.443,Interj,1,pes
1733,devre,8393,91.448,Noun,1,devre
1734,öncelikle,8387,91.453,Adv,1,öncelikle
1735,genellikle,8384,91.458,Adv,1,genellikle
1736,si,8381,91.462,Noun,1,si
1737,uygulamak,8358,91.467,Verb,1,uygulama
1738,ödünç,8349,91.472,Adj,1,ödünç
1739,t,8345,91.477,Noun,1,t
1740,pay,8333,91.482,Noun,1,payı
1741,aday,8332,91.486,Noun,1,aday
1742,jeff,8302,91.491,Noun,1,jeff
1743,tıbbî,8292,91.496,Noun,1,tıbbi
1744,çığlık,8287,91.501,Noun,1,çığlık
1745,mahkûm,8285,91.505,Adj,1,mahkum
1746,okyanus,8283,91.51,Noun,1,okyanus
1747,boğmak,8271,91.515,Verb,1,boğulmuş
1748,lucy,8260,91.52,Noun,1,lucy
1749,kopya,8258,91.524,Noun,1,kopya
1750,ayakta,8246,91.529,Adv,1,ayakta
1751,boşluk,8243,91.534,Noun,1,boşluk
1752,civar,8237,91.539,Noun,1,civarında
1753,emma,8235,91.543,Noun,1,emma
1754,c,8234,91.548,Noun,1,c
1755,to,8223,91.553,Noun,1,to
1756,ayna,8215,91.558,Noun,1,ayna
1757,anı,8203,91.562,Noun,1,anılar
1758,korkak,8191,91.567,Verb,1,korkak
1759,reklâm,8180,91.572,Noun,1,reklam
1760,afrika,8170,91.576,Noun,1,afrika
1761,büyü,8164,91.581,Noun,1,büyülü
1762,defter,8163,91.586,Noun,1,defteri
1763,yumruk,8158,91.59,Noun,1,yumruk
1764,görüş,8137,91.595,Noun,1,görüşü
1765,imek,8123,91.6,Verb,1,idi
1766,anlayış,8121,91.604,Noun,1,anlayış
1767,çıldırmak,8109,91.609,Verb,1,çıldırmış
1768,öpücük,8103,91.614,Noun,1,öpücük
1769,seyretmek,8103,91.618,Verb,1,seyretmek
1770,bomba,8099,91.623,Noun,1,bombası
1771,bari,8087,91.628,Interj,1,bari
1772,mekân,8086,91.632,Noun,1,mekan
1773,deme,8067,91.637,Noun,1,demeyi
1774,içecek,8059,91.642,Noun,1,içecek
1775,pizza,8057,91.646,Noun,1,pizza
1776,beslemek,8029,91.651,Verb,1,beslenme
1777,hassas,8026,91.656,Verb,1,hassas
1778,soygun,8021,91.66,Noun,1,soygun
1779,koridor,8021,91.665,Noun,1,koridorda
1780,savaşçı,8017,91.669,Noun,1,savaşçı
1781,ürün,8017,91.674,Noun,1,ürünü
1782,eleman,8001,91.679,Noun,1,eleman
1783,karmaşık,7997,91.683,Adj,1,karmaşık
1784,pilot,7993,91.688,Noun,1,pilot
1785,farketmek,7982,91.692,Verb,1,farkettim
1786,boğaz,7981,91.697,Noun,1,boğazını
1787,terörist,7979,91.702,Noun,1,terörist
1788,in,7975,91.706,Noun,1,ini
1789,fabrika,7971,91.711,Noun,1,fabrika
1790,bisiklet,7969,91.715,Noun,1,bisiklet
1791,geniş,7951,91.72,Adj,1,geniş
1792,kaset,7943,91.724,Noun,1,kaset
1793,tarif,7927,91.729,Noun,1,tarif
1794,sevişmek,7925,91.734,Verb,1,sevişmek
1795,maske,7913,91.738,Noun,1,maske
1796,abby,7911,91.743,Noun,1,abby
1797,havaalanı,7887,91.747,Noun,1,havaalanına
1798,jenny,7881,91.752,Noun,1,jenny
1799,virüs,7872,91.756,Noun,1,virüs
1800,hmm,7863,91.761,Interj,1,hmm
1801,şirin,7852,91.765,Verb,1,şirin
1802,hele,7845,91.77,Conj,1,hele
1803,afedersin,7844,91.774,Interj,1,afedersin
1804,form,7838,91.779,Noun,1,formu
1805,julie,7825,91.783,Noun,1,julie
1806,köle,7817,91.788,Noun,1,köle
1807,yüzey,7815,91.792,Noun,1,yüzeye
1808,mide,7813,91.797,Noun,1,midem
1809,neşe,7809,91.801,Noun,1,neşeli
1810,kelly,7807,91.806,Noun,1,kelly
1811,yahu,7806,91.81,Interj,1,yahu
1812,vergi,7796,91.815,Noun,1,vergi
1813,kızıl,7790,91.819,Adj,1,kızıl
1814,çöz,7788,91.824,Noun,1,çözüm
1815,silmek,7777,91.828,Verb,1,sil
1816,başta,7776,91.833,Adv,1,başta
1817,geçici,7760,91.837,Adj,1,geçici
1818,pazartesi,7757,91.841,Noun,1,pazartesi
1819,dean,7756,91.846,Noun,1,dean
1820,görel,7745,91.85,Noun,1,görelim
1821,geçit,7744,91.855,Noun,1,geçit
1822,açlık,7741,91.859,Noun,1,açlıktan
1823,uçuşmak,7737,91.864,Verb,1,uçuş
1824,karşılamak,7725,91.868,Verb,1,karşılamak
1825,bulanmak,7703,91.873,Verb,1,bulana
1826,kok,7701,91.877,Noun,1,koku
1827,yüzyıl,7695,91.881,Noun,1,yüzyıl
1828,çağrı,7689,91.886,Noun,1,çağrı
1829,nakit,7679,91.89,Noun,1,nakit
1830,maaş,7670,91.895,Noun,1,maaş
1831,gelenek,7653,91.899,Noun,1,geleneksel
1832,üste,7640,91.904,Noun,1,üstesinden
1833,sohbet,7638,91.908,Noun,1,sohbet
1834,ısrar,7633,91.912,Noun,1,ısrar
1835,buçuk,7627,91.917,Num,1,buçuk
1836,phil,7614,91.921,Noun,1,phil
1837,delil,7610,91.925,Noun,1,delil
1838,şampiyon,7600,91.93,Noun,1,şampiyon
1839,morgan,7593,91.934,Noun,1,morgan
1840,gezi,7592,91.939,Noun,1,gezi
1841,gözlük,7564,91.943,Noun,1,gözlük
1842,dergi,7551,91.947,Noun,1,dergi
1843,uzanmak,7550,91.952,Verb,1,uzan
1844,lu,7548,91.956,Noun,1,lu
1845,acımasız,7546,91.96,Adv,1,acımasız
1846,lily,7537,91.965,Noun,1,lily
1847,belirlemek,7520,91.969,Verb,1,belirlemek
1848,gözemek,7515,91.973,Verb,1,göze
1849,testi,7513,91.978,Adj,1,testi
1850,yara,7507,91.982,Noun,1,yaraları
1851,koy,7499,91.986,Noun,1,koyun
1852,kasmak,7483,91.99,Verb,1,kasa
1853,kapak,7483,91.995,Noun,1,kapağı
1854,değişim,7475,91.999,Noun,1,değişim
1855,sadık,7474,92.003,Adj,1,sadık
1856,roger,7472,92.008,Noun,1,roger
1857,jüri,7471,92.012,Noun,1,jüri
1858,elim,7470,92.016,Noun,1,elimi
1859,kalabalık,7456,92.021,Noun,1,kalabalık
1860,giysi,7456,92.025,Noun,1,giysi
1861,ince,7435,92.029,Adj,1,ince
1862,taze,7433,92.033,Adj,1,taze
1863,tavşan,7411,92.038,Noun,1,tavşan
1864,smith,7409,92.042,Noun,1,smith
1865,uzatmak,7409,92.046,Verb,1,uzat
1866,bizimki,7405,92.05,Noun,1,bizimki
1867,dok,7401,92.055,Noun,1,doku
1868,merhamet,7396,92.059,Noun,1,merhamet
1869,kilitlemek,7386,92.063,Verb,1,kilitle
1870,konmak,7385,92.067,Verb,1,konuşun
1871,hain,7384,92.072,Noun,1,hain
1872,beledi,7379,92.076,Noun,1,belediye
1873,gömmek,7372,92.08,Verb,1,gömmek
1874,taylor,7367,92.084,Noun,1,taylor
1875,bedava,7354,92.089,Adv,1,bedava
1876,kış,7354,92.093,Noun,1,kış
1877,döne,7354,92.097,Noun,1,dönem
1878,zahmet,7349,92.101,Noun,1,zahmet
1879,bent,7342,92.105,Noun,1,bendim
1880,doğrudan,7333,92.11,Adj,1,doğrudan
1881,jackson,7330,92.114,Noun,1,jackson
1882,kanat,7326,92.118,Noun,1,kanat
1883,yumuşak,7319,92.122,Adj,1,yumuşak
1884,yar,7316,92.127,Noun,1,yarına
1885,düğün,7312,92.131,Noun,1,düğünü
1886,gök,7311,92.135,Noun,1,gök
1887,roman,7301,92.139,Noun,1,roman
1888,demir,7295,92.143,Noun,1,demir
1889,sıçmak,7295,92.148,Verb,1,sıçan
1890,öbür,7290,92.152,Adj,1,öbür
1891,sıkılmak,7289,92.156,Verb,1,sıkıldım
1892,sabır,7267,92.16,Noun,1,sabırlı
1893,inek,7262,92.164,Noun,1,inek
1894,taki,7253,92.168,Noun,1,taki
1895,vegas,7252,92.173,Noun,1,vegas
1896,sandviç,7242,92.177,Noun,1,sandviç
1897,post,7239,92.181,Noun,1,posta
1898,ezmek,7239,92.185,Verb,1,ezmesi
1899,ty,7234,92.189,Noun,1,tyler
1900,yetkili,7232,92.193,Noun,1,yetkili
1901,mad,7230,92.198,Noun,1,madde
1902,aber,7217,92.202,Noun,1,aber
1903,eşcinsel,7212,92.206,Verb,1,eşcinsel
1904,doug,7195,92.21,Noun,1,doug
1905,patates,7191,92.214,Noun,1,patates
1906,açıklama,7189,92.218,Noun,1,açıklaması
1907,işçi,7187,92.222,Noun,1,işçi
1908,itiraz,7176,92.226,Noun,1,İtiraz
1909,kötülük,7173,92.231,Noun,1,kötülük
1910,kanamak,7162,92.235,Verb,1,kanama
1911,maggie,7149,92.239,Noun,1,maggie
1912,kılmak,7149,92.243,Adj,1,kılıcı
1913,kadeh,7148,92.247,Noun,1,kadeh
1914,vinç,7140,92.251,Noun,1,vince
1915,haf,7131,92.255,Verb,1,haftadır
1916,öz,7131,92.259,Noun,1,öz
1917,tetik,7131,92.263,Noun,1,tetiği
1918,mecbur,7127,92.268,Verb,1,mecbur
1919,tahta,7125,92.272,Noun,1,tahta
1920,gömlek,7124,92.276,Noun,1,gömlek
1921,aldatmak,7119,92.28,Verb,1,aldatıyor
1922,jackie,7107,92.284,Noun,1,jackie
1923,işlem,7089,92.288,Noun,1,işlem
1924,moda,7087,92.292,Noun,1,moda
1925,bekâr,7079,92.296,Noun,1,bekar
1926,robot,7076,92.3,Noun,1,robot
1927,verecek,7073,92.304,Noun,1,vereceğini
1928,ölümcül,7071,92.308,Adj,1,ölümcül
1929,lort,7067,92.312,Noun,1,lordum
1930,içermek,7065,92.316,Verb,1,içeren
1931,yarış,7039,92.321,Noun,1,yarışı
1932,boşalmak,7035,92.325,Verb,1,boşaltın
1933,vali,7033,92.329,Noun,1,vali
1934,grace,7032,92.333,Noun,1,grace
1935,düzelmek,7032,92.337,Verb,1,düzelecek
1936,şahit,7029,92.341,Noun,1,şahit
1937,nathan,7024,92.345,Noun,1,nathan
1938,özellik,7017,92.349,Noun,1,özelliği
1939,odaklamak,7013,92.353,Verb,1,odaklan
1940,chloe,7007,92.357,Noun,1,chloe
1941,tutulmak,6984,92.361,Verb,1,tutuluyor
1942,manyak,6962,92.365,Verb,1,manyak
1943,hile,6955,92.369,Noun,1,hile
1944,kek,6944,92.373,Noun,1,kek
1945,gary,6940,92.377,Noun,1,gary
1946,ambulans,6938,92.381,Noun,1,ambulans
1947,müfettiş,6937,92.385,Noun,1,müfettiş
1948,kule,6936,92.389,Noun,1,kulesi
1949,rock,6927,92.393,Noun,1,rock
1950,batmak,6916,92.397,Verb,1,battı
1951,helen,6915,92.401,Noun,1,helen
1952,yeter,6908,92.405,Noun,1,yeteri
1953,robin,6903,92.409,Noun,1,robin
1954,howard,6899,92.413,Noun,1,howard
1955,arazi,6896,92.417,Noun,1,arazi
1956,çıkarma,6896,92.421,Noun,1,çıkarmayı
1957,sıfır,6892,92.425,Noun,1,sıfır
1958,josh,6890,92.429,Noun,1,josh
1959,aziz,6880,92.432,Noun,1,aziz
1960,kasa,6878,92.436,Noun,1,kasayı
1961,beniz,6873,92.44,Noun,1,benzin
1962,boyut,6866,92.444,Noun,1,boyutlu
1963,asansör,6864,92.448,Noun,1,asansör
1964,nöbet,6863,92.452,Noun,1,nöbet
1965,şiir,6861,92.456,Noun,1,şiir
1966,çıkmaz,6848,92.46,Verb,1,çıkmaz
1967,ton,6838,92.464,Noun,1,ton
1968,temsil,6836,92.468,Noun,1,temsil
1969,bild,6834,92.472,Noun,1,bildin
1970,stan,6833,92.476,Noun,1,stan
1971,yapım,6825,92.48,Noun,1,yapımı
1972,hank,6808,92.484,Noun,1,hank
1973,çöl,6804,92.488,Noun,1,çöl
1974,patrick,6803,92.491,Noun,1,patrick
1975,kâbus,6783,92.495,Noun,1,kabus
1976,keyif,6762,92.499,Adj,1,keyif
1977,tahliye,6746,92.503,Noun,1,tahliye
1978,gebermek,6745,92.507,Verb,1,geber
1979,konser,6742,92.511,Noun,1,konser
1980,iğne,6731,92.515,Noun,1,iğne
1981,dedikodu,6727,92.519,Noun,1,dedikodu
1982,mezun,6725,92.522,Adj,1,mezun
1983,milyonlarca,6717,92.526,Adj,1,milyonlarca
1984,viski,6714,92.53,Noun,1,viski
1985,vaka,6709,92.534,Noun,1,vaka
1986,sahiden,6697,92.538,Adv,1,sahiden
1987,yayılmak,6694,92.542,Verb,1,yayılıyor
1988,van,6670,92.546,Noun,1,van
1989,matematik,6662,92.549,Noun,1,matematik
1990,mo,6653,92.553,Noun,1,mona
1991,politika,6650,92.557,Noun,1,politika
1992,yazma,6638,92.561,Noun,1,yazmayı
1993,hindistan,6635,92.565,Noun,1,hindistan
1994,sivil,6631,92.569,Noun,1,sivil
1995,inkâr,6620,92.572,Noun,1,inkar
1996,halka,6616,92.576,Noun,1,halka
1997,esas,6605,92.58,Adj,1,esas
1998,giyinmek,6604,92.584,Verb,1,giyinmiş
1999,emniyet,6603,92.588,Noun,1,emniyet
2000,victor,6602,92.591,Noun,1,victor
2001,helikopter,6597,92.595,Noun,1,helikopter
2002,birleşik,6596,92.599,Adj,1,birleşik
2003,alay,6591,92.603,Noun,1,alay
2004,basınç,6589,92.606,Noun,1,basıncı
2005,salmak,6588,92.61,Verb,1,sal
2006,hızla,6582,92.614,Adv,1,hızla
2007,kıyı,6580,92.618,Noun,1,kıyıya
2008,justin,6578,92.622,Noun,1,justin
2009,gündüz,6561,92.625,Adv,1,gündüz
2010,chicago,6554,92.629,Noun,1,chicago
2011,onay,6554,92.633,Noun,1,onay
2012,stres,6550,92.637,Noun,1,stres
2013,tem,6546,92.64,Noun,1,temin
2014,cüzdan,6538,92.644,Noun,1,cüzdanını
2015,dişi,6529,92.648,Noun,1,dişi
2016,oray,6520,92.652,Noun,1,orayı
2017,görmez,6519,92.655,Noun,1,görmezden
2018,yuva,6504,92.659,Noun,1,yuva
2019,dördüncü,6501,92.663,Num,1,dördüncü
2020,laura,6495,92.667,Noun,1,laura
2021,eşit,6489,92.67,Verb,1,eşit
2022,tesadüf,6468,92.674,Noun,1,tesadüf
2023,kurul,6466,92.678,Noun,1,kurulu
2024,bravo,6460,92.682,Interj,1,bravo
2025,dik,6454,92.685,Adj,1,dik
2026,hit,6449,92.689,Noun,1,hitler
2027,darbe,6449,92.693,Noun,1,darbe
2028,gabriel,6449,92.696,Noun,1,gabriel
2029,michel,6447,92.7,Noun,1,michelle
2030,elmas,6442,92.704,Noun,1,elmas
2031,efsane,6442,92.707,Noun,1,efsane
2032,başar,6437,92.711,Noun,1,başarı
2033,doğa,6437,92.715,Noun,1,doğanın
2034,pozisyon,6425,92.719,Noun,1,pozisyon
2035,molly,6417,92.722,Noun,1,molly
2036,tiyatro,6416,92.726,Noun,1,tiyatro
2037,kumar,6415,92.73,Noun,1,kumar
2038,giriş,6408,92.733,Noun,1,girişi
2039,boyamak,6407,92.737,Verb,1,boya
2040,rick,6404,92.741,Noun,1,rick
2041,jones,6390,92.744,Noun,1,jones
2042,kum,6390,92.748,Noun,1,kum
2043,mağaza,6390,92.752,Noun,1,mağaza
2044,net,6385,92.755,Adj,1,net
2045,ross,6382,92.759,Noun,1,ross
2046,keskin,6381,92.763,Adj,1,keskin
2047,buyru,6377,92.766,Noun,1,buyrun
2048,nükleer,6375,92.77,Adj,1,nükleer
2049,erte,6375,92.774,Noun,1,ertesi
2050,kas,6374,92.777,Noun,1,kasım
2051,panik,6369,92.781,Noun,1,panik
2052,senatör,6356,92.785,Noun,1,senatör
2053,öylesine,6345,92.788,Adv,1,öylesine
2054,harf,6341,92.792,Noun,1,harfi
2055,sin,6337,92.796,Noun,1,sin
2056,amanda,6330,92.799,Noun,1,amanda
2057,casus,6319,92.803,Noun,1,casus
2058,direk,6316,92.807,Noun,1,direk
2059,minik,6310,92.81,Adj,1,minik
2060,dudak,6306,92.814,Noun,1,dudak
2061,bölmek,6302,92.817,Verb,1,böldüğüm
2062,uydu,6301,92.821,Noun,1,uydu
2063,şişman,6290,92.825,Adj,1,şişman
2064,mahal,6290,92.828,Noun,1,mahalle
2065,ho,6289,92.832,Noun,1,ho
2066,süreç,6276,92.835,Noun,1,süreci
2067,dönem,6274,92.839,Noun,1,dönemi
2068,bitki,6263,92.843,Noun,1,bitki
2069,emmek,6262,92.846,Verb,1,em
2070,dede,6258,92.85,Noun,1,dede
2071,ayrıntı,6254,92.853,Noun,1,ayrıntıları
2072,almanya,6245,92.857,Noun,1,almanya
2073,içel,6243,92.861,Noun,1,içelim
2074,dövme,6235,92.864,Noun,1,dövme
2075,katmak,6234,92.868,Verb,1,kata
2076,bizzat,6216,92.871,Adv,1,bizzat
2077,vincent,6205,92.875,Noun,1,vincent
2078,yürek,6204,92.879,Noun,1,yürek
2079,bağımlı,6203,92.882,Noun,1,bağımlı
2080,çorba,6199,92.886,Noun,1,çorba
2081,kazan,6190,92.889,Verb,1,kazandın
2082,düğü,6183,92.893,Noun,1,düğüne
2083,yazılı,6182,92.896,Noun,1,yazılı
2084,icap,6170,92.9,Noun,1,icabına
2085,bilinen,6159,92.903,Adj,1,bilinen
2086,hukuk,6158,92.907,Noun,1,hukuk
2087,nu,6149,92.91,Noun,1,nu
2088,yıkamak,6149,92.914,Verb,1,yıkama
2089,yağ,6136,92.918,Noun,1,yağı
2090,elizabeth,6125,92.921,Noun,1,elizabeth
2091,cüret,6106,92.925,Noun,1,cüret
2092,dönel,6097,92.928,Verb,1,dönelim
2093,tüfek,6096,92.932,Noun,1,tüfek
2094,fazladan,6091,92.935,Adv,1,fazladan
2095,garson,6085,92.939,Noun,1,garson
2096,greg,6068,92.942,Noun,1,greg
2097,elveda,6068,92.946,Interj,1,elveda
2098,kıl,6068,92.949,Noun,1,kıl
2099,kuyruk,6063,92.953,Noun,1,kuyruk
2100,alçak,6057,92.956,Adj,1,alçak
2101,ermek,6053,92.96,Noun,1,erecek
2102,fred,6052,92.963,Noun,1,fred
2103,metal,6052,92.966,Noun,1,metal
2104,müvekkil,6052,92.97,Noun,1,müvekkilim
2105,rezil,6042,92.973,Adj,1,rezil
2106,uydurmak,6041,92.977,Verb,1,uydurdum
2107,desteklemek,6028,92.98,Verb,1,destekliyor
2108,adli,6024,92.984,Adj,1,adli
2109,donna,6022,92.987,Noun,1,donna
2110,konuk,6016,92.991,Noun,1,konuk
2111,tecrübe,6015,92.994,Noun,1,tecrübe
2112,ödev,6011,92.998,Noun,1,ödevini
2113,golf,6002,93.001,Noun,1,golf
2114,gölge,5981,93.005,Noun,1,gölge
2115,arzu,5975,93.008,Noun,1,arzu
2116,espri,5972,93.011,Noun,1,espri
2117,gittikçe,5964,93.015,Adv,1,gittikçe
2118,mahalle,5963,93.018,Noun,1,mahallede
2119,manzara,5959,93.022,Noun,1,manzara
2120,bencil,5958,93.025,Adj,1,bencil
2121,tel,5951,93.029,Noun,1,tel
2122,şoför,5944,93.032,Noun,1,şoför
2123,çatı,5942,93.035,Noun,1,çatıya
2124,sapık,5940,93.039,Adj,1,sapık
2125,sene,5932,93.042,Noun,1,seneki
2126,teşhis,5924,93.046,Noun,1,teşhis
2127,bahane,5920,93.049,Noun,1,bahane
2128,yeğen,5919,93.052,Noun,1,yeğenim
2129,subay,5907,93.056,Noun,1,subay
2130,sos,5902,93.059,Noun,1,sosu
2131,marcus,5899,93.063,Noun,1,marcus
2132,kent,5897,93.066,Noun,1,kent
2133,alev,5895,93.069,Noun,1,alev
2134,mac,5878,93.073,Noun,1,mac
2135,duruşma,5877,93.076,Noun,1,duruşma
2136,kurumak,5877,93.079,Verb,1,kuruyor
2137,charlotte,5871,93.083,Noun,1,charlotte
2138,barry,5871,93.086,Noun,1,barry
2139,yedek,5871,93.09,Noun,1,yedek
2140,yakışmak,5860,93.093,Verb,1,yakışmış
2141,uyar,5857,93.096,Noun,1,uyarı
2142,çıkış,5842,93.1,Noun,1,çıkışı
2143,tutuk,5842,93.103,Noun,1,tutuklandı
2144,kilis,5834,93.106,Noun,1,kilise
2145,meme,5834,93.11,Noun,1,meme
2146,bodrum,5822,93.113,Noun,1,bodrum
2147,nate,5820,93.116,Noun,1,nate
2148,fazlasıyla,5813,93.12,Adv,1,fazlasıyla
2149,önemsemek,5813,93.123,Verb,1,önemsiyorum
2150,öteki,5809,93.126,Noun,1,öteki
2151,dar,5796,93.13,Noun,1,dar
2152,düz,5795,93.133,Adj,1,düz
2153,he,5785,93.136,Interj,1,he
2154,sik,5785,93.14,Noun,1,sikim
2155,telsiz,5781,93.143,Noun,1,telsiz
2156,maki,5776,93.146,Noun,1,makine
2157,üstün,5769,93.15,Noun,1,üstünü
2158,sabırsızlanmak,5765,93.153,Verb,1,sabırsızlanıyorum
2159,ahmak,5765,93.156,Verb,1,ahmak
2160,fırt,5758,93.16,Noun,1,fırtına
2161,kostüm,5747,93.163,Noun,1,kostüm
2162,kablo,5743,93.166,Noun,1,kablo
2163,bulut,5738,93.17,Noun,1,bulut
2164,terry,5733,93.173,Noun,1,terry
2165,mevcut,5729,93.176,Adj,1,mevcut
2166,atılmak,5726,93.179,Adj,1,atılmış
2167,ibaret,5721,93.183,Verb,1,ibaret
2168,hatun,5719,93.186,Noun,1,hatun
2169,şişko,5714,93.189,Adj,1,şişko
2170,andrew,5713,93.193,Noun,1,andrew
2171,tünel,5705,93.196,Noun,1,tünel
2172,büyütmek,5702,93.199,Verb,1,büyütülecek
2173,eser,5698,93.202,Noun,1,eseri
2174,perşembe,5697,93.206,Noun,1,perşembe
2175,tatmin,5696,93.209,Noun,1,tatmin
2176,modern,5696,93.212,Adj,1,modern
2177,örümcek,5692,93.216,Noun,1,örümcek
2178,keşfetmek,5692,93.219,Verb,1,keşfettim
2179,laboratuvar,5690,93.222,Noun,1,laboratuvar
2180,derek,5689,93.225,Noun,1,derek
2181,marie,5689,93.229,Noun,1,marie
2182,bayram,5687,93.232,Noun,1,bayramı
2183,abla,5684,93.235,Noun,1,ablam
2184,bilinç,5678,93.238,Noun,1,bilinci
2185,roy,5676,93.242,Noun,1,roy
2186,taklit,5676,93.245,Noun,1,taklit
2187,yang,5672,93.248,Noun,1,yang
2188,fatura,5672,93.252,Noun,1,fatura
2189,torba,5668,93.255,Noun,1,torbası
2190,cooper,5665,93.258,Noun,1,cooper
2191,sal,5662,93.261,Noun,1,salı
2192,korsan,5659,93.265,Noun,1,korsan
2193,lois,5658,93.268,Noun,1,lois
2194,yönet,5645,93.271,Noun,1,yönetim
2195,kıskanmak,5645,93.274,Verb,1,kıskanıyorum
2196,lucas,5636,93.278,Noun,1,lucas
2197,şua,5635,93.281,Noun,1,şuan
2198,kemer,5630,93.284,Noun,1,kemerini
2199,tabak,5629,93.287,Noun,1,tabak
2200,ahlak,5624,93.29,Noun,1,ahlak
2201,şampanya,5618,93.294,Noun,1,şampanya
2202,maden,5610,93.297,Noun,1,maden
2203,senaryo,5601,93.3,Noun,1,senaryo
2204,sabit,5600,93.303,Adj,1,sabit
2205,angela,5598,93.307,Noun,1,angela
2206,puan,5596,93.31,Noun,1,puan
2207,dizmek,5594,93.313,Verb,1,diz
2208,garaj,5586,93.316,Noun,1,garajda
2209,âmin,5584,93.319,Interj,1,amin
2210,klâsik,5580,93.323,Noun,1,klasik
2211,gümüş,5574,93.326,Adj,1,gümüş
2212,bahar,5572,93.329,Noun,1,bahar
2213,per,5572,93.332,Noun,1,peri
2214,dal,5568,93.335,Noun,1,dal
2215,denge,5565,93.339,Noun,1,dengesiz
2216,hoca,5563,93.342,Noun,1,hocam
2217,tutku,5555,93.345,Noun,1,tutku
2218,belirti,5550,93.348,Noun,1,belirtisi
2219,k,5545,93.351,Noun,1,k
2220,üniforma,5545,93.355,Noun,1,üniforma
2221,yoo,5539,93.358,Interj,1,yoo
2222,abd,5537,93.361,Noun,1,abd
2223,sally,5535,93.364,Noun,1,sally
2224,dağılmak,5533,93.367,Verb,1,dağılmış
2225,oliver,5528,93.37,Noun,1,oliver
2226,ikiz,5527,93.374,Noun,1,ikiz
2227,istifa,5515,93.377,Noun,1,istifa
2228,johnson,5510,93.38,Noun,1,johnson
2229,aylık,5505,93.383,Adj,1,aylık
2230,kütüphane,5505,93.386,Noun,1,kütüphane
2231,kaydetmek,5504,93.39,Verb,1,kaydettim
2232,bruce,5498,93.393,Noun,1,bruce
2233,kurabiye,5497,93.396,Noun,1,kurabiye
2234,işbirliği,5494,93.399,Noun,1,işbirliği
2235,amir,5492,93.402,Noun,1,amirim
2236,uçurmak,5481,93.405,Verb,1,uçurmak
2237,evrak,5479,93.408,Noun,1,evrak
2238,idam,5465,93.412,Noun,1,idam
2239,kalite,5457,93.415,Adj,1,kaliteli
2240,katie,5455,93.418,Noun,1,katie
2241,fırtına,5451,93.421,Noun,1,fırtınası
2242,tüy,5450,93.424,Noun,1,tüylü
2243,laboratuar,5440,93.427,Noun,1,laboratuar
2244,catherine,5435,93.43,Noun,1,catherine
2245,ilham,5434,93.434,Noun,1,ilham
2246,pembe,5427,93.437,Adj,1,pembe
2247,city,5426,93.44,Noun,1,city
2248,market,5426,93.443,Noun,1,markete
2249,dr,5419,93.446,Noun,1,dr
2250,büyücü,5419,93.449,Noun,1,büyücü
2251,ırk,5406,93.452,Noun,1,ırkçı
2252,çap,5395,93.455,Noun,1,çapında
2253,tuz,5394,93.458,Noun,1,tuz
2254,savunma,5394,93.461,Noun,1,savunmasız
2255,mağara,5383,93.465,Noun,1,mağara
2256,parker,5382,93.468,Noun,1,parker
2257,yasmak,5382,93.471,Adj,1,yas
2258,alacak,5375,93.474,Noun,1,alacağını
2259,elma,5370,93.477,Noun,1,elma
2260,rebecca,5368,93.48,Noun,1,rebecca
2261,iblis,5366,93.483,Noun,1,iblis
2262,linda,5362,93.486,Noun,1,linda
2263,yazı,5343,93.489,Noun,1,yazısı
2264,yüklemek,5343,93.492,Verb,1,yükleme
2265,personel,5318,93.495,Noun,1,personel
2266,homer,5312,93.498,Noun,1,homer
2267,bakanlık,5311,93.502,Noun,1,bakanlığı
2268,todd,5299,93.505,Noun,1,todd
2269,wilson,5298,93.508,Noun,1,wilson
2270,taciz,5290,93.511,Noun,1,taciz
2271,carrie,5289,93.514,Noun,1,carrie
2272,kenny,5289,93.517,Noun,1,kenny
2273,milyar,5289,93.52,Num,1,milyar
2274,jordan,5283,93.523,Noun,1,jordan
2275,ihbar,5283,93.526,Noun,1,ihbar
2276,harvey,5275,93.529,Noun,1,harvey
2277,joseph,5275,93.532,Noun,1,joseph
2278,söylenti,5271,93.535,Noun,1,söylentiler
2279,kore,5262,93.538,Noun,1,kore
2280,eğilmek,5260,93.541,Verb,1,eğil
2281,vatandaş,5247,93.544,Noun,1,vatandaş
2282,atlatmak,5246,93.547,Verb,1,atlattık
2283,yönetmen,5231,93.55,Noun,1,yönetmen
2284,üvey,5230,93.553,Adj,1,üvey
2285,üs,5222,93.556,Noun,1,üssü
2286,delikanlı,5219,93.559,Noun,1,delikanlı
2287,karl,5216,93.562,Noun,1,karl
2288,yatır,5213,93.565,Noun,1,yatırım
2289,hizmetçi,5208,93.568,Noun,1,hizmetçi
2290,kaya,5208,93.571,Noun,1,kayalar
2291,tekme,5200,93.574,Noun,1,tekme
2292,miami,5195,93.577,Noun,1,miami
2293,japonya,5193,93.58,Noun,1,japonya
2294,yanıt,5190,93.583,Noun,1,yanıt
2295,gay,5189,93.586,Noun,1,gay
2296,tablo,5189,93.589,Noun,1,tablo
2297,carlos,5186,93.592,Noun,1,carlos
2298,danışman,5185,93.595,Noun,1,danışman
2299,yerli,5173,93.598,Noun,1,yerli
2300,aa,5170,93.601,Interj,1,aa
2301,düzenli,5168,93.604,Adj,1,düzenli
2302,elena,5167,93.607,Noun,1,elena
2303,brad,5166,93.61,Noun,1,brad
2304,rakip,5165,93.613,Noun,1,rakip
2305,ederlemek,5161,93.616,Verb,1,ederler
2306,olasılık,5161,93.619,Noun,1,olasılığı
2307,lazım,5155,93.622,Verb,1,lazımdı
2308,boşuna,5153,93.625,Adj,1,boşuna
2309,jamie,5151,93.628,Noun,1,jamie
2310,ağrımak,5149,93.63,Verb,1,ağrıyor
2311,carol,5145,93.633,Noun,1,carol
2312,ebeveyn,5142,93.636,Noun,1,ebeveyn
2313,sim,5141,93.639,Verb,1,simdi
2314,kanka,5136,93.642,Noun,1,kanka
2315,klinik,5134,93.645,Noun,1,klinik
2316,uyanık,5133,93.648,Adj,1,uyanık
2317,penis,5126,93.651,Noun,1,penis
2318,zar,5125,93.654,Noun,1,zar
2319,ısmarlamak,5123,93.657,Verb,1,ısmarlayayım
2320,omuz,5122,93.66,Noun,1,omuz
2321,jay,5119,93.663,Noun,1,jay
2322,çukur,5115,93.666,Noun,1,çukur
2323,dalmak,5105,93.669,Noun,1,dalış
2324,oksijen,5104,93.672,Noun,1,oksijen
2325,rehin,5103,93.675,Noun,1,rehin
2326,bıçaklamak,5096,93.678,Verb,1,bıçakla
2327,anında,5093,93.681,Adv,1,anında
2328,hollywood,5089,93.683,Noun,1,hollywood
2329,çalma,5088,93.686,Noun,1,çalmayı
2330,iletmek,5084,93.689,Verb,1,ilet
2331,istihbarat,5072,93.692,Noun,1,istihbarat
2332,sophie,5066,93.695,Noun,1,sophie
2333,frankie,5063,93.698,Noun,1,frankie
2334,edward,5062,93.701,Noun,1,edward
2335,katlanmak,5062,93.704,Verb,1,katlanamıyorum
2336,tutuklu,5056,93.707,Verb,1,tutuklusun
2337,gus,5055,93.71,Noun,1,gus
2338,hop,5049,93.713,Interj,1,hop
2339,tava,5036,93.715,Noun,1,tavan
2340,herne,5032,93.718,Verb,1,herneyse
2341,kararmak,5028,93.721,Verb,1,karara
2342,cole,5024,93.724,Noun,1,cole
2343,kiralamak,5022,93.727,Verb,1,kiraladım
2344,mola,5021,93.73,Noun,1,mola
2345,tapınak,5007,93.733,Noun,1,tapınak
2346,gibbs,5006,93.736,Noun,1,gibbs
2347,domuz,4999,93.739,Noun,1,domuzlar
2348,betty,4991,93.741,Noun,1,betty
2349,nedeniyle,4986,93.744,Adv,1,nedeniyle
2350,zincir,4985,93.747,Noun,1,zinciri
2351,madde,4983,93.75,Noun,1,maddeler
2352,çatlak,4981,93.753,Noun,1,çatlak
2353,analiz,4981,93.756,Noun,1,analiz
2354,çiftlik,4981,93.759,Noun,1,çiftlik
2355,shawn,4967,93.761,Noun,1,shawn
2356,denk,4967,93.764,Noun,1,denk
2357,çamur,4964,93.767,Noun,1,çamur
2358,leke,4964,93.77,Noun,1,leke
2359,pişirmek,4962,93.773,Verb,1,pişirmek
2360,ticaret,4959,93.776,Noun,1,ticaret
2361,gizlemek,4952,93.779,Verb,1,gizlemek
2362,üretmek,4951,93.781,Verb,1,üretmek
2363,marty,4949,93.784,Noun,1,marty
2364,akraba,4946,93.787,Noun,1,akraba
2365,jessica,4945,93.79,Noun,1,jessica
2366,beth,4943,93.793,Noun,1,beth
2367,casey,4942,93.796,Noun,1,casey
2368,meclis,4936,93.798,Noun,1,meclis
2369,re,4936,93.801,Noun,1,re
2370,koparmak,4930,93.804,Verb,1,kopardın
2371,etha,4929,93.807,Noun,1,ethan
2372,fakir,4929,93.81,Noun,1,fakir
2373,kül,4926,93.813,Noun,1,kül
2374,haberdar,4924,93.815,Adj,1,haberdar
2375,feda,4920,93.818,Noun,1,feda
2376,artı,4919,93.821,Adj,1,artı
2377,incil,4915,93.824,Noun,1,İncil
2378,etkimek,4908,93.827,Verb,1,etki
2379,uyuşturucu,4907,93.83,Noun,1,uyuşturucuyu
2380,wayne,4906,93.832,Noun,1,wayne
2381,bilerek,4906,93.835,Adv,1,bilerek
2382,ziyaretçi,4906,93.838,Noun,1,ziyaretçi
2383,popüler,4899,93.841,Adj,1,popüler
2384,ar,4897,93.844,Noun,1,arı
2385,çatışmak,4895,93.847,Noun,1,çatışma
2386,prova,4894,93.849,Noun,1,prova
2387,ani,4889,93.852,Adv,1,ani
2388,nadir,4886,93.855,Adj,1,nadir
2389,büyülemek,4882,93.858,Adj,1,büyüleyici
2390,kamyonet,4882,93.861,Noun,1,kamyonet
2391,kesme,4877,93.863,Noun,1,kesme
2392,nina,4876,93.866,Noun,1,nina
2393,köpeklemek,4873,93.869,Verb,1,köpekler
2394,ötürü,4869,93.872,Postp,1,ötürü
2395,devriye,4862,93.875,Noun,1,devriye
2396,zoe,4860,93.877,Noun,1,zoe
2397,telâfi,4859,93.88,Noun,1,telafi
2398,sorgulamak,4856,93.883,Verb,1,sorgulama
2399,brown,4852,93.886,Noun,1,brown
2400,karakol,4847,93.889,Noun,1,karakola
2401,ateşlemek,4842,93.891,Verb,1,ateşle
2402,king,4841,93.894,Noun,1,king
2403,hayalî,4839,93.897,Noun,1,hayali
2404,uluslararası,4834,93.9,Adj,1,uluslararası
2405,sosis,4834,93.902,Noun,1,sosis
2406,oscar,4833,93.905,Noun,1,oscar
2407,din,4832,93.908,Noun,1,dini
2408,düzine,4826,93.911,Noun,1,düzine
2409,kusmak,4826,93.914,Verb,1,kusacağım
2410,organ,4823,93.916,Noun,1,organ
2411,dehşet,4820,93.919,Noun,1,dehşet
2412,me,4813,93.922,Noun,1,me
2413,sürü,4807,93.925,Noun,1,sürüsü
2414,ron,4806,93.927,Noun,1,ron
2415,muhafız,4806,93.93,Noun,1,muhafız
2416,porno,4800,93.933,Adj,1,porno
2417,geliştirmek,4800,93.936,Verb,1,geliştirmek
2418,ulan,4799,93.938,Interj,1,ulan
2419,asistan,4792,93.941,Noun,1,asistanı
2420,kök,4781,93.944,Noun,1,kök
2421,servet,4780,93.947,Noun,1,servet
2422,olivia,4779,93.949,Noun,1,olivia
2423,boston,4774,93.952,Noun,1,boston
2424,liz,4769,93.955,Noun,1,liz
2425,randy,4765,93.958,Noun,1,randy
2426,ab,4764,93.96,Noun,1,abla
2427,müze,4764,93.963,Noun,1,müze
2428,yatırmak,4763,93.966,Verb,1,yatırdım
2429,çaba,4761,93.969,Noun,1,çaba
2430,naber,4759,93.971,Noun,1,naber
2431,bakıcı,4759,93.974,Noun,1,bakıcı
2432,uslu,4754,93.977,Adv,1,uslu
2433,kokain,4741,93.98,Noun,1,kokain
2434,rusya,4740,93.982,Noun,1,rusya
2435,meşhur,4729,93.985,Adj,1,meşhur
2436,çat,4729,93.988,Noun,1,çatı
2437,jin,4726,93.99,Noun,1,jin
2438,angel,4721,93.993,Noun,1,angel
2439,moral,4719,93.996,Noun,1,moral
2440,elle,4707,93.999,Noun,1,ellen
2441,şükran,4706,94.001,Noun,1,şükran
2442,marshall,4706,94.004,Noun,1,marshall
2443,müdahale,4705,94.007,Noun,1,müdahale
2444,tekerlek,4703,94.009,Noun,1,tekerlekli
2445,duyar,4699,94.012,Verb,1,duyarım
2446,inan,4692,94.015,Noun,1,inanın
2447,green,4686,94.017,Noun,1,green
2448,macera,4686,94.02,Noun,1,macera
2449,sigara,4685,94.023,Noun,1,sigarayı
2450,kraliyet,4684,94.026,Noun,1,kraliyet
2451,mücevher,4678,94.028,Noun,1,mücevher
2452,mart,4669,94.031,Noun,1,mart
2453,audrey,4662,94.034,Noun,1,audrey
2454,ibne,4658,94.036,Interj,1,ibne
2455,evvel,4656,94.039,Postp,1,evvel
2456,kafes,4654,94.042,Noun,1,kafese
2457,bel,4651,94.044,Noun,1,bel
2458,mutsuz,4650,94.047,Adj,1,mutsuz
2459,saldırgan,4644,94.05,Noun,1,saldırgan
2460,sue,4642,94.052,Noun,1,sue
2461,teddy,4642,94.055,Noun,1,teddy
2462,seçilmek,4637,94.058,Adj,1,seçilmiş
2463,yutmak,4637,94.06,Verb,1,yuttu
2464,dennis,4636,94.063,Noun,1,dennis
2465,bakan,4636,94.066,Noun,1,bakanı
2466,set,4636,94.068,Noun,1,seti
2467,hı,4634,94.071,Noun,1,hı
2468,papa,4634,94.074,Noun,1,papa
2469,masaj,4624,94.076,Noun,1,masaj
2470,varlık,4624,94.079,Noun,1,varlık
2471,direkt,4623,94.082,Adv,1,direkt
2472,kel,4620,94.084,Adj,1,kel
2473,gordon,4618,94.087,Noun,1,gordon
2474,düzey,4615,94.09,Noun,1,düzey
2475,davis,4612,94.092,Noun,1,davis
2476,petrol,4601,94.095,Noun,1,petrol
2477,kuruş,4598,94.097,Noun,1,kuruş
2478,ima,4591,94.1,Noun,1,ima
2479,bastırmak,4587,94.103,Verb,1,bastır
2480,miras,4585,94.105,Noun,1,miras
2481,duma,4575,94.108,Noun,1,duman
2482,öncelik,4575,94.111,Noun,1,öncelikli
2483,lou,4566,94.113,Noun,1,lou
2484,bit,4564,94.116,Noun,1,bitince
2485,papaz,4563,94.119,Noun,1,papaz
2486,yeryüzü,4557,94.121,Noun,1,yeryüzünde
2487,giderek,4555,94.124,Adv,1,giderek
2488,kimyasal,4545,94.126,Adj,1,kimyasal
2489,çabucak,4539,94.129,Adv,1,çabucak
2490,dana,4537,94.132,Noun,1,dana
2491,damar,4537,94.134,Noun,1,damar
2492,şahane,4535,94.137,Adj,1,şahane
2493,çinli,4535,94.139,Noun,1,çinli
2494,je,4533,94.142,Noun,1,jen
2495,irlanda,4531,94.145,Noun,1,İrlanda
2496,keçi,4529,94.147,Noun,1,keçi
2497,başbakan,4528,94.15,Noun,1,başbakan
2498,hannah,4522,94.152,Noun,1,hannah
2499,beşinci,4518,94.155,Num,1,beşinci
2500,stüdyo,4518,94.158,Noun,1,stüdyo
2501,kulübe,4518,94.16,Noun,1,kulübede
2502,sapmak,4516,94.163,Adj,1,sapan
2503,düzen,4516,94.165,Noun,1,düzeni
2504,eklemek,4516,94.168,Verb,1,eklemek
2505,vadi,4508,94.171,Noun,1,vadisi
2506,piyano,4506,94.173,Noun,1,piyano
2507,lastik,4504,94.176,Noun,1,lastik
2508,fıstık,4503,94.178,Adj,1,fıstık
2509,yıllarca,4496,94.181,Adv,1,yıllarca
2510,hafıza,4496,94.184,Noun,1,hafızam
2511,deneyim,4495,94.186,Noun,1,deneyimi
2512,altyazı,4493,94.189,Noun,1,altyazı
2513,nancy,4490,94.191,Noun,1,nancy
2514,lima,4486,94.194,Noun,1,liman
2515,masraf,4486,94.196,Noun,1,masrafları
2516,hakaret,4484,94.199,Noun,1,hakaret
2517,müsait,4480,94.202,Adj,1,müsait
2518,kaptan,4480,94.204,Noun,1,kaptanı
2519,mösyö,4477,94.207,Noun,1,mösyö
2520,jeremy,4474,94.209,Noun,1,jeremy
2521,meslek,4474,94.212,Noun,1,meslek
2522,razı,4473,94.214,Adj,1,razı
2523,huy,4464,94.217,Noun,1,huysuz
2524,soymak,4462,94.22,Verb,1,soymak
2525,fe,4452,94.222,Noun,1,feci
2526,mahkum,4448,94.225,Noun,1,mahkumlar
2527,çorap,4439,94.227,Noun,1,çorap
2528,ejderha,4436,94.23,Noun,1,ejderha
2529,amma,4432,94.232,Conj,1,amma
2530,ezik,4432,94.235,Noun,1,ezik
2531,bayrak,4430,94.237,Noun,1,bayrak
2532,ter,4428,94.24,Noun,1,ter
2533,cömert,4418,94.243,Verb,1,cömert
2534,carolin,4415,94.245,Noun,1,caroline
2535,aykırı,4410,94.248,Adj,1,aykırı
2536,kuma,4410,94.25,Noun,1,kumandan
2537,maruz,4400,94.253,Adj,1,maruz
2538,maya,4396,94.255,Noun,1,maya
2539,terfi,4396,94.258,Noun,1,terfi
2540,mahvolmak,4396,94.26,Verb,1,mahvoldu
2541,keith,4390,94.263,Noun,1,keith
2542,walker,4389,94.265,Noun,1,walker
2543,yaprak,4389,94.268,Noun,1,yaprak
2544,belirsiz,4387,94.27,Adj,1,belirsiz
2545,raymond,4384,94.273,Noun,1,raymond
2546,kana,4378,94.275,Noun,1,kanada
2547,burmak,4376,94.278,Verb,1,burun
2548,nesil,4376,94.28,Noun,1,nesil
2549,avuç,4372,94.283,Noun,1,avuç
2550,yorum,4370,94.285,Noun,1,yorum
2551,ümit,4367,94.288,Noun,1,ümit
2552,yakıt,4366,94.29,Noun,1,yakıt
2553,jennifer,4364,94.293,Noun,1,jennifer
2554,dikmek,4353,94.295,Adj,1,diken
2555,bilek,4350,94.298,Noun,1,bilek
2556,hamle,4342,94.3,Noun,1,hamle
2557,aaron,4339,94.303,Noun,1,aaron
2558,tişört,4336,94.305,Noun,1,tişört
2559,matthew,4333,94.308,Noun,1,matthew
2560,politik,4330,94.31,Adj,1,politik
2561,travma,4325,94.313,Noun,1,travma
2562,martha,4324,94.315,Noun,1,martha
2563,kanepe,4324,94.318,Noun,1,kanepede
2564,lex,4322,94.32,Noun,1,lex
2565,bildik,4322,94.323,Noun,1,bildiklerini
2566,sesli,4320,94.325,Adv,1,sesli
2567,soyadı,4320,94.328,Noun,1,soyadı
2568,plastik,4315,94.33,Adj,1,plastik
2569,ağa,4314,94.333,Noun,1,ağaca
2570,kopmak,4309,94.335,Verb,1,koptu
2571,tina,4305,94.338,Noun,1,tina
2572,çelik,4303,94.34,Noun,1,çelik
2573,görgü,4299,94.343,Noun,1,görgü
2574,ekstra,4294,94.345,Adv,1,ekstra
2575,barbara,4290,94.348,Noun,1,barbara
2576,iade,4289,94.35,Noun,1,iade
2577,zil,4288,94.353,Noun,1,zil
2578,victoria,4282,94.355,Noun,1,victoria
2579,malcolm,4277,94.357,Noun,1,malcolm
2580,sonuncu,4276,94.36,Noun,1,sonuncusu
2581,bez,4275,94.362,Noun,1,bez
2582,dem,4274,94.365,Noun,1,demin
2583,mickey,4269,94.367,Noun,1,mickey
2584,sekreter,4267,94.37,Noun,1,sekreter
2585,aktif,4266,94.372,Adj,1,aktif
2586,bilimsel,4265,94.375,Adj,1,bilimsel
2587,christ,4265,94.377,Noun,1,christine
2588,dick,4261,94.38,Noun,1,dick
2589,fil,4259,94.382,Noun,1,fil
2590,eylül,4254,94.384,Noun,1,eylül
2591,keşif,4253,94.387,Noun,1,keşif
2592,donanmak,4252,94.389,Noun,1,donanma
2593,so,4252,94.392,Noun,1,so
2594,gönder,4251,94.394,Noun,1,gönderin
2595,francis,4251,94.397,Noun,1,francis
2596,şüphesiz,4246,94.399,Adv,1,şüphesiz
2597,eva,4241,94.402,Noun,1,eva
2598,tanır,4241,94.404,Noun,1,tanırım
2599,bal,4240,94.406,Noun,1,bal
2600,açma,4237,94.409,Noun,1,açmayı
2601,çalışır,4234,94.411,Noun,1,çalışırım
2602,sürüklemek,4232,94.414,Verb,1,sürükledi
2603,sonradan,4231,94.416,Adv,1,sonradan
2604,ann,4229,94.419,Noun,1,ann
2605,yoldaş,4227,94.421,Noun,1,yoldaş
2606,muazzam,4225,94.423,Adj,1,muazzam
2607,azalmak,4223,94.426,Verb,1,azalıyor
2608,rehber,4221,94.428,Noun,1,rehberlik
2609,doz,4220,94.431,Noun,1,doz
2610,eşek,4217,94.433,Noun,1,eşek
2611,alıcı,4217,94.436,Noun,1,alıcı
2612,florida,4216,94.438,Noun,1,florida
2613,logan,4215,94.44,Noun,1,logan
2614,allison,4206,94.443,Noun,1,allison
2615,final,4191,94.445,Noun,1,final
2616,whit,4189,94.448,Noun,1,white
2617,makyaj,4181,94.45,Noun,1,makyaj
2618,kızarmak,4178,94.452,Adj,1,kızarmış
2619,terapi,4177,94.455,Noun,1,terapi
2620,seyirci,4174,94.457,Noun,1,seyirci
2621,hüküm,4170,94.46,Noun,1,hüküm
2622,albert,4167,94.462,Noun,1,albert
2623,öd,4166,94.464,Noun,1,ödümü
2624,riley,4163,94.467,Noun,1,riley
2625,tesis,4162,94.469,Noun,1,tesisi
2626,ihlâl,4161,94.472,Noun,1,ihlal
2627,tükenmek,4158,94.474,Verb,1,tükeniyor
2628,departman,4155,94.476,Noun,1,departmanı
2629,heykel,4155,94.479,Noun,1,heykel
2630,dylan,4151,94.481,Noun,1,dylan
2631,kang,4147,94.484,Noun,1,kang
2632,sent,4147,94.486,Noun,1,sent
2633,içten,4145,94.488,Adj,1,içten
2634,yasadışı,4143,94.491,Adj,1,yasadışı
2635,kaçık,4142,94.493,Noun,1,kaçık
2636,nabız,4142,94.495,Noun,1,nabız
2637,nasılsa,4134,94.498,Adv,1,nasılsa
2638,pist,4133,94.5,Noun,1,pisti
2639,holly,4122,94.503,Noun,1,holly
2640,bart,4121,94.505,Noun,1,bart
2641,sorgu,4120,94.507,Noun,1,sorguya
2642,belirtmek,4116,94.51,Verb,1,belirtmek
2643,mega,4115,94.512,Noun,1,megan
2644,neil,4113,94.514,Noun,1,neil
2645,transfer,4110,94.517,Noun,1,transfer
2646,çarşamba,4109,94.519,Noun,1,çarşamba
2647,wendy,4105,94.522,Noun,1,wendy
2648,monica,4101,94.524,Noun,1,monica
2649,duy,4100,94.526,Noun,1,duyunca
2650,rüşvet,4099,94.529,Noun,1,rüşvet
2651,sıvı,4096,94.531,Noun,1,sıvı
2652,tavır,4096,94.533,Noun,1,tavır
2653,olumlu,4093,94.536,Adj,1,olumlu
2654,diane,4090,94.538,Noun,1,diane
2655,devasa,4087,94.54,Adj,1,devasa
2656,harold,4087,94.543,Noun,1,harold
2657,şahsen,4086,94.545,Adv,1,şahsen
2658,konferans,4085,94.547,Noun,1,konferans
2659,kucak,4085,94.55,Noun,1,kucak
2660,popo,4084,94.552,Noun,1,popo
2661,penny,4080,94.554,Noun,1,penny
2662,kutlu,4080,94.557,Adj,1,kutlu
2663,nazi,4080,94.559,Noun,1,nazi
2664,elli,4072,94.561,Num,1,elli
2665,connor,4072,94.564,Noun,1,connor
2666,ısırmak,4072,94.566,Verb,1,ısırdı
2667,mars,4071,94.568,Noun,1,mars
2668,kollamak,4071,94.571,Verb,1,kolla
2669,iri,4070,94.573,Adj,1,iri
2670,kızılderili,4067,94.576,Noun,1,kızılderili
2671,jean,4061,94.578,Noun,1,jean
2672,spencer,4061,94.58,Noun,1,spencer
2673,ağ,4060,94.583,Noun,1,ağı
2674,jonathan,4058,94.585,Noun,1,jonathan
2675,dayak,4056,94.587,Noun,1,dayak
2676,sammy,4054,94.59,Noun,1,sammy
2677,yavaşlamak,4052,94.592,Verb,1,yavaşla
2678,kitty,4051,94.594,Noun,1,kitty
2679,pat,4049,94.596,Dup,1,pat
2680,komut,4047,94.599,Noun,1,komuta
2681,delmek,4044,94.601,Verb,1,del
2682,juliet,4039,94.603,Noun,1,juliet
2683,röportaj,4038,94.606,Noun,1,röportaj
2684,barney,4036,94.608,Noun,1,barney
2685,favori,4035,94.61,Noun,1,favori
2686,şartlamak,4034,94.613,Verb,1,şartlar
2687,toplam,4033,94.615,Noun,1,toplam
2688,çoğunlukla,4031,94.617,Adv,1,çoğunlukla
2689,bot,4025,94.62,Noun,1,bot
2690,lewis,4024,94.622,Noun,1,lewis
2691,booth,4022,94.624,Noun,1,booth
2692,edinmek,4022,94.627,Verb,1,edinmek
2693,adet,4019,94.629,Noun,1,adet
2694,nü,4015,94.631,Noun,1,nün
2695,uğratmak,4012,94.634,Verb,1,uğrattın
2696,geyik,4011,94.636,Noun,1,geyik
2697,ocak,4011,94.638,Noun,1,ocak
2698,mühendis,4011,94.64,Noun,1,mühendis
2699,inat,4009,94.643,Noun,1,inatçı
2700,ürkütmek,4006,94.645,Verb,1,ürkütücü
2701,devir,4004,94.647,Noun,1,devrim
2702,margaret,4003,94.65,Noun,1,margaret
2703,cevaplamak,4003,94.652,Verb,1,cevaplar
2704,russell,4000,94.654,Noun,1,russell
2705,mum,4000,94.657,Noun,1,mum
2706,bağımsız,3997,94.659,Adj,1,bağımsız
2707,aralık,3990,94.661,Adj,1,aralık
2708,phoebe,3985,94.663,Noun,1,phoebe
2709,standart,3984,94.666,Noun,1,standart
2710,oran,3983,94.668,Noun,1,oranı
2711,tırnak,3982,94.67,Noun,1,tırnak
2712,travis,3977,94.673,Noun,1,travis
2713,zalim,3975,94.675,Adj,1,zalim
2714,jacob,3972,94.677,Noun,1,jacob
2715,earl,3971,94.679,Noun,1,earl
2716,eldiven,3971,94.682,Noun,1,eldiven
2717,kültür,3971,94.684,Noun,1,kültür
2718,kapılmak,3968,94.686,Verb,1,kapıldım
2719,terketmek,3968,94.689,Verb,1,terketti
2720,çörek,3963,94.691,Noun,1,çörek
2721,site,3962,94.693,Noun,1,sitesi
2722,delice,3961,94.695,Adj,1,delice
2723,tanış,3961,94.698,Adj,1,tanış
2724,toby,3960,94.7,Noun,1,toby
2725,young,3948,94.702,Noun,1,young
2726,joy,3948,94.705,Noun,1,joy
2727,yaka,3947,94.707,Noun,1,yakasında
2728,genetik,3946,94.709,Adj,1,genetik
2729,isyan,3944,94.711,Noun,1,isyan
2730,havlu,3936,94.714,Noun,1,havlu
2731,bagaj,3931,94.716,Noun,1,bagaj
2732,talih,3928,94.718,Adj,1,talihsiz
2733,acıkmak,3922,94.72,Verb,1,acıktım
2734,stephen,3919,94.723,Noun,1,stephen
2735,icat,3919,94.725,Noun,1,icat
2736,solucan,3917,94.727,Noun,1,solucan
2737,kahverengi,3915,94.729,Adj,1,kahverengi
2738,hint,3914,94.732,Noun,1,hint
2739,teker,3911,94.734,Adj,1,teker
2740,bağış,3911,94.736,Noun,1,bağış
2741,mason,3904,94.738,Noun,1,mason
2742,altın,3900,94.741,Noun,1,altıncı
2743,taktik,3898,94.743,Noun,1,taktik
2744,zemin,3897,94.745,Noun,1,zemin
2745,yapışmak,3896,94.747,Verb,1,yapış
2746,düzmek,3895,94.75,Adj,1,düzen
2747,tutar,3895,94.752,Noun,1,tutarım
2748,dinmek,3893,94.754,Verb,1,din
2749,rory,3892,94.756,Noun,1,rory
2750,berlin,3891,94.759,Noun,1,berlin
2751,kıskanç,3891,94.761,Noun,1,kıskanç
2752,arac,3884,94.763,Noun,1,aracın
2753,laure,3883,94.765,Noun,1,lauren
2754,owen,3882,94.767,Noun,1,owen
2755,tor,3878,94.77,Noun,1,torunum
2756,dizi,3878,94.772,Noun,1,dizisi
2757,sersem,3877,94.774,Adj,1,sersem
2758,miles,3869,94.776,Noun,1,miles
2759,böylesine,3866,94.779,Adv,1,böylesine
2760,sınmak,3865,94.781,Verb,1,sın
2761,cumhuriyet,3861,94.783,Noun,1,cumhuriyet
2762,pasaport,3860,94.785,Noun,1,pasaport
2763,deyi,3859,94.787,Noun,1,deyince
2764,sağır,3858,94.79,Adj,1,sağır
2765,ken,3855,94.792,Noun,1,ken
2766,pratik,3855,94.794,Adj,1,pratik
2767,parlamak,3854,94.796,Verb,1,parlayan
2768,cerrah,3849,94.799,Noun,1,cerrah
2769,house,3844,94.801,Noun,1,house
2770,abartmak,3844,94.803,Verb,1,abartma
2771,erke,3842,94.805,Noun,1,erkenden
2772,tamamlamak,3840,94.807,Verb,1,tamamlamak
2773,kaçışmak,3839,94.81,Verb,1,kaçış
2774,leonard,3832,94.812,Noun,1,leonard
2775,blok,3828,94.814,Adj,1,blok
2776,elliot,3826,94.816,Noun,1,elliot
2777,orijinal,3825,94.818,Adj,1,orijinal
2778,olumsuz,3821,94.821,Adj,1,olumsuz
2779,medya,3820,94.823,Noun,1,medya
2780,gecelik,3819,94.825,Noun,1,gecelik
2781,aldırmak,3819,94.827,Verb,1,aldırma
2782,otomatik,3816,94.829,Adj,1,otomatik
2783,kılık,3812,94.832,Noun,1,kılık
2784,shane,3810,94.834,Noun,1,shane
2785,california,3807,94.836,Noun,1,california
2786,selamlamak,3806,94.838,Verb,1,selamlar
2787,damla,3805,94.84,Noun,1,damla
2788,asya,3803,94.842,Noun,1,asya
2789,festival,3802,94.845,Noun,1,festivali
2790,doğurmak,3800,94.847,Verb,1,doğurmak
2791,bant,3797,94.849,Noun,1,bandı
2792,güverte,3791,94.851,Noun,1,güverte
2793,tracy,3790,94.853,Noun,1,tracy
2794,cin,3786,94.856,Noun,1,cin
2795,seth,3785,94.858,Noun,1,seth
2796,baskın,3782,94.86,Noun,1,baskın
2797,ekselâns,3776,94.862,Noun,1,ekselansları
2798,stanley,3775,94.864,Noun,1,stanley
2799,dawson,3771,94.866,Noun,1,dawson
2800,heyecanlanmak,3768,94.869,Verb,1,heyecanlandım
2801,defalarca,3767,94.871,Adv,1,defalarca
2802,jules,3765,94.873,Noun,1,jules
2803,aah,3765,94.875,Interj,1,aah
2804,hong,3759,94.877,Noun,1,hong
2805,koyu,3758,94.879,Adj,1,koyu
2806,r,3756,94.882,Noun,1,r
2807,muayene,3751,94.884,Noun,1,muayene
2808,hazin,3749,94.886,Noun,1,hazine
2809,çeyrek,3748,94.888,Noun,1,çeyrek
2810,ispanya,3743,94.89,Noun,1,İspanya
2811,plaka,3743,94.892,Noun,1,plaka
2812,azıcık,3742,94.894,Adj,1,azıcık
2813,tırmanmak,3739,94.897,Verb,1,tırman
2814,asil,3736,94.899,Adj,1,asil
2815,gol,3735,94.901,Noun,1,gol
2816,albüm,3727,94.903,Noun,1,albüm
2817,walt,3726,94.905,Noun,1,walt
2818,list,3723,94.907,Noun,1,liste
2819,ehliyet,3723,94.91,Noun,1,ehliyet
2820,vuruşmak,3722,94.912,Verb,1,vuruş
2821,biftek,3722,94.914,Noun,1,biftek
2822,bakire,3721,94.916,Verb,1,bakire
2823,ayırt,3721,94.918,Noun,1,ayırt
2824,çantay,3719,94.92,Noun,1,çantayı
2825,bombay,3718,94.922,Noun,1,bombayı
2826,metro,3718,94.924,Noun,1,metro
2827,yurt,3715,94.927,Noun,1,yurt
2828,sandık,3715,94.929,Noun,1,sandığından
2829,jenna,3708,94.931,Noun,1,jenna
2830,jung,3707,94.933,Noun,1,jung
2831,koşul,3707,94.935,Noun,1,koşulları
2832,kovboy,3704,94.937,Noun,1,kovboy
2833,alışkan,3702,94.939,Noun,1,alışkanlık
2834,buzdolabı,3699,94.942,Noun,1,buzdolabı
2835,kesik,3697,94.944,Noun,1,kesik
2836,sizsiniz,3696,94.946,Noun,1,sizsiniz
2837,bara,3692,94.948,Noun,1,bara
2838,gardiyan,3689,94.95,Noun,1,gardiyan
2839,itaat,3687,94.952,Noun,1,itaat
2840,yargılamak,3687,94.954,Verb,1,yargılama
2841,cümle,3680,94.956,Noun,1,cümle
2842,taşak,3675,94.958,Noun,1,taşak
2843,grant,3671,94.961,Noun,1,grant
2844,sudan,3671,94.963,Adj,1,sudan
2845,toparlamak,3671,94.965,Verb,1,toparla
2846,kamu,3670,94.967,Adj,1,kamu
2847,şantaj,3664,94.969,Noun,1,şantaj
2848,kavuşmak,3664,94.971,Verb,1,kavuşturalım
2849,mitchell,3662,94.973,Noun,1,mitchell
2850,potansiyel,3662,94.975,Noun,1,potansiyel
2851,muhabbet,3662,94.977,Noun,1,muhabbet
2852,aşama,3662,94.98,Noun,1,aşamada
2853,geçişmek,3661,94.982,Verb,1,geçiş
2854,konsantre,3652,94.984,Adj,1,konsantre
2855,toplum,3638,94.986,Noun,1,toplumun
2856,bonnie,3637,94.988,Noun,1,bonnie
2857,dövüş,3633,94.99,Noun,1,dövüşü
2858,blake,3632,94.992,Noun,1,blake
2859,muamele,3629,94.994,Noun,1,muamele
2860,mulder,3628,94.996,Noun,1,mulder
2861,harris,3625,94.998,Noun,1,harris
2862,fincan,3622,95.0,Noun,1,fincan
2863,kabuk,3622,95.003,Noun,1,kabuğu
2864,uğraş,3617,95.005,Verb,1,uğraştım
2865,kampanya,3616,95.007,Noun,1,kampanya
2866,yazın,3615,95.009,Adv,1,yazın
2867,otopsi,3614,95.011,Noun,1,otopsi
2868,norma,3612,95.013,Noun,1,norman
2869,imha,3610,95.015,Noun,1,imha
2870,piyasa,3610,95.017,Noun,1,piyasaya
2871,lakin,3607,95.019,Conj,1,lakin
2872,felç,3606,95.021,Noun,1,felç
2873,flört,3603,95.023,Noun,1,flört
2874,francisco,3601,95.025,Noun,1,francisco
2875,aranmak,3601,95.027,Adj,1,aranıyor
2876,titremek,3600,95.03,Verb,1,titriyor
2877,virginia,3597,95.032,Noun,1,virginia
2878,chi,3597,95.034,Noun,1,chi
2879,aleyh,3593,95.036,Noun,1,aleyhine
2880,tamamıyla,3591,95.038,Adv,1,tamamıyla
2881,yönetim,3588,95.04,Noun,1,yönetimi
2882,temmuz,3587,95.042,Noun,1,temmuz
2883,jersey,3585,95.044,Noun,1,jersey
2884,williams,3584,95.046,Noun,1,williams
2885,makul,3582,95.048,Adj,1,makul
2886,elden,3581,95.05,Adv,1,elden
2887,clay,3579,95.052,Noun,1,clay
2888,budala,3577,95.054,Adj,1,budala
2889,belirli,3574,95.056,Adj,1,belirli
2890,anthony,3573,95.058,Noun,1,anthony
2891,samimi,3570,95.06,Adv,1,samimi
2892,konsey,3570,95.062,Noun,1,konsey
2893,kafatası,3570,95.065,Noun,1,kafatası
2894,lincoln,3569,95.067,Noun,1,lincoln
2895,simpson,3567,95.069,Noun,1,simpson
2896,kont,3566,95.071,Noun,1,kont
2897,hayatî,3565,95.073,Noun,1,hayati
2898,minibüs,3564,95.075,Noun,1,minibüs
2899,muhtemel,3563,95.077,Adj,1,muhtemel
2900,lokanta,3562,95.079,Noun,1,lokanta
2901,beyzbol,3557,95.081,Noun,1,beyzbol
2902,takas,3551,95.083,Noun,1,takas
2903,ördek,3546,95.085,Noun,1,ördek
2904,doğrulamak,3546,95.087,Verb,1,doğruladı
2905,carlamak,3545,95.089,Verb,1,carla
2906,dahası,3543,95.091,Adv,1,dahası
2907,nora,3542,95.093,Noun,1,nora
2908,ruth,3540,95.095,Noun,1,ruth
2909,çıktı,3539,95.097,Noun,1,çıktılar
2910,christopher,3535,95.099,Noun,1,christopher
2911,yırtmak,3535,95.101,Verb,1,yırtıcı
2912,tüp,3532,95.103,Noun,1,tüp
2913,galâksi,3531,95.105,Noun,1,galaksi
2914,yeraltı,3530,95.107,Noun,1,yeraltı
2915,hitap,3525,95.109,Noun,1,hitap
2916,sör,3525,95.111,Noun,1,sör
2917,aktör,3521,95.113,Noun,1,aktör
2918,başlık,3520,95.115,Noun,1,başlık
2919,sinek,3516,95.117,Noun,1,sinek
2920,sirk,3516,95.12,Noun,1,sirk
2921,kaliforniya,3514,95.122,Noun,1,kaliforniya
2922,ellie,3512,95.124,Noun,1,ellie
2923,itfaiye,3512,95.126,Noun,1,itfaiye
2924,sakal,3507,95.128,Noun,1,sakal
2925,acınmak,3504,95.13,Adj,1,acınası
2926,monk,3496,95.132,Noun,1,monk
2927,sembol,3491,95.134,Noun,1,sembolü
2928,liam,3487,95.136,Noun,1,liam
2929,gloria,3486,95.138,Noun,1,gloria
2930,af,3486,95.14,Noun,1,af
2931,mazeret,3485,95.142,Noun,1,mazeret
2932,mm,3484,95.144,Noun,1,mm
2933,yürütmek,3481,95.146,Verb,1,yürütmek
2934,my,3480,95.148,Noun,1,my
2935,birdenbire,3474,95.15,Adv,1,birdenbire
2936,kullanım,3473,95.152,Noun,1,kullanımı
2937,yeah,3472,95.154,Noun,1,yeah
2938,mitch,3471,95.156,Noun,1,mitch
2939,tank,3468,95.158,Noun,1,tank
2940,durak,3468,95.16,Noun,1,durak
2941,birader,3465,95.162,Interj,1,birader
2942,sid,3465,95.164,Noun,1,sid
2943,sandy,3461,95.166,Noun,1,sandy
2944,zeyna,3457,95.168,Noun,1,zeyna
2945,mahsur,3457,95.17,Noun,1,mahsuru
2946,tören,3453,95.172,Noun,1,törenine
2947,vicdan,3452,95.174,Noun,1,vicdan
2948,quinn,3448,95.176,Noun,1,quinn
2949,ölçü,3448,95.177,Noun,1,ölçüde
2950,natalie,3447,95.179,Noun,1,natalie
2951,wow,3442,95.181,Noun,1,wow
2952,vic,3441,95.183,Noun,1,vic
2953,sydney,3439,95.185,Noun,1,sydney
2954,şık,3436,95.187,Adj,1,şık
2955,april,3436,95.189,Noun,1,april
2956,lezbiyen,3436,95.191,Adj,1,lezbiyen
2957,talimat,3428,95.193,Noun,1,talimatları
2958,çakmak,3427,95.195,Verb,1,çakmak
2959,ronnie,3426,95.197,Noun,1,ronnie
2960,şeytanî,3424,95.199,Adj,1,şeytani
2961,black,3418,95.201,Noun,1,black
2962,ji,3418,95.203,Noun,1,ji
2963,brenda,3418,95.205,Noun,1,brenda
2964,çifte,3417,95.207,Adj,1,çifte
2965,istem,3416,95.209,Verb,1,istemeyiz
2966,psikolojik,3414,95.211,Adj,1,psikolojik
2967,haydut,3413,95.213,Noun,1,haydut
2968,yönlenmek,3413,95.215,Verb,1,yönlendirdi
2969,cad,3409,95.217,Noun,1,cadde
2970,tıkmak,3407,95.219,Verb,1,tık
2971,paige,3404,95.221,Noun,1,paige
2972,komplo,3404,95.223,Noun,1,komplo
2973,desen,3403,95.225,Noun,1,desene
2974,sadakat,3403,95.227,Noun,1,sadakat
2975,teksas,3401,95.229,Noun,1,teksas
2976,biyolojik,3400,95.231,Adj,1,biyolojik
2977,dolayısıyla,3400,95.233,Adv,1,dolayısıyla
2978,kalıntı,3400,95.234,Noun,1,kalıntıları
2979,inşaat,3399,95.236,Noun,1,inşaat
2980,kolye,3397,95.238,Noun,1,kolye
2981,leslie,3395,95.24,Noun,1,leslie
2982,sant,3393,95.242,Noun,1,santa
2983,hill,3391,95.244,Noun,1,hill
2984,heather,3391,95.246,Noun,1,heather
2985,vietnam,3391,95.248,Noun,1,vietnam
2986,kırk,3389,95.25,Num,1,kırk
2987,verem,3388,95.252,Verb,1,veremeyiz
2988,man,3388,95.254,Noun,1,man
2989,komite,3388,95.256,Noun,1,komitesi
2990,alfa,3382,95.258,Noun,1,alfa
2991,avustralya,3380,95.26,Noun,1,avustralya
2992,tae,3378,95.262,Noun,1,tae
2993,kurbağa,3378,95.264,Noun,1,kurbağa
2994,sopa,3376,95.266,Noun,1,sopayı
2995,atar,3375,95.268,Noun,1,atarım
2996,kupa,3373,95.27,Noun,1,kupa
2997,zarf,3373,95.271,Noun,1,zarf
2998,ralph,3369,95.273,Noun,1,ralph
2999,müslüman,3367,95.275,Noun,1,müslüman
3000,craig,3360,95.277,Noun,1,craig
3001,sığınak,3359,95.279,Noun,1,sığınak
3002,zirve,3353,95.281,Noun,1,zirveye
3003,tokyo,3347,95.283,Noun,1,tokyo
3004,rekabet,3346,95.285,Noun,1,rekabet
3005,star,3344,95.287,Noun,1,star
3006,basketbol,3344,95.289,Noun,1,basketbol
3007,gösteriş,3340,95.291,Adj,1,gösterişli
3008,mcgee,3336,95.293,Noun,1,mcgee
3009,arap,3336,95.295,Adj,1,arap
3010,gitar,3334,95.296,Noun,1,gitar
3011,rita,3331,95.298,Noun,1,rita
3012,brooke,3329,95.3,Noun,1,brooke
3013,mario,3319,95.302,Noun,1,mario
3014,kova,3315,95.304,Noun,1,kova
3015,yepyeni,3313,95.306,Adj,1,yepyeni
3016,tıraş,3313,95.308,Noun,1,tıraş
3017,veronica,3308,95.31,Noun,1,veronica
3018,mürettebat,3308,95.312,Noun,1,mürettebat
3019,gri,3306,95.314,Adj,1,gri
3020,ricky,3306,95.316,Noun,1,ricky
3021,cameron,3300,95.317,Noun,1,cameron
3022,radyasyon,3298,95.319,Noun,1,radyasyon
3023,finn,3293,95.321,Noun,1,finn
3024,öner,3293,95.323,Noun,1,öneri
3025,hee,3292,95.325,Noun,1,hee
3026,türk,3292,95.327,Noun,1,türk
3027,mira,3291,95.329,Noun,1,miranda
3028,ned,3290,95.331,Noun,1,ned
3029,vaftiz,3290,95.333,Noun,1,vaftiz
3030,haziran,3290,95.334,Noun,1,haziran
3031,tekrarlamak,3290,95.336,Verb,1,tekrarlıyorum
3032,ulus,3290,95.338,Noun,1,ulus
3033,woo,3285,95.34,Noun,1,woo
3034,resimlemek,3285,95.342,Verb,1,resimler
3035,acilen,3281,95.344,Adv,1,acilen
3036,esrar,3278,95.346,Noun,1,esrar
3037,hikâyelemek,3278,95.348,Verb,1,hikayeler
3038,gözetlemek,3278,95.35,Verb,1,gözetleme
3039,philip,3277,95.351,Noun,1,philip
3040,filo,3274,95.353,Noun,1,filosu
3041,arttırmak,3274,95.355,Verb,1,arttırmak
3042,nesne,3273,95.357,Noun,1,nesne
3043,che,3268,95.359,Noun,1,chen
3044,mor,3268,95.361,Noun,1,mor
3045,sürme,3268,95.363,Noun,1,sürme
3046,üşümek,3265,95.365,Verb,1,üşüyorum
3047,sahtekâr,3263,95.366,Adj,1,sahtekar
3048,holmes,3262,95.368,Noun,1,holmes
3049,kong,3259,95.37,Noun,1,kong
3050,madalya,3258,95.372,Noun,1,madalya
3051,saygın,3256,95.374,Noun,1,saygın
3052,ucube,3255,95.376,Adj,1,ucube
3053,lane,3254,95.378,Noun,1,lane
3054,gözetim,3254,95.38,Noun,1,gözetim
3055,poker,3253,95.381,Noun,1,poker
3056,göbek,3252,95.383,Noun,1,göbek
3057,zırh,3249,95.385,Noun,1,zırhlı
3058,nicole,3248,95.387,Noun,1,nicole
3059,troy,3242,95.389,Noun,1,troy
3060,leon,3242,95.391,Noun,1,leon
3061,esirmek,3238,95.393,Verb,1,esir
3062,hayvanat,3238,95.395,Noun,1,hayvanat
3063,masal,3237,95.396,Noun,1,masal
3064,blair,3236,95.398,Noun,1,blair
3065,may,3236,95.4,Noun,1,may
3066,nelson,3234,95.402,Noun,1,nelson
3067,y,3233,95.404,Noun,1,y
3068,erimek,3232,95.406,Verb,1,eriyor
3069,dikiş,3231,95.408,Noun,1,dikiş
3070,marge,3230,95.409,Noun,1,marge
3071,bilim,3230,95.411,Noun,1,bilimi
3072,âmâ,3223,95.413,Noun,1,amanın
3073,balina,3223,95.415,Noun,1,balina
3074,alicia,3220,95.417,Noun,1,alicia
3075,alerji,3219,95.419,Noun,1,alerjisi
3076,katolik,3218,95.42,Noun,1,katolik
3077,öpüşmek,3218,95.422,Verb,1,öpüşme
3078,füze,3217,95.424,Noun,1,füze
3079,wade,3216,95.426,Noun,1,wade
3080,adria,3214,95.428,Noun,1,adrian
3081,yetersiz,3213,95.43,Noun,1,yetersiz
3082,samantha,3208,95.432,Noun,1,samantha
3083,şövalye,3208,95.433,Noun,1,şövalye
3084,çalıntı,3207,95.435,Adj,1,çalıntı
3085,organize,3205,95.437,Adj,1,organize
3086,tenis,3201,95.439,Noun,1,tenis
3087,lara,3200,95.441,Noun,1,lara
3088,kongre,3198,95.443,Noun,1,kongre
3089,irtibat,3198,95.444,Noun,1,irtibata
3090,dolanmak,3194,95.446,Adv,1,dolanıp
3091,vanessa,3192,95.448,Noun,1,vanessa
3092,ispanyol,3191,95.45,Noun,1,İspanyol
3093,kaçta,3190,95.452,Adv,1,kaçta
3094,yanık,3185,95.454,Noun,1,yanık
3095,lavabo,3185,95.455,Noun,1,lavaboya
3096,indirim,3184,95.457,Noun,1,indirim
3097,hector,3183,95.459,Noun,1,hector
3098,muz,3174,95.461,Noun,1,muz
3099,rozet,3173,95.463,Noun,1,rozet
3100,turta,3172,95.465,Noun,1,turta
3101,çağ,3172,95.466,Noun,1,çağı
3102,sovyet,3167,95.468,Noun,1,sovyet
3103,şayet,3165,95.47,Conj,1,şayet
3104,kartal,3165,95.472,Noun,1,kartal
3105,koleksiyon,3165,95.474,Noun,1,koleksiyonu
3106,kazanç,3162,95.476,Noun,1,kazanç
3107,batırmak,3162,95.477,Verb,1,batırdım
3108,sızmak,3161,95.479,Verb,1,sızmış
3109,christian,3160,95.481,Noun,1,christian
3110,önlem,3160,95.483,Noun,1,önlem
3111,bilinmeyen,3158,95.485,Adj,1,bilinmeyen
3112,kalkışmak,3158,95.486,Verb,1,kalkış
3113,hassiktir,3156,95.488,Noun,1,hassiktir
3114,hayret,3155,95.49,Interj,1,hayret
3115,eroin,3154,95.492,Noun,1,eroin
3116,gina,3152,95.494,Noun,1,gina
3117,dul,3151,95.495,Adj,1,dul
3118,sözcük,3151,95.497,Noun,1,sözcük
3119,neal,3149,95.499,Noun,1,neal
3120,pasta,3149,95.501,Noun,1,pastayı
3121,memnuniyetle,3145,95.503,Adv,1,memnuniyetle
3122,mantar,3145,95.505,Noun,1,mantar
3123,moskova,3144,95.506,Noun,1,moskova
3124,kuşku,3141,95.508,Adj,1,kuşkusuz
3125,stark,3140,95.51,Noun,1,stark
3126,mel,3139,95.512,Dup,1,mel
3127,performans,3138,95.514,Noun,1,performans
3128,meg,3137,95.515,Noun,1,meg
3129,dale,3136,95.517,Noun,1,dale
3130,daphne,3135,95.519,Noun,1,daphne
3131,damat,3131,95.521,Noun,1,damat
3132,fakülte,3131,95.523,Noun,1,fakültesi
3133,manhattan,3129,95.524,Noun,1,manhattan
3134,hayli,3126,95.526,Adj,1,hayli
3135,budamak,3124,95.528,Verb,1,buda
3136,yanlışlıkla,3123,95.53,Adv,1,yanlışlıkla
3137,hafız,3121,95.532,Noun,1,hafıza
3138,warren,3118,95.533,Noun,1,warren
3139,jill,3116,95.535,Noun,1,jill
3140,big,3114,95.537,Noun,1,big
3141,ilaçlamak,3113,95.539,Verb,1,ilaçlar
3142,işgal,3111,95.54,Noun,1,işgal
3143,ata,3108,95.542,Noun,1,atalarımız
3144,katherine,3107,95.544,Noun,1,katherine
3145,west,3107,95.546,Noun,1,west
3146,sinsi,3106,95.548,Adj,1,sinsi
3147,karavan,3106,95.549,Noun,1,karavan
3148,gözaltı,3104,95.551,Noun,1,gözaltına
3149,nisa,3103,95.553,Noun,1,nisan
3150,amiral,3098,95.555,Noun,1,amiral
3151,beter,3098,95.557,Adj,1,beter
3152,inşallah,3097,95.558,Interj,1,İnşallah
3153,yunmak,3096,95.56,Adj,1,yunan
3154,fransızca,3094,95.562,Adj,1,fransızca
3155,israil,3094,95.564,Noun,1,İsrail
3156,kürek,3087,95.565,Noun,1,kürek
3157,mesai,3083,95.567,Noun,1,mesai
3158,g,3081,95.569,Noun,1,g
3159,pirinç,3080,95.571,Adj,1,pirinç
3160,makale,3080,95.573,Noun,1,makale
3161,becerik,3080,95.574,Adj,1,beceriksiz
3162,koma,3078,95.576,Noun,1,komada
3163,fener,3078,95.578,Noun,1,feneri
3164,küçücük,3077,95.58,Adj,1,küçücük
3165,lloyd,3076,95.581,Noun,1,lloyd
3166,avantaj,3076,95.583,Noun,1,avantaj
3167,yat,3074,95.585,Noun,1,yatın
3168,drew,3072,95.587,Noun,1,drew
3169,melissa,3072,95.588,Noun,1,melissa
3170,castle,3072,95.59,Noun,1,castle
3171,buffy,3071,95.592,Noun,1,buffy
3172,tepmek,3070,95.594,Verb,1,tepe
3173,çıkacak,3069,95.596,Noun,1,çıkacağını
3174,sharon,3068,95.597,Noun,1,sharon
3175,kristal,3068,95.599,Noun,1,kristal
3176,sebze,3065,95.601,Noun,1,sebze
3177,pamuk,3064,95.603,Adj,1,pamuk
3178,had,3064,95.604,Noun,1,haddini
3179,gülünç,3063,95.606,Adj,1,gülünç
3180,susamak,3062,95.608,Verb,1,susadım
3181,cüce,3059,95.61,Adj,1,cüce
3182,nefis,3058,95.611,Adj,1,nefis
3183,salim,3053,95.613,Adj,1,salim
3184,damon,3053,95.615,Noun,1,damon
3185,zack,3053,95.617,Noun,1,zack
3186,binay,3048,95.618,Noun,1,binayı
3187,teslimat,3047,95.62,Noun,1,teslimat
3188,firma,3046,95.622,Noun,1,firma
3189,varsaymak,3045,95.624,Verb,1,varsayıyorum
3190,won,3043,95.625,Noun,1,won
3191,portakal,3040,95.627,Noun,1,portakal
3192,rakam,3040,95.629,Noun,1,rakam
3193,ey,3037,95.631,Interj,1,ey
3194,tabut,3035,95.632,Noun,1,tabut
3195,mayıs,3031,95.634,Noun,1,mayıs
3196,mafya,3030,95.636,Noun,1,mafya
3197,piper,3027,95.638,Noun,1,piper
3198,tembel,3025,95.639,Adj,1,tembel
3199,gele,3024,95.641,Noun,1,gelenin
3200,şafak,3023,95.643,Noun,1,şafak
3201,z,3020,95.645,Noun,1,z
3202,çevirme,3020,95.646,Noun,1,çevirmen
3203,janet,3015,95.648,Noun,1,janet
3204,kefalet,3014,95.65,Noun,1,kefalet
3205,willie,3013,95.651,Noun,1,willie
3206,mill,3013,95.653,Noun,1,milli
3207,nine,3013,95.655,Noun,1,nine
3208,ahır,3009,95.657,Noun,1,ahırda
3209,doğuştan,3008,95.658,Adv,1,doğuştan
3210,çiğnemek,3005,95.66,Verb,1,çiğnemek
3211,ayı,3004,95.662,Noun,1,ayıyı
3212,amber,3003,95.664,Noun,1,amber
3213,perde,3002,95.665,Noun,1,perdeleri
3214,fotoğraflamak,3000,95.667,Verb,1,fotoğraflar
3215,bud,2996,95.669,Noun,1,bud
3216,kravat,2993,95.67,Noun,1,kravat
3217,apartman,2992,95.672,Noun,1,apartman
3218,zombi,2990,95.674,Noun,1,zombi
3219,yanlız,2985,95.676,Noun,1,yanlız
3220,profil,2985,95.677,Noun,1,profil
3221,kıymet,2983,95.679,Adj,1,kıymetli
3222,elektronik,2981,95.681,Adj,1,elektronik
3223,malî,2980,95.682,Adj,1,mali
3224,çadır,2976,95.684,Noun,1,çadır
3225,kura,2972,95.686,Noun,1,kuran
3226,layık,2971,95.688,Adj,1,layık
3227,haley,2968,95.689,Noun,1,haley
3228,roket,2968,95.691,Noun,1,roket
3229,joan,2964,95.693,Noun,1,joan
3230,düşünür,2964,95.694,Noun,1,düşünürüm
3231,bilge,2963,95.696,Noun,1,bilge
3232,boz,2960,95.698,Verb,1,bozdu
3233,harper,2958,95.7,Noun,1,harper
3234,tümör,2958,95.701,Noun,1,tümör
3235,ashley,2956,95.703,Noun,1,ashley
3236,önlemek,2953,95.705,Verb,1,önlemek
3237,ilişkin,2952,95.706,Postp,1,ilişkin
3238,âlem,2952,95.708,Noun,1,alemde
3239,akademi,2951,95.71,Noun,1,akademisi
3240,sabıka,2950,95.711,Noun,1,sabıka
3241,mia,2949,95.713,Noun,1,mia
3242,gözlem,2949,95.715,Noun,1,gözlem
3243,çekinmek,2949,95.717,Verb,1,çekinme
3244,las,2948,95.718,Noun,1,las
3245,düşün,2947,95.72,Noun,1,düşününce
3246,yâr,2945,95.722,Noun,1,yardim
3247,colin,2944,95.723,Noun,1,colin
3248,palyaço,2944,95.725,Noun,1,palyaço
3249,ıslak,2942,95.727,Adj,1,ıslak
3250,brooklyn,2941,95.728,Noun,1,brooklyn
3251,lindsay,2939,95.73,Noun,1,lindsay
3252,bilemek,2937,95.732,Verb,1,bilemem
3253,sis,2937,95.733,Noun,1,sis
3254,tohum,2937,95.735,Noun,1,tohum
3255,papel,2931,95.737,Noun,1,papel
3256,poirot,2928,95.738,Noun,1,poirot
3257,felix,2928,95.74,Noun,1,felix
3258,sonuçlamak,2925,95.742,Verb,1,sonuçlar
3259,twitter,2924,95.744,Noun,1,twitter
3260,afiyet,2924,95.745,Noun,1,afiyet
3261,watson,2923,95.747,Noun,1,watson
3262,we,2923,95.749,Noun,1,we
3263,for,2923,95.75,Noun,1,for
3264,şüphelenmek,2918,95.752,Verb,1,şüpheleniyorum
3265,olgun,2917,95.754,Adj,1,olgun
3266,düğme,2915,95.755,Noun,1,düğmesi
3267,lüks,2913,95.757,Adj,1,lüks
3268,allen,2913,95.759,Noun,1,allen
3269,mikey,2912,95.76,Noun,1,mikey
3270,manny,2911,95.762,Noun,1,manny
3271,çan,2909,95.764,Noun,1,çan
3272,griff,2907,95.765,Noun,1,griffin
3273,clyde,2904,95.767,Noun,1,clyde
3274,daisy,2904,95.769,Noun,1,daisy
3275,takdim,2903,95.77,Noun,1,takdim
3276,benny,2903,95.772,Noun,1,benny
3277,burke,2902,95.774,Noun,1,burke
3278,diego,2902,95.775,Noun,1,diego
3279,taç,2902,95.777,Noun,1,taç
3280,asmak,2902,95.779,Verb,1,asmak
3281,antik,2894,95.78,Adj,1,antik
3282,wallace,2894,95.782,Noun,1,wallace
3283,elaine,2892,95.784,Noun,1,elaine
3284,hindi,2892,95.785,Adj,1,hindi
3285,patty,2890,95.787,Noun,1,patty
3286,clara,2890,95.789,Noun,1,clara
3287,go,2889,95.79,Noun,1,go
3288,diana,2889,95.792,Noun,1,diana
3289,inanılmaz,2889,95.794,Verb,1,inanılmazdı
3290,meryem,2887,95.795,Noun,1,meryem
3291,isabet,2887,95.797,Interj,1,isabet
3292,atmosfer,2886,95.799,Noun,1,atmosfer
3293,çubuk,2885,95.8,Noun,1,çubuk
3294,küba,2884,95.802,Noun,1,küba
3295,ford,2882,95.804,Noun,1,ford
3296,çürümek,2880,95.805,Verb,1,çürümüş
3297,aslan,2880,95.807,Noun,1,aslanım
3298,göçmen,2879,95.809,Adj,1,göçmen
3299,curtis,2877,95.81,Noun,1,curtis
3300,rob,2877,95.812,Noun,1,rob
3301,araban,2873,95.813,Noun,1,arabanı
3302,meredith,2872,95.815,Noun,1,meredith
3303,fiş,2872,95.817,Noun,1,fişi
3304,ari,2868,95.818,Adj,1,ari
3305,şaşmak,2864,95.82,Verb,1,şaşmamalı
3306,mühür,2864,95.822,Noun,1,mührü
3307,murphy,2860,95.823,Noun,1,murphy
3308,polonya,2860,95.825,Noun,1,polonya
3309,have,2857,95.827,Noun,1,have
3310,negatif,2856,95.828,Adj,1,negatif
3311,duke,2856,95.83,Noun,1,duke
3312,gey,2856,95.832,Noun,1,gey
3313,kaçınmak,2856,95.833,Verb,1,kaçınılmaz
3314,takt,2855,95.835,Noun,1,taktım
3315,krem,2852,95.837,Noun,1,krem
3316,dwight,2850,95.838,Noun,1,dwight
3317,cephe,2848,95.84,Noun,1,cephe
3318,stuart,2847,95.841,Noun,1,stuart
3319,plaj,2846,95.843,Noun,1,plaj
3320,crane,2845,95.845,Noun,1,crane
3321,cd,2844,95.846,Noun,1,cd
3322,anderson,2841,95.848,Noun,1,anderson
3323,tahrik,2834,95.85,Noun,1,tahrik
3324,bauer,2833,95.851,Noun,1,bauer
3325,psikopat,2831,95.853,Noun,1,psikopat
3326,bulduk,2831,95.854,Noun,1,buldukları
3327,franklin,2829,95.856,Noun,1,franklin
3328,anlık,2829,95.858,Adj,1,anlık
3329,stefan,2828,95.859,Noun,1,stefan
3330,farz,2825,95.861,Noun,1,farz
3331,chase,2824,95.863,Noun,1,chase
3332,batman,2821,95.864,Noun,1,batman
3333,ikram,2821,95.866,Noun,1,ikram
3334,pound,2819,95.867,Noun,1,pound
3335,egzersiz,2818,95.869,Noun,1,egzersiz
3336,sir,2810,95.871,Noun,1,sir
3337,karımak,2810,95.872,Verb,1,karıma
3338,onaylamak,2810,95.874,Verb,1,onayladı
3339,tabanca,2808,95.876,Noun,1,tabancası
3340,ortalama,2806,95.877,Noun,1,ortalama
3341,kay,2805,95.879,Noun,1,kayda
3342,baskı,2805,95.88,Noun,1,baskısı
3343,benjamin,2804,95.882,Noun,1,benjamin
3344,gösterge,2802,95.884,Noun,1,göstergesi
3345,erişim,2801,95.885,Noun,1,erişim
3346,soo,2798,95.887,Noun,1,soo
3347,mezuniyet,2798,95.888,Noun,1,mezuniyet
3348,enfeksiyon,2798,95.89,Noun,1,enfeksiyon
3349,kese,2794,95.892,Noun,1,kesen
3350,pozitif,2793,95.893,Adj,1,pozitif
3351,komünist,2793,95.895,Noun,1,komünist
3352,emanet,2791,95.896,Noun,1,emanet
3353,muhammed,2791,95.898,Noun,1,muhammed
3354,esnasında,2790,95.9,Adv,1,esnasında
3355,insanoğlu,2786,95.901,Noun,1,insanoğlunun
3356,kirk,2782,95.903,Noun,1,kirk
3357,palmer,2781,95.904,Noun,1,palmer
3358,antrenman,2781,95.906,Noun,1,antrenman
3359,kokteyl,2780,95.908,Noun,1,kokteyl
3360,taba,2778,95.909,Noun,1,tabanca
3361,seattle,2774,95.911,Noun,1,seattle
3362,paha,2773,95.912,Noun,1,pahasına
3363,muhabir,2773,95.914,Noun,1,muhabir
3364,heves,2768,95.916,Noun,1,hevesli
3365,antonio,2767,95.917,Noun,1,antonio
3366,sefil,2766,95.919,Adj,1,sefil
3367,debbie,2764,95.92,Noun,1,debbie
3368,ayıp,2761,95.922,Adj,1,ayıp
3369,sözde,2761,95.924,Adv,1,sözde
3370,lemon,2758,95.925,Noun,1,lemon
3371,kere,2752,95.927,Noun,1,kereliğine
3372,graham,2747,95.928,Noun,1,graham
3373,whoa,2745,95.93,Noun,1,whoa
3374,naomi,2740,95.931,Noun,1,naomi
3375,kast,2739,95.933,Noun,1,kast
3376,koşu,2739,95.935,Noun,1,koşu
3377,gü,2737,95.936,Noun,1,güce
3378,sevi,2736,95.938,Noun,1,seviye
3379,ağustos,2734,95.939,Noun,1,ağustos
3380,daim,2728,95.941,Adv,1,daim
3381,avlamak,2726,95.942,Verb,1,avlamak
3382,rekor,2724,95.944,Noun,1,rekor
3383,becky,2722,95.946,Noun,1,becky
3384,tereddüt,2722,95.947,Noun,1,tereddüt
3385,teşvik,2720,95.949,Noun,1,teşvik
3386,kalaba,2719,95.95,Noun,1,kalabalığın
3387,çaylak,2717,95.952,Adj,1,çaylak
3388,boğa,2713,95.953,Noun,1,boğa
3389,cezalandırmak,2712,95.955,Verb,1,cezalandırmak
3390,ivan,2708,95.957,Noun,1,ivan
3391,kennedy,2705,95.958,Noun,1,kennedy
3392,brando,2704,95.96,Noun,1,brandon
3393,küre,2700,95.961,Noun,1,küresel
3394,küstah,2700,95.963,Adj,1,küstah
3395,hergün,2698,95.964,Noun,1,hergün
3396,zach,2697,95.966,Noun,1,zach
3397,gelişim,2696,95.967,Noun,1,gelişim
3398,dır,2693,95.969,Dup,1,dır
3399,times,2691,95.971,Noun,1,times
3400,boru,2690,95.972,Noun,1,borusu
3401,kararlamak,2689,95.974,Verb,1,kararlar
3402,serena,2687,95.975,Noun,1,serena
3403,kalça,2686,95.977,Noun,1,kalça
3404,duncan,2685,95.978,Noun,1,duncan
3405,şarj,2685,95.98,Noun,1,şarj
3406,biber,2684,95.981,Noun,1,biber
3407,tanımlamak,2682,95.983,Verb,1,tanımlama
3408,turner,2681,95.984,Noun,1,turner
3409,lydia,2679,95.986,Noun,1,lydia
3410,şöhret,2679,95.987,Noun,1,şöhret
3411,kritik,2677,95.989,Adj,1,kritik
3412,esmek,2677,95.991,Verb,1,eser
3413,kutsamak,2677,95.992,Verb,1,kutsasın
3414,kazara,2674,95.994,Adv,1,kazara
3415,küp,2674,95.995,Noun,1,küp
3416,von,2672,95.997,Noun,1,von
3417,rees,2670,95.998,Noun,1,reese
3418,ışın,2666,96.0,Noun,1,ışın
3419,sanık,2665,96.001,Noun,1,sanık
3420,kelebek,2663,96.003,Noun,1,kelebek
3421,battaniye,2663,96.004,Noun,1,battaniye
3422,tabur,2662,96.006,Noun,1,taburcu
3423,kazık,2661,96.007,Noun,1,kazık
3424,motel,2661,96.009,Noun,1,motel
3425,limon,2660,96.01,Noun,1,limon
3426,eylem,2660,96.012,Noun,1,eylem
3427,lig,2660,96.014,Noun,1,ligi
3428,ulu,2658,96.015,Adj,1,ulu
3429,tasarlamak,2658,96.017,Verb,1,tasarlanmış
3430,hanna,2657,96.018,Noun,1,hanna
3431,protokol,2655,96.02,Noun,1,protokolü
3432,stone,2651,96.021,Noun,1,stone
3433,oo,2649,96.023,Interj,1,oo
3434,ekranmak,2649,96.024,Verb,1,ekrana
3435,kalkan,2648,96.026,Noun,1,kalkanlar
3436,one,2647,96.027,Noun,1,one
3437,aşçı,2647,96.029,Noun,1,aşçı
3438,yayınlamak,2647,96.03,Verb,1,yayınlandı
3439,kazmak,2644,96.032,Verb,1,kazmaya
3440,long,2642,96.033,Noun,1,long
3441,sakat,2641,96.035,Adj,1,sakat
3442,freddie,2640,96.036,Noun,1,freddie
3443,paramparça,2638,96.038,Adj,1,paramparça
3444,pahalı,2638,96.039,Verb,1,pahalıya
3445,shaw,2637,96.041,Noun,1,shaw
3446,alison,2636,96.042,Noun,1,alison
3447,pierre,2635,96.044,Noun,1,pierre
3448,pier,2634,96.045,Noun,1,pierce
3449,siyasî,2633,96.047,Adj,1,siyasi
3450,küvet,2631,96.049,Noun,1,küvette
3451,bavul,2630,96.05,Noun,1,bavul
3452,mülk,2628,96.052,Noun,1,mülk
3453,haklamak,2619,96.053,Verb,1,hakla
3454,tucker,2617,96.055,Noun,1,tucker
3455,artie,2617,96.056,Noun,1,artie
3456,scully,2617,96.058,Noun,1,scully
3457,çember,2617,96.059,Noun,1,çember
3458,sektör,2617,96.061,Noun,1,sektör
3459,kutup,2615,96.062,Noun,1,kutup
3460,choi,2614,96.064,Noun,1,choi
3461,rastlamak,2614,96.065,Verb,1,rastladım
3462,girdi,2614,96.067,Noun,1,girdiler
3463,dağınık,2612,96.068,Noun,1,dağınık
3464,hah,2610,96.07,Interj,1,hah
3465,görür,2610,96.071,Noun,1,görürüm
3466,örgüt,2608,96.073,Noun,1,örgütü
3467,sıralamak,2607,96.074,Verb,1,sıralar
3468,sheldon,2606,96.076,Noun,1,sheldon
3469,nicky,2603,96.077,Noun,1,nicky
3470,suikast,2599,96.079,Noun,1,suikast
3471,joel,2596,96.08,Noun,1,joel
3472,mekik,2594,96.082,Noun,1,mekik
3473,direnmek,2594,96.083,Noun,1,direniş
3474,doyle,2593,96.085,Noun,1,doyle
3475,cindy,2593,96.086,Noun,1,cindy
3476,iflâs,2593,96.088,Noun,1,iflas
3477,romeo,2592,96.089,Noun,1,romeo
3478,afganistan,2591,96.09,Noun,1,afganistan
3479,bugünlük,2591,96.092,Adv,1,bugünlük
3480,taban,2590,96.093,Noun,1,tabanında
3481,tess,2587,96.095,Noun,1,tess
3482,juan,2586,96.096,Noun,1,juan
3483,atom,2585,96.098,Noun,1,atom
3484,direksiyon,2581,96.099,Noun,1,direksiyon
3485,atıl,2579,96.101,Verb,1,atıldı
3486,cal,2578,96.102,Noun,1,cal
3487,marco,2576,96.104,Noun,1,marco
3488,bailey,2573,96.105,Noun,1,bailey
3489,kurnaz,2572,96.107,Adj,1,kurnaz
3490,üzgü,2571,96.108,Noun,1,üzgünüz
3491,reed,2571,96.11,Noun,1,reed
3492,judy,2570,96.111,Noun,1,judy
3493,noah,2569,96.113,Noun,1,noah
3494,fırın,2569,96.114,Noun,1,fırın
3495,freddy,2568,96.116,Noun,1,freddy
3496,bishop,2567,96.117,Noun,1,bishop
3497,fren,2567,96.119,Noun,1,fren
3498,çöplük,2566,96.12,Noun,1,çöplük
3499,tipik,2565,96.122,Adj,1,tipik
3500,mick,2565,96.123,Noun,1,mick
3501,saatlerce,2564,96.125,Adv,1,saatlerce
3502,trajik,2564,96.126,Adj,1,trajik
3503,kumarhane,2564,96.127,Noun,1,kumarhane
3504,gelen,2562,96.129,Verb,1,gelenler
3505,connie,2562,96.13,Noun,1,connie
3506,boyd,2561,96.132,Noun,1,boyd
3507,isviçre,2560,96.133,Noun,1,İsviçre
3508,rota,2560,96.135,Noun,1,rotayı
3509,morris,2559,96.136,Noun,1,morris
3510,yelken,2559,96.138,Noun,1,yelken
3511,sebastian,2558,96.139,Noun,1,sebastian
3512,rastgele,2557,96.141,Adj,1,rastgele
3513,haftasonu,2557,96.142,Noun,1,haftasonu
3514,kala,2557,96.144,Noun,1,kala
3515,sörf,2554,96.145,Noun,1,sörf
3516,fay,2553,96.147,Noun,1,fayda
3517,konum,2552,96.148,Noun,1,konumu
3518,nev,2551,96.15,Noun,1,nevi
3519,votka,2551,96.151,Noun,1,votka
3520,denis,2551,96.152,Noun,1,denise
3521,detektif,2550,96.154,Noun,1,detektif
3522,oylamak,2549,96.155,Verb,1,oylama
3523,peri,2549,96.157,Noun,1,perisi
3524,etkin,2548,96.158,Noun,1,etkin
3525,iltifat,2546,96.16,Noun,1,iltifat
3526,elçi,2544,96.161,Noun,1,elçi
3527,böbrek,2542,96.163,Noun,1,böbrek
3528,disk,2540,96.164,Noun,1,disk
3529,angie,2539,96.166,Noun,1,angie
3530,dikilmek,2538,96.167,Adj,1,dikilip
3531,çiş,2534,96.169,Noun,1,çiş
3532,ruby,2532,96.17,Noun,1,ruby
3533,vefat,2531,96.171,Noun,1,vefat
3534,kâse,2531,96.173,Noun,1,kase
3535,dâhi,2531,96.174,Adv,1,dahice
3536,all,2530,96.176,Noun,1,all
3537,sezar,2530,96.177,Noun,1,sezar
3538,krema,2530,96.179,Noun,1,krema
3539,yörünge,2530,96.18,Noun,1,yörünge
3540,parfüm,2529,96.182,Noun,1,parfüm
3541,gwen,2528,96.183,Noun,1,gwen
3542,kibir,2528,96.185,Adj,1,kibirli
3543,küfür,2519,96.186,Noun,1,küfür
3544,asılmak,2519,96.187,Adj,1,asıldı
3545,burs,2518,96.189,Noun,1,burs
3546,hüzün,2515,96.19,Adj,1,hüzünlü
3547,temsilci,2515,96.192,Noun,1,temsilcisi
3548,rosie,2514,96.193,Noun,1,rosie
3549,harrison,2512,96.195,Noun,1,harrison
3550,harvard,2511,96.196,Noun,1,harvard
3551,maî,2511,96.198,Noun,1,mai
3552,kızartmak,2510,96.199,Noun,1,kızartması
3553,ayin,2508,96.2,Noun,1,ayin
3554,fedakâr,2506,96.202,Noun,1,fedakarlık
3555,collins,2503,96.203,Noun,1,collins
3556,kıyamet,2503,96.205,Noun,1,kıyamet
3557,fır,2502,96.206,Noun,1,fırında
3558,biçmek,2499,96.208,Verb,1,biçilmiş
3559,şahsi,2498,96.209,Adj,1,şahsi
3560,bakım,2498,96.211,Noun,1,bakımı
3561,kolej,2496,96.212,Noun,1,kolej
3562,ally,2495,96.213,Noun,1,ally
3563,ziyade,2494,96.215,Adj,1,ziyade
3564,zarif,2493,96.216,Adj,1,zarif
3565,batak,2490,96.218,Noun,1,bataklık
3566,dee,2488,96.219,Noun,1,dee
3567,h,2488,96.221,Noun,1,h
3568,garcia,2487,96.222,Noun,1,garcia
3569,terör,2486,96.223,Noun,1,terör
3570,amatör,2486,96.225,Adj,1,amatör
3571,jeffrey,2483,96.226,Noun,1,jeffrey
3572,alexander,2480,96.228,Noun,1,alexander
3573,tokat,2476,96.229,Noun,1,tokat
3574,donald,2475,96.231,Noun,1,donald
3575,ra,2471,96.232,Noun,1,ra
3576,böylelikle,2470,96.233,Adv,1,böylelikle
3577,violet,2470,96.235,Noun,1,violet
3578,dexter,2468,96.236,Noun,1,dexter
3579,hawaii,2467,96.238,Noun,1,hawaii
3580,hamburger,2465,96.239,Noun,1,hamburger
3581,düze,2465,96.24,Noun,1,düzene
3582,sürücü,2461,96.242,Noun,1,sürücüsü
3583,guy,2460,96.243,Noun,1,guy
3584,inanır,2459,96.245,Noun,1,inanırım
3585,santi,2458,96.246,Noun,1,santim
3586,nüfus,2458,96.248,Noun,1,nüfus
3587,sonny,2455,96.249,Noun,1,sonny
3588,dong,2453,96.25,Noun,1,dong
3589,disiplin,2452,96.252,Noun,1,disiplin
3590,inci,2451,96.253,Adj,1,inci
3591,yalamak,2451,96.255,Verb,1,yala
3592,deyiş,2450,96.256,Noun,1,deyişle
3593,bernard,2447,96.257,Noun,1,bernard
3594,hazine,2443,96.259,Noun,1,hazineyi
3595,yarbay,2442,96.26,Noun,1,yarbay
3596,anca,2441,96.262,Adv,1,anca
3597,bulaşık,2441,96.263,Noun,1,bulaşık
3598,gps,2438,96.264,Noun,1,gps
3599,sıçramak,2438,96.266,Verb,1,sıçrama
3600,ekonomik,2437,96.267,Adj,1,ekonomik
3601,âdeta,2436,96.269,Adv,1,adeta
3602,ekonomi,2435,96.27,Noun,1,ekonomi
3603,nam,2435,96.271,Noun,1,nam
3604,monroe,2434,96.273,Noun,1,monroe
3605,mini,2432,96.274,Adj,1,mini
3606,gerizekalı,2427,96.276,Adj,1,gerizekalı
3607,sakız,2427,96.277,Noun,1,sakız
3608,lawrence,2426,96.278,Noun,1,lawrence
3609,kafe,2426,96.28,Noun,1,kafede
3610,melanie,2423,96.281,Noun,1,melanie
3611,bolca,2423,96.283,Adj,1,bolca
3612,hırs,2422,96.284,Noun,1,hırslı
3613,carmen,2418,96.285,Noun,1,carmen
3614,başkent,2418,96.287,Noun,1,başkent
3615,boks,2417,96.288,Noun,1,boks
3616,niles,2415,96.29,Noun,1,niles
3617,arıza,2415,96.291,Noun,1,arıza
3618,balayı,2414,96.292,Noun,1,balayı
3619,lance,2413,96.294,Noun,1,lance
3620,fi,2411,96.295,Noun,1,fi
3621,street,2409,96.296,Noun,1,street
3622,başvuru,2409,96.298,Noun,1,başvuru
3623,fox,2408,96.299,Noun,1,fox
3624,şaşkın,2407,96.301,Noun,1,şaşkın
3625,iken,2406,96.302,Adv,1,iken
3626,terapist,2404,96.303,Noun,1,terapist
3627,ispanyolca,2402,96.305,Adj,1,İspanyolca
3628,caleb,2401,96.306,Noun,1,caleb
3629,evrim,2400,96.308,Noun,1,evrim
3630,chandler,2393,96.309,Noun,1,chandler
3631,ede,2391,96.31,Noun,1,edene
3632,üretim,2390,96.312,Noun,1,üretim
3633,kontrat,2390,96.313,Noun,1,kontrat
3634,kaplumbağa,2389,96.314,Noun,1,kaplumbağa
3635,katkı,2389,96.316,Noun,1,katkıda
3636,sanal,2387,96.317,Adj,1,sanal
3637,hyun,2386,96.318,Noun,1,hyun
3638,hunter,2386,96.32,Noun,1,hunter
3639,baro,2386,96.321,Noun,1,baron
3640,song,2385,96.323,Noun,1,song
3641,menajer,2382,96.324,Noun,1,menajer
3642,itibar,2380,96.325,Noun,1,itibarını
3643,amigo,2378,96.327,Noun,1,amigo
3644,grey,2376,96.328,Noun,1,grey
3645,yılbaş,2375,96.329,Noun,1,yılbaşı
3646,kargo,2374,96.331,Noun,1,kargo
3647,asit,2374,96.332,Noun,1,asit
3648,rocky,2373,96.334,Noun,1,rocky
3649,büyükelçi,2373,96.335,Noun,1,büyükelçi
3650,içgüdü,2373,96.336,Noun,1,içgüdüsel
3651,houston,2370,96.338,Noun,1,houston
3652,hokey,2368,96.339,Noun,1,hokey
3653,velet,2368,96.34,Interj,1,velet
3654,bones,2367,96.342,Noun,1,bones
3655,evcil,2365,96.343,Adj,1,evcil
3656,salât,2362,96.344,Noun,1,salata
3657,yaver,2362,96.346,Noun,1,yaver
3658,üzüm,2361,96.347,Noun,1,üzüm
3659,georgia,2356,96.348,Noun,1,georgia
3660,es,2355,96.35,Noun,1,es
3661,brick,2354,96.351,Noun,1,brick
3662,mevsim,2354,96.353,Noun,1,mevsim
3663,herzaman,2353,96.354,Adv,1,herzaman
3664,dönüşüm,2353,96.355,Noun,1,dönüşüm
3665,hiçkimse,2351,96.357,Noun,1,hiçkimse
3666,puşt,2348,96.358,Noun,1,puşt
3667,ufacık,2347,96.359,Adj,1,ufacık
3668,arı,2347,96.361,Noun,1,arılar
3669,gerzek,2344,96.362,Adj,1,gerzek
3670,otopark,2344,96.363,Noun,1,otoparkta
3671,avlanmak,2344,96.365,Verb,1,avlanmak
3672,rosa,2343,96.366,Noun,1,rosa
3673,mr,2340,96.367,Noun,1,mr
3674,reid,2340,96.369,Noun,1,reid
3675,olağan,2340,96.37,Adj,1,olağan
3676,sunu,2340,96.371,Noun,1,sunu
3677,yığın,2338,96.373,Noun,1,yığını
3678,tedbir,2338,96.374,Noun,1,tedbirli
3679,dixon,2336,96.375,Noun,1,dixon
3680,olmadık,2335,96.377,Noun,1,olmadıklarını
3681,nikki,2332,96.378,Noun,1,nikki
3682,zıplamak,2332,96.379,Verb,1,zıpla
3683,yedinci,2330,96.381,Num,1,yedinci
3684,peggy,2330,96.382,Noun,1,peggy
3685,cilt,2328,96.384,Noun,1,cilt
3686,bahşiş,2327,96.385,Noun,1,bahşiş
3687,nâkil,2326,96.386,Adj,1,nakil
3688,fiona,2326,96.388,Noun,1,fiona
3689,vera,2325,96.389,Noun,1,vera
3690,görüntülemek,2320,96.39,Verb,1,görüntüler
3691,warp,2319,96.392,Noun,1,warp
3692,lady,2318,96.393,Noun,1,lady
3693,carson,2318,96.394,Noun,1,carson
3694,ejder,2316,96.396,Noun,1,ejder
3695,nezaket,2314,96.397,Noun,1,nezaket
3696,katliam,2314,96.398,Noun,1,katliam
3697,salgın,2314,96.4,Noun,1,salgın
3698,diri,2313,96.401,Adj,1,diri
3699,fikrî,2313,96.402,Verb,1,fikriydi
3700,fişek,2313,96.403,Noun,1,fişek
3701,trevor,2312,96.405,Noun,1,trevor
3702,kukla,2311,96.406,Noun,1,kukla
3703,tanri,2311,96.407,Noun,1,tanrim
3704,ajans,2311,96.409,Noun,1,ajansı
3705,dönenmek,2310,96.41,Verb,1,dönene
3706,douglas,2310,96.411,Noun,1,douglas
3707,ciğer,2308,96.413,Noun,1,ciğer
3708,dawn,2307,96.414,Noun,1,dawn
3709,verici,2307,96.415,Verb,1,vericiydi
3710,açılamak,2306,96.417,Verb,1,açılıyor
3711,soyunmak,2306,96.418,Verb,1,soyunma
3712,kelle,2306,96.419,Noun,1,kelle
3713,seçkin,2305,96.421,Adj,1,seçkin
3714,sığır,2303,96.422,Noun,1,sığır
3715,brennan,2302,96.423,Noun,1,brennan
3716,dayanıklı,2302,96.425,Adj,1,dayanıklı
3717,süslü,2301,96.426,Adj,1,süslü
3718,odun,2299,96.427,Adj,1,odun
3719,vardiya,2299,96.429,Noun,1,vardiya
3720,raj,2298,96.43,Noun,1,raj
3721,plak,2298,96.431,Noun,1,plak
3722,incelmek,2298,96.433,Verb,1,inceliyor
3723,elvis,2297,96.434,Noun,1,elvis
3724,pil,2296,96.435,Noun,1,pil
3725,sikik,2294,96.437,Noun,1,sikik
3726,satranç,2292,96.438,Noun,1,satranç
3727,gül,2292,96.439,Noun,1,güller
3728,ameliyathane,2292,96.441,Noun,1,ameliyathaneye
3729,dorothy,2291,96.442,Noun,1,dorothy
3730,stella,2291,96.443,Noun,1,stella
3731,gil,2290,96.445,Noun,1,gil
3732,dallas,2289,96.446,Noun,1,dallas
3733,dayamak,2288,96.447,Verb,1,dayanılmaz
3734,hakikaten,2283,96.448,Adv,1,hakikaten
3735,takıntı,2281,96.45,Noun,1,takıntılı
3736,frasier,2280,96.451,Noun,1,frasier
3737,love,2276,96.452,Noun,1,love
3738,sıradışı,2276,96.454,Adj,1,sıradışı
3739,usul,2273,96.455,Noun,1,usulü
3740,helena,2272,96.456,Noun,1,helena
3741,izlenim,2272,96.458,Noun,1,izlenim
3742,sökmek,2271,96.459,Verb,1,söküp
3743,vatan,2270,96.46,Noun,1,vatan
3744,buddy,2269,96.462,Noun,1,buddy
3745,winston,2268,96.463,Noun,1,winston
3746,ilahî,2268,96.464,Interj,1,ilahi
3747,mikrofon,2268,96.465,Noun,1,mikrofon
3748,miguel,2267,96.467,Noun,1,miguel
3749,jang,2267,96.468,Noun,1,jang
3750,çekirdek,2267,96.469,Noun,1,çekirdek
3751,what,2266,96.471,Noun,1,what
3752,artik,2265,96.472,Noun,1,artik
3753,perry,2265,96.473,Noun,1,perry
3754,çarpışmak,2265,96.475,Verb,1,çarpışma
3755,ceviz,2264,96.476,Adj,1,ceviz
3756,tarla,2264,96.477,Noun,1,tarlada
3757,thor,2263,96.478,Noun,1,thor
3758,grayson,2263,96.48,Noun,1,grayson
3759,porter,2260,96.481,Noun,1,porter
3760,erik,2259,96.482,Noun,1,erik
3761,jonas,2255,96.484,Noun,1,jonas
3762,andre,2254,96.485,Noun,1,andre
3763,özgü,2254,96.486,Adj,1,özgü
3764,aydın,2253,96.488,Noun,1,aydınlık
3765,richie,2252,96.489,Noun,1,richie
3766,junior,2252,96.49,Noun,1,junior
3767,wyatt,2252,96.491,Noun,1,wyatt
3768,dvd,2251,96.493,Noun,1,dvd
3769,hunt,2250,96.494,Noun,1,hunt
3770,jet,2250,96.495,Noun,1,jet
3771,cassie,2249,96.497,Noun,1,cassie
3772,asi,2246,96.498,Adj,1,asi
3773,soluk,2245,96.499,Adj,1,soluk
3774,koordinat,2244,96.5,Noun,1,koordinatları
3775,lester,2239,96.502,Noun,1,lester
3776,deyip,2238,96.503,Noun,1,deyip
3777,grip,2237,96.504,Noun,1,grip
3778,nicholas,2235,96.506,Noun,1,nicholas
3779,robbie,2234,96.507,Noun,1,robbie
3780,beysbol,2233,96.508,Noun,1,beysbol
3781,zanlı,2230,96.509,Noun,1,zanlı
3782,eğitmek,2229,96.511,Verb,1,eğitmek
3783,merlin,2227,96.512,Noun,1,merlin
3784,holland,2227,96.513,Noun,1,hollanda
3785,öykü,2227,96.515,Noun,1,öykü
3786,harbî,2226,96.516,Noun,1,harbiden
3787,bugünden,2226,96.517,Adv,1,bugünden
3788,gelin,2224,96.518,Noun,1,gelini
3789,zira,2222,96.52,Conj,1,zira
3790,britanya,2222,96.521,Noun,1,britanya
3791,yaygın,2220,96.522,Adj,1,yaygın
3792,klaus,2219,96.524,Noun,1,klaus
3793,nakil,2218,96.525,Noun,1,nakli
3794,bütçe,2218,96.526,Noun,1,bütçe
3795,sullivan,2213,96.527,Noun,1,sullivan
3796,şahi,2213,96.529,Noun,1,şahin
3797,haç,2212,96.53,Noun,1,haç
3798,onbaşı,2211,96.531,Noun,1,onbaşı
3799,tanner,2210,96.532,Noun,1,tanner
3800,scotty,2206,96.534,Noun,1,scotty
3801,genc,2206,96.535,Noun,1,gencim
3802,bernie,2205,96.536,Noun,1,bernie
3803,madison,2204,96.538,Noun,1,madison
3804,sözleşmek,2204,96.539,Verb,1,sözleşme
3805,alec,2203,96.54,Noun,1,alec
3806,çürük,2203,96.541,Adj,1,çürük
3807,dram,2198,96.543,Noun,1,drama
3808,depresyon,2198,96.544,Noun,1,depresyon
3809,motosiklet,2196,96.545,Noun,1,motosiklet
3810,rezervasyon,2196,96.546,Noun,1,rezervasyon
3811,boynuz,2194,96.548,Adj,1,boynuzlu
3812,buck,2193,96.549,Noun,1,buck
3813,jan,2193,96.55,Noun,1,jan
3814,blue,2192,96.551,Noun,1,blue
3815,mevzu,2192,96.553,Noun,1,mevzu
3816,kargaşa,2191,96.554,Noun,1,kargaşa
3817,gezinti,2191,96.555,Noun,1,gezintiye
3818,yoluyla,2190,96.556,Adv,1,yoluyla
3819,düşündürmek,2188,96.558,Verb,1,düşündüren
3820,hatıra,2188,96.559,Noun,1,hatıralar
3821,vallahi,2187,96.56,Interj,1,vallahi
3822,infaz,2186,96.561,Noun,1,infaz
3823,brezilya,2185,96.563,Noun,1,brezilya
3824,rezalet,2183,96.564,Noun,1,rezalet
3825,ipek,2181,96.565,Adj,1,ipek
3826,turnuva,2180,96.566,Noun,1,turnuva
3827,archer,2179,96.568,Noun,1,archer
3828,komisyon,2179,96.569,Noun,1,komisyon
3829,erica,2178,96.57,Noun,1,erica
3830,keder,2177,96.571,Noun,1,keder
3831,revir,2177,96.573,Noun,1,revire
3832,baker,2176,96.574,Noun,1,baker
3833,makina,2176,96.575,Noun,1,makinası
3834,saygıdeğer,2175,96.576,Adj,1,saygıdeğer
3835,partner,2174,96.578,Noun,1,partnerim
3836,görsel,2173,96.579,Adj,1,görsel
3837,bond,2173,96.58,Noun,1,bond
3838,teşkilât,2173,96.581,Noun,1,teşkilatı
3839,conrad,2172,96.583,Noun,1,conrad
3840,fasulye,2172,96.584,Noun,1,fasulye
3841,thompson,2171,96.585,Noun,1,thompson
3842,terbiye,2171,96.586,Adj,1,terbiyeli
3843,duyarlı,2169,96.588,Adj,1,duyarlı
3844,ninja,2166,96.589,Noun,1,ninja
3845,flynn,2163,96.59,Noun,1,flynn
3846,sürdürmek,2163,96.591,Verb,1,sürdürmek
3847,burt,2162,96.593,Noun,1,burt
3848,sheila,2160,96.594,Noun,1,sheila
3849,randall,2158,96.595,Noun,1,randall
3850,hızlanmak,2158,96.596,Verb,1,hızlan
3851,mühim,2157,96.598,Adj,1,mühim
3852,karmaşa,2157,96.599,Noun,1,karmaşa
3853,karaciğer,2155,96.6,Noun,1,karaciğer
3854,chang,2154,96.601,Noun,1,chang
3855,fon,2154,96.603,Noun,1,fonu
3856,devrim,2154,96.604,Noun,1,devrimci
3857,kızkardeş,2154,96.605,Noun,1,kızkardeşim
3858,kane,2153,96.606,Noun,1,kane
3859,anormal,2153,96.608,Adj,1,anormal
3860,manyetik,2152,96.609,Adj,1,manyetik
3861,samuel,2152,96.61,Noun,1,samuel
3862,cody,2150,96.611,Noun,1,cody
3863,dük,2149,96.613,Noun,1,dük
3864,karma,2148,96.614,Adj,1,karma
3865,kaşık,2148,96.615,Noun,1,kaşık
3866,spike,2147,96.616,Noun,1,spike
3867,cerrahi,2146,96.617,Adj,1,cerrahi
3868,v,2145,96.619,Noun,1,v
3869,pakistan,2145,96.62,Noun,1,pakistan
3870,lenny,2143,96.621,Noun,1,lenny
3871,havaî,2142,96.622,Noun,1,havai
3872,uyuşmak,2142,96.624,Verb,1,uyuşuyor
3873,kampüs,2138,96.625,Noun,1,kampüs
3874,norm,2136,96.626,Noun,1,norma
3875,tahammül,2135,96.627,Noun,1,tahammül
3876,prosedür,2135,96.629,Noun,1,prosedür
3877,mauri,2134,96.63,Noun,1,maurice
3878,yüzüstü,2133,96.631,Adv,1,yüzüstü
3879,moore,2131,96.632,Noun,1,moore
3880,rex,2130,96.633,Noun,1,rex
3881,chad,2130,96.635,Noun,1,chad
3882,seslenmek,2130,96.636,Verb,1,sesleniyorum
3883,data,2129,96.637,Noun,1,data
3884,zengin,2128,96.638,Noun,1,zenginlik
3885,kanlamak,2127,96.64,Verb,1,kanla
3886,yitirmek,2127,96.641,Verb,1,yitirdi
3887,kovalamak,2127,96.642,Verb,1,kovalıyor
3888,oz,2126,96.643,Noun,1,oz
3889,beverly,2124,96.644,Noun,1,beverly
3890,yaslamak,2124,96.646,Verb,1,yaslan
3891,cm,2123,96.647,Noun,1,cm
3892,utangaç,2122,96.648,Adj,1,utangaç
3893,enkaz,2122,96.649,Noun,1,enkaz
3894,p,2121,96.651,Noun,1,p
3895,oral,2121,96.652,Adv,1,oral
3896,heryer,2121,96.653,Noun,1,heryerde
3897,cezaevi,2121,96.654,Noun,1,cezaevi
3898,yaşarmak,2121,96.655,Verb,1,yaşardı
3899,kendiliğinden,2118,96.657,Adv,1,kendiliğinden
3900,güvercin,2118,96.658,Noun,1,güvercin
3901,piliç,2118,96.659,Noun,1,piliç
3902,alternatif,2117,96.66,Adj,1,alternatif
3903,azaltmak,2117,96.662,Verb,1,azaltmak
3904,barmen,2116,96.663,Noun,1,barmen
3905,hane,2116,96.664,Noun,1,haneye
3906,deb,2115,96.665,Noun,1,deb
3907,sulamak,2115,96.666,Verb,1,sular
3908,kayak,2114,96.668,Noun,1,kayak
3909,rudy,2112,96.669,Noun,1,rudy
3910,atılgan,2110,96.67,Adj,1,atılgan
3911,eyvah,2109,96.671,Interj,1,eyvah
3912,gözyaş,2107,96.672,Noun,1,gözyaşları
3913,hope,2106,96.674,Noun,1,hope
3914,söndürmek,2106,96.675,Verb,1,söndür
3915,üzüntü,2103,96.676,Noun,1,üzüntü
3916,rehine,2103,96.677,Noun,1,rehineleri
3917,aşı,2101,96.678,Noun,1,aşı
3918,brody,2100,96.68,Noun,1,brody
3919,marilyn,2100,96.681,Noun,1,marilyn
3920,başlı,2100,96.682,Adj,1,başlı
3921,marş,2098,96.683,Interj,1,marş
3922,broadway,2097,96.685,Noun,1,broadway
3923,posta,2097,96.686,Noun,1,postacı
3924,lamba,2096,96.687,Noun,1,lambası
3925,philadelphia,2095,96.688,Noun,1,philadelphia
3926,isaac,2092,96.689,Noun,1,isaac
3927,aaa,2091,96.691,Interj,1,aaa
3928,alfred,2091,96.692,Noun,1,alfred
3929,hıyar,2091,96.693,Adj,1,hıyar
3930,arizona,2090,96.694,Noun,1,arizona
3931,germek,2090,96.695,Verb,1,geriyor
3932,soğan,2089,96.697,Noun,1,soğan
3933,chan,2088,96.698,Noun,1,chan
3934,rehabilitasyon,2088,96.699,Noun,1,rehabilitasyon
3935,bilgilenmek,2087,96.7,Verb,1,bilgilendirme
3936,ruhsal,2085,96.701,Noun,1,ruhsal
3937,ukalâ,2085,96.703,Adj,1,ukala
3938,lisans,2085,96.704,Noun,1,lisans
3939,barnes,2084,96.705,Noun,1,barnes
3940,texas,2083,96.706,Noun,1,texas
3941,örtbas,2081,96.707,Noun,1,örtbas
3942,versiyon,2080,96.709,Noun,1,versiyonu
3943,lizzie,2079,96.71,Noun,1,lizzie
3944,beckett,2079,96.711,Noun,1,beckett
3945,menü,2078,96.712,Noun,1,menü
3946,with,2076,96.713,Noun,1,with
3947,kaos,2075,96.715,Noun,1,kaos
3948,hıristiyan,2074,96.716,Noun,1,hıristiyan
3949,morg,2074,96.717,Noun,1,morga
3950,campbell,2072,96.718,Noun,1,campbell
3951,cliff,2072,96.719,Noun,1,cliff
3952,yıldırım,2070,96.72,Adj,1,yıldırım
3953,vekil,2070,96.722,Noun,1,vekil
3954,uzamak,2068,96.723,Verb,1,uzadı
3955,pe,2068,96.724,Noun,1,peni
3956,alkış,2067,96.725,Noun,1,alkış
3957,ba,2067,96.726,Noun,1,ba
3958,pezevenk,2065,96.728,Noun,1,pezevenk
3959,tansiyon,2064,96.729,Noun,1,tansiyon
3960,organik,2061,96.73,Adj,1,organik
3961,teyit,2061,96.731,Noun,1,teyit
3962,iran,2061,96.732,Noun,1,İran
3963,düşkün,2061,96.734,Adj,1,düşkün
3964,cins,2061,96.735,Noun,1,cinsten
3965,kin,2060,96.736,Noun,1,kin
3966,bıyık,2060,96.737,Noun,1,bıyık
3967,sperm,2058,96.738,Noun,1,sperm
3968,drake,2056,96.739,Noun,1,drake
3969,leş,2056,96.741,Adj,1,leş
3970,bennett,2055,96.742,Noun,1,bennett
3971,telgraf,2055,96.743,Noun,1,telgraf
3972,raf,2055,96.744,Noun,1,rafa
3973,muhbir,2054,96.745,Noun,1,muhbir
3974,atlantis,2053,96.747,Noun,1,atlantis
3975,fidye,2051,96.748,Noun,1,fidye
3976,şapşal,2050,96.749,Adj,1,şapşal
3977,domates,2050,96.75,Noun,1,domates
3978,timsah,2050,96.751,Adj,1,timsah
3979,tepki,2050,96.752,Noun,1,tepkisi
3980,sabun,2048,96.754,Noun,1,sabun
3981,gram,2047,96.755,Noun,1,gram
3982,peyton,2047,96.756,Noun,1,peyton
3983,orleans,2047,96.757,Noun,1,orleans
3984,enteresan,2046,96.758,Adj,1,enteresan
3985,jefferson,2046,96.759,Noun,1,jefferson
3986,jani,2046,96.761,Noun,1,janice
3987,görünüm,2046,96.762,Noun,1,görünümlü
3988,haketmek,2046,96.763,Verb,1,hakediyor
3989,ayrılık,2045,96.764,Noun,1,ayrılık
3990,tekmelemek,2045,96.765,Verb,1,tekmele
3991,ahlaki,2043,96.767,Adj,1,ahlaki
3992,reynolds,2042,96.768,Noun,1,reynolds
3993,yuvarlak,2042,96.769,Adj,1,yuvarlak
3994,illâ,2042,96.77,Adv,1,illa
3995,sandra,2039,96.771,Noun,1,sandra
3996,perişan,2038,96.772,Adj,1,perişan
3997,evans,2037,96.774,Noun,1,evans
3998,karşıt,2037,96.775,Noun,1,karşıtı
3999,yansımak,2034,96.776,Adj,1,yansıması
4000,malum,2032,96.777,Adv,1,malum
4001,einstein,2032,96.778,Noun,1,einstein
4002,kuz,2032,96.779,Noun,1,kuzu
4003,hugo,2031,96.781,Noun,1,hugo
4004,andrea,2031,96.782,Noun,1,andrea
4005,june,2030,96.783,Noun,1,june
4006,bambaşka,2028,96.784,Adj,1,bambaşka
4007,ayar,2028,96.785,Noun,1,ayarlarım
4008,kıdem,2026,96.786,Adj,1,kıdemli
4009,pişmek,2025,96.788,Adj,1,pişmiş
4010,clare,2025,96.789,Noun,1,clarence
4011,kabin,2025,96.79,Noun,1,kabin
4012,köstebek,2024,96.791,Noun,1,köstebek
4013,silver,2022,96.792,Noun,1,silver
4014,çak,2020,96.793,Adj,1,çak
4015,diyar,2020,96.795,Noun,1,diyarı
4016,cleveland,2019,96.796,Noun,1,cleveland
4017,komedi,2019,96.797,Noun,1,komedi
4018,poz,2017,96.798,Noun,1,poz
4019,sürel,2017,96.799,Noun,1,süreli
4020,ısınmak,2017,96.8,Verb,1,ısınma
4021,tanya,2016,96.802,Noun,1,tanya
4022,kung,2016,96.803,Noun,1,kung
4023,teresa,2016,96.804,Noun,1,teresa
4024,def,2016,96.805,Noun,1,def
4025,etiket,2015,96.806,Noun,1,etiketi
4026,şubat,2014,96.807,Noun,1,şubat
4027,tost,2013,96.808,Noun,1,tost
4028,litre,2012,96.81,Adj,1,litre
4029,kasten,2010,96.811,Adv,1,kasten
4030,cathy,2009,96.812,Noun,1,cathy
4031,deprem,2009,96.813,Noun,1,deprem
4032,namus,2007,96.814,Adj,1,namussuz
4033,sonbahar,2005,96.815,Adv,1,sonbahar
4034,matmazel,2004,96.817,Noun,1,matmazel
4035,açıl,2003,96.818,Noun,1,açılın
4036,uşak,2003,96.819,Noun,1,uşak
4037,paralamak,1999,96.82,Verb,1,paralar
4038,gray,1998,96.821,Noun,1,gray
4039,delta,1998,96.822,Noun,1,delta
4040,verim,1998,96.823,Adj,1,verimli
4041,etek,1996,96.825,Noun,1,etek
4042,müddet,1995,96.826,Noun,1,müddetçe
4043,bang,1994,96.827,Noun,1,bang
4044,ooo,1993,96.828,Interj,1,ooo
4045,makas,1993,96.829,Noun,1,makas
4046,litt,1992,96.83,Noun,1,little
4047,blöf,1992,96.831,Noun,1,blöf
4048,hastings,1992,96.833,Noun,1,hastings
4049,yemen,1992,96.834,Noun,1,yemen
4050,soğumak,1992,96.835,Verb,1,soğuyor
4051,teşebbüs,1990,96.836,Noun,1,teşebbüs
4052,kür,1990,96.837,Noun,1,küre
4053,memleket,1989,96.838,Noun,1,memleket
4054,web,1988,96.839,Noun,1,web
4055,efsanevi,1988,96.841,Adj,1,efsanevi
4056,finansal,1985,96.842,Adj,1,finansal
4057,ısı,1984,96.843,Noun,1,ısı
4058,girişim,1983,96.844,Noun,1,girişimi
4059,theo,1982,96.845,Noun,1,theo
4060,sızıntı,1981,96.846,Noun,1,sızıntı
4061,by,1980,96.847,Noun,1,by
4062,flash,1979,96.849,Noun,1,flash
4063,lena,1979,96.85,Noun,1,lena
4064,saul,1978,96.851,Noun,1,saul
4065,ilkel,1978,96.852,Adj,1,ilkel
4066,opera,1976,96.853,Noun,1,opera
4067,piknik,1975,96.854,Noun,1,piknik
4068,ideal,1973,96.855,Adj,1,ideal
4069,içim,1972,96.857,Noun,1,içimi
4070,balta,1972,96.858,Noun,1,balta
4071,finch,1970,96.859,Noun,1,finch
4072,skandal,1969,96.86,Noun,1,skandal
4073,frekans,1969,96.861,Noun,1,frekans
4074,stevie,1968,96.862,Noun,1,stevie
4075,ispat,1968,96.863,Noun,1,ispat
4076,ifşa,1967,96.864,Noun,1,ifşa
4077,rodney,1966,96.866,Noun,1,rodney
4078,claudia,1966,96.867,Noun,1,claudia
4079,marvin,1965,96.868,Noun,1,marvin
4080,dj,1964,96.869,Noun,1,dj
4081,başkomiser,1963,96.87,Noun,1,başkomiser
4082,this,1962,96.871,Noun,1,this
4083,lazer,1961,96.872,Noun,1,lazer
4084,argo,1959,96.873,Noun,1,argo
4085,edgar,1958,96.875,Noun,1,edgar
4086,duyuru,1958,96.876,Noun,1,duyuru
4087,ayrıcalık,1958,96.877,Noun,1,ayrıcalık
4088,serum,1957,96.878,Noun,1,serum
4089,bombalamak,1957,96.879,Verb,1,bombalar
4090,cheryl,1956,96.88,Noun,1,cheryl
4091,buhar,1953,96.881,Noun,1,buhar
4092,glenn,1952,96.882,Noun,1,glenn
4093,müteşekkir,1952,96.884,Verb,1,müteşekkirim
4094,övgü,1951,96.885,Noun,1,övgü
4095,jessie,1949,96.886,Noun,1,jessie
4096,hâliyle,1948,96.887,Adv,1,haliyle
4097,stephanie,1947,96.888,Noun,1,stephanie
4098,ri,1946,96.889,Noun,1,ri
4099,ödeşmek,1945,96.89,Verb,1,ödeştik
4100,striptiz,1944,96.891,Noun,1,striptiz
4101,murray,1944,96.893,Noun,1,murray
4102,halükar,1944,96.894,Noun,1,halükarda
4103,örtü,1944,96.895,Noun,1,örtüsü
4104,diyet,1943,96.896,Noun,1,diyet
4105,hristiyan,1943,96.897,Noun,1,hristiyan
4106,tir,1941,96.898,Dup,1,tir
4107,grev,1941,96.899,Noun,1,grev
4108,hans,1940,96.9,Noun,1,hans
4109,sop,1939,96.901,Noun,1,sopa
4110,paça,1939,96.903,Noun,1,paçayı
4111,turist,1938,96.904,Noun,1,turist
4112,aids,1937,96.905,Noun,1,aids
4113,acem,1935,96.906,Noun,1,acemi
4114,çuval,1935,96.907,Adj,1,çuval
4115,kumsal,1935,96.908,Noun,1,kumsalda
4116,laurie,1933,96.909,Noun,1,laurie
4117,barış,1933,96.91,Noun,1,barışı
4118,alkolik,1932,96.911,Adj,1,alkolik
4119,kasıt,1931,96.913,Adj,1,kasıtlı
4120,ısırık,1929,96.914,Noun,1,ısırık
4121,görkem,1928,96.915,Adj,1,görkemli
4122,torun,1928,96.916,Noun,1,torunumu
4123,manken,1926,96.917,Noun,1,manken
4124,ihmal,1925,96.918,Noun,1,ihmal
4125,kabullenmek,1924,96.919,Verb,1,kabullenmek
4126,zorunlu,1922,96.92,Adj,1,zorunlu
4127,tanrıça,1922,96.921,Noun,1,tanrıça
4128,federasyon,1921,96.923,Noun,1,federasyon
4129,ticarî,1917,96.924,Adj,1,ticari
4130,mobilya,1915,96.925,Noun,1,mobilya
4131,yönelik,1913,96.926,Postp,1,yönelik
4132,işaretlemek,1913,96.927,Verb,1,işaretler
4133,aşağılamak,1913,96.928,Adj,1,aşağılayıcı
4134,bridget,1912,96.929,Noun,1,bridget
4135,ünite,1912,96.93,Noun,1,ünite
4136,pasifik,1910,96.931,Noun,1,pasifik
4137,çilek,1906,96.932,Noun,1,çilek
4138,sophia,1905,96.934,Noun,1,sophia
4139,trajedi,1905,96.935,Noun,1,trajedi
4140,birikmek,1905,96.936,Verb,1,birikmiş
4141,gavin,1903,96.937,Noun,1,gavin
4142,saplamak,1903,96.938,Verb,1,saplanmış
4143,vaat,1899,96.939,Noun,1,vaat
4144,kansas,1896,96.94,Noun,1,kansas
4145,kit,1896,96.941,Noun,1,kit
4146,schmidt,1894,96.942,Noun,1,schmidt
4147,koyar,1894,96.943,Noun,1,koyarım
4148,gangster,1893,96.944,Noun,1,gangster
4149,isveç,1892,96.946,Noun,1,İsveç
4150,ziyafet,1892,96.947,Noun,1,ziyafet
4151,grand,1891,96.948,Noun,1,grand
4152,hall,1889,96.949,Noun,1,hall
4153,pos,1889,96.95,Adj,1,pos
4154,bölük,1889,96.951,Noun,1,bölük
4155,gözyaşı,1888,96.952,Noun,1,gözyaşı
4156,reis,1888,96.953,Noun,1,reis
4157,süpermen,1887,96.954,Noun,1,süpermen
4158,süvari,1887,96.955,Noun,1,süvari
4159,kabil,1887,96.956,Noun,1,kabile
4160,latin,1886,96.958,Noun,1,latin
4161,lola,1886,96.959,Noun,1,lola
4162,taht,1886,96.96,Noun,1,taht
4163,davetiye,1885,96.961,Noun,1,davetiye
4164,geçti,1885,96.962,Noun,1,geçtiler
4165,röntgen,1884,96.963,Noun,1,röntgen
4166,summer,1881,96.964,Noun,1,summer
4167,vere,1880,96.965,Noun,1,verene
4168,leziz,1876,96.966,Adj,1,leziz
4169,dinozzo,1876,96.967,Noun,1,dinozzo
4170,gabe,1873,96.968,Noun,1,gabe
4171,davul,1871,96.969,Noun,1,davul
4172,kö,1868,96.97,Noun,1,köye
4173,harap,1868,96.972,Adj,1,harap
4174,nadiren,1867,96.973,Adv,1,nadiren
4175,makarna,1867,96.974,Noun,1,makarna
4176,sherlock,1865,96.975,Noun,1,sherlock
4177,menzil,1865,96.976,Noun,1,menzil
4178,pedro,1864,96.977,Noun,1,pedro
4179,azgın,1864,96.978,Adj,1,azgın
4180,austin,1863,96.979,Noun,1,austin
4181,foster,1863,96.98,Noun,1,foster
4182,j,1863,96.981,Noun,1,j
4183,eziyet,1862,96.982,Noun,1,eziyet
4184,ürpermek,1862,96.983,Adj,1,ürpertici
4185,müttefik,1862,96.984,Adj,1,müttefik
4186,ilâ,1860,96.985,Conj,1,ila
4187,müzisyen,1859,96.987,Noun,1,müzisyen
4188,facebook,1858,96.988,Noun,1,facebook
4189,boya,1858,96.989,Noun,1,boyalı
4190,dernek,1856,96.99,Noun,1,derneği
4191,kazak,1856,96.991,Noun,1,kazak
4192,ağmak,1853,96.992,Verb,1,ağ
4193,kur,1853,96.993,Noun,1,kurum
4194,sasha,1852,96.994,Noun,1,sasha
4195,tilki,1852,96.995,Adj,1,tilki
4196,dinozor,1852,96.996,Noun,1,dinozor
4197,kömür,1851,96.997,Adj,1,kömür
4198,suçsuz,1851,96.998,Adj,1,suçsuz
4199,sözleşme,1850,96.999,Noun,1,sözleşmesi
4200,phillip,1849,97.0,Noun,1,phillip
4201,up,1848,97.001,Noun,1,up
4202,yıkı,1847,97.003,Noun,1,yıkım
4203,oyalamak,1846,97.004,Verb,1,oyala
4204,rico,1845,97.005,Noun,1,rico
4205,netice,1843,97.006,Noun,1,neticede
4206,fisher,1842,97.007,Noun,1,fisher
4207,köpekbalığı,1842,97.008,Noun,1,köpekbalığı
4208,kaynamak,1842,97.009,Adj,1,kaynıyor
4209,göçmek,1841,97.01,Verb,1,göç
4210,ressam,1840,97.011,Noun,1,ressam
4211,öncü,1837,97.012,Adj,1,öncü
4212,pablo,1836,97.013,Noun,1,pablo
4213,çeker,1835,97.014,Noun,1,çekerim
4214,ella,1833,97.015,Noun,1,ella
4215,hastalanmak,1833,97.016,Verb,1,hastalandı
4216,ohio,1831,97.017,Noun,1,ohio
4217,hz,1830,97.018,Noun,1,hz
4218,amelia,1830,97.019,Noun,1,amelia
4219,tüymek,1830,97.02,Verb,1,tüy
4220,lynn,1829,97.022,Noun,1,lynn
4221,but,1829,97.023,Noun,1,but
4222,bruno,1828,97.024,Noun,1,bruno
4223,bariz,1828,97.025,Adj,1,bariz
4224,arnold,1828,97.026,Noun,1,arnold
4225,ekipman,1826,97.027,Noun,1,ekipman
4226,kardinal,1825,97.028,Noun,1,kardinal
4227,miss,1823,97.029,Noun,1,miss
4228,çapraz,1822,97.03,Adv,1,çapraz
4229,antika,1821,97.031,Adj,1,antika
4230,hazret,1820,97.032,Noun,1,hazretleri
4231,wu,1819,97.033,Noun,1,wu
4232,south,1819,97.034,Noun,1,south
4233,hergele,1818,97.035,Adj,1,hergele
4234,river,1818,97.036,Noun,1,river
4235,cips,1817,97.037,Noun,1,cips
4236,hücum,1816,97.038,Interj,1,hücum
4237,nane,1816,97.039,Noun,1,nane
4238,f,1815,97.04,Noun,1,f
4239,dümen,1815,97.041,Noun,1,dümen
4240,pastırma,1815,97.042,Noun,1,pastırma
4241,stil,1815,97.043,Noun,1,stili
4242,mercedes,1812,97.045,Noun,1,mercedes
4243,birgün,1811,97.046,Adv,1,birgün
4244,ram,1811,97.047,Adj,1,ram
4245,siyahî,1810,97.048,Adj,1,siyahi
4246,kurs,1810,97.049,Noun,1,kursu
4247,geveze,1806,97.05,Noun,1,gevezelik
4248,sonuçlanmak,1805,97.051,Verb,1,sonuçlandı
4249,claude,1804,97.052,Noun,1,claude
4250,turuncu,1804,97.053,Adj,1,turuncu
4251,yudum,1802,97.054,Adj,1,yudum
4252,kısmen,1802,97.055,Adv,1,kısmen
4253,protesto,1801,97.056,Noun,1,protesto
4254,harikulâde,1800,97.057,Noun,1,harikulade
4255,cha,1800,97.058,Noun,1,cha
4256,cyrus,1800,97.059,Noun,1,cyrus
4257,kaka,1799,97.06,Noun,1,kaka
4258,kramer,1797,97.061,Noun,1,kramer
4259,ayık,1795,97.062,Adj,1,ayık
4260,shelly,1795,97.063,Noun,1,shelly
4261,calvin,1794,97.064,Noun,1,calvin
4262,bush,1794,97.065,Noun,1,bush
4263,alışık,1794,97.066,Adj,1,alışık
4264,iris,1793,97.067,Noun,1,iris
4265,tuş,1792,97.068,Noun,1,tuş
4266,dramatik,1791,97.069,Adj,1,dramatik
4267,gömülü,1789,97.07,Adj,1,gömülü
4268,joo,1786,97.071,Noun,1,joo
4269,yığmak,1784,97.072,Verb,1,yığın
4270,hamile,1783,97.073,Noun,1,hamilelik
4271,kasırga,1782,97.075,Noun,1,kasırga
4272,woody,1781,97.076,Noun,1,woody
4273,kimya,1779,97.077,Noun,1,kimya
4274,spock,1779,97.078,Noun,1,spock
4275,willy,1779,97.079,Noun,1,willy
4276,muhasebe,1779,97.08,Noun,1,muhasebeci
4277,havadan,1778,97.081,Adv,1,havadan
4278,sivri,1778,97.082,Adj,1,sivri
4279,regina,1778,97.083,Noun,1,regina
4280,belirgin,1778,97.084,Adv,1,belirgin
4281,avery,1777,97.085,Noun,1,avery
4282,çoğunluk,1777,97.086,Noun,1,çoğunluğu
4283,wesley,1776,97.087,Noun,1,wesley
4284,gide,1776,97.088,Noun,1,gidene
4285,organizasyon,1776,97.089,Noun,1,organizasyon
4286,tabelâ,1776,97.09,Noun,1,tabela
4287,vaz,1775,97.091,Noun,1,vaz
4288,luis,1775,97.092,Noun,1,luis
4289,ellis,1775,97.093,Noun,1,ellis
4290,stu,1774,97.094,Noun,1,stu
4291,lobi,1774,97.095,Noun,1,lobide
4292,shakespeare,1773,97.096,Noun,1,shakespeare
4293,reggie,1770,97.097,Noun,1,reggie
4294,marc,1769,97.098,Noun,1,marc
4295,tanıt,1769,97.099,Noun,1,tanıtım
4296,baharat,1768,97.1,Adj,1,baharatlı
4297,hesaplamak,1768,97.101,Verb,1,hesaplar
4298,dante,1767,97.102,Noun,1,dante
4299,sidney,1766,97.103,Noun,1,sidney
4300,debra,1766,97.104,Noun,1,debra
4301,bellemek,1766,97.105,Verb,1,belle
4302,ramon,1766,97.106,Noun,1,ramon
4303,şato,1766,97.107,Noun,1,şato
4304,sulu,1765,97.108,Adj,1,sulu
4305,donnie,1764,97.109,Noun,1,donnie
4306,dimi,1764,97.11,Noun,1,dimi
4307,maddî,1763,97.111,Adj,1,maddi
4308,cho,1763,97.112,Noun,1,cho
4309,tar,1762,97.113,Noun,1,tarım
4310,kısmak,1762,97.114,Verb,1,kısma
4311,aydınlatmak,1762,97.115,Verb,1,aydınlat
4312,zorba,1761,97.116,Adj,1,zorba
4313,uçur,1761,97.117,Noun,1,uçurumdan
4314,sıska,1760,97.118,Adj,1,sıska
4315,becca,1760,97.119,Noun,1,becca
4316,pençe,1757,97.12,Noun,1,pençe
4317,louie,1756,97.121,Noun,1,louie
4318,anton,1756,97.122,Noun,1,anton
4319,küt,1756,97.123,Noun,1,kütle
4320,joshua,1755,97.124,Noun,1,joshua
4321,karides,1755,97.125,Noun,1,karides
4322,mürekkep,1754,97.126,Adj,1,mürekkep
4323,fantezi,1754,97.127,Adj,1,fantezi
4324,parazit,1753,97.128,Noun,1,parazit
4325,yengeç,1752,97.129,Noun,1,yengeç
4326,çözüm,1751,97.13,Noun,1,çözümü
4327,fırça,1751,97.131,Noun,1,fırça
4328,dijital,1750,97.132,Adj,1,dijital
4329,aktivite,1748,97.133,Noun,1,aktivite
4330,roma,1746,97.134,Adj,1,romalı
4331,cynthia,1745,97.135,Noun,1,cynthia
4332,ac,1745,97.136,Noun,1,acını
4333,gıda,1744,97.137,Noun,1,gıda
4334,mandy,1743,97.138,Noun,1,mandy
4335,öç,1743,97.139,Noun,1,öcünü
4336,lamb,1742,97.14,Noun,1,lamba
4337,angelo,1740,97.141,Noun,1,angelo
4338,lorenzo,1740,97.142,Noun,1,lorenzo
4339,hood,1739,97.143,Noun,1,hood
4340,ironik,1739,97.144,Adj,1,ironik
4341,çip,1737,97.145,Noun,1,çip
4342,voyager,1736,97.146,Noun,1,voyager
4343,mastürbasyon,1735,97.147,Noun,1,mastürbasyon
4344,istanbul,1735,97.148,Noun,1,İstanbul
4345,manas,1735,97.149,Noun,1,manası
4346,sepet,1735,97.15,Noun,1,sepeti
4347,moruk,1733,97.151,Adj,1,moruk
4348,tasar,1733,97.152,Noun,1,tasarım
4349,şekerlemek,1732,97.153,Verb,1,şekerleme
4350,timmy,1732,97.154,Noun,1,timmy
4351,notlamak,1732,97.155,Verb,1,notlar
4352,çekel,1729,97.156,Noun,1,çekelim
4353,tasarım,1729,97.157,Noun,1,tasarımı
4354,ilmek,1728,97.158,Verb,1,il
4355,endüstri,1727,97.159,Noun,1,endüstri
4356,acıklı,1726,97.16,Adj,1,acıklı
4357,kathy,1726,97.161,Noun,1,kathy
4358,apaçık,1726,97.162,Adv,1,apaçık
4359,açar,1725,97.163,Noun,1,açarım
4360,phoenix,1723,97.164,Noun,1,phoenix
4361,khan,1722,97.165,Noun,1,khan
4362,kumaş,1722,97.166,Adj,1,kumaş
4363,kenneth,1721,97.167,Noun,1,kenneth
4364,cat,1721,97.168,Noun,1,cat
4365,shirley,1719,97.169,Noun,1,shirley
4366,enjekte,1719,97.17,Adj,1,enjekte
4367,orkestra,1719,97.171,Noun,1,orkestra
4368,koz,1719,97.172,Noun,1,koz
4369,sterlin,1718,97.173,Noun,1,sterlin
4370,tamamiyle,1718,97.174,Adv,1,tamamiyle
4371,çingene,1718,97.175,Noun,1,çingene
4372,jedi,1717,97.176,Noun,1,jedi
4373,stevens,1717,97.177,Noun,1,stevens
4374,brady,1716,97.178,Noun,1,brady
4375,kesinti,1715,97.179,Noun,1,kesinti
4376,muhtaç,1714,97.18,Adj,1,muhtaç
4377,hatay,1714,97.181,Noun,1,hatayı
4378,crichton,1714,97.182,Noun,1,crichton
4379,omar,1713,97.183,Noun,1,omar
4380,sendrom,1713,97.184,Noun,1,sendromu
4381,iren,1712,97.185,Noun,1,irene
4382,stajyer,1711,97.186,Noun,1,stajyer
4383,hadisene,1710,97.187,Interj,1,hadisene
4384,lilly,1710,97.188,Noun,1,lilly
4385,kürk,1710,97.189,Adj,1,kürk
4386,yaşar,1710,97.19,Noun,1,yaşarım
4387,jae,1709,97.191,Noun,1,jae
4388,abartı,1708,97.192,Adj,1,abartılı
4389,potter,1707,97.193,Noun,1,potter
4390,donovan,1707,97.194,Noun,1,donovan
4391,şefkat,1707,97.195,Noun,1,şefkat
4392,burns,1706,97.196,Noun,1,burns
4393,valerie,1706,97.197,Noun,1,valerie
4394,neill,1706,97.198,Noun,1,neill
4395,faaliyet,1703,97.199,Noun,1,faaliyet
4396,hemfikir,1702,97.2,Adj,1,hemfikir
4397,galeri,1701,97.201,Noun,1,galeri
4398,silinmek,1700,97.202,Adj,1,silinmiş
4399,moe,1699,97.203,Noun,1,moe
4400,ernie,1698,97.204,Noun,1,ernie
4401,glee,1697,97.205,Noun,1,glee
4402,hills,1696,97.206,Noun,1,hills
4403,sihirbaz,1696,97.207,Noun,1,sihirbaz
4404,bam,1695,97.208,Dup,1,bam
4405,aksan,1695,97.209,Noun,1,aksanı
4406,geçenlerde,1694,97.21,Adv,1,geçenlerde
4407,hamilton,1694,97.21,Noun,1,hamilton
4408,kot,1694,97.211,Adj,1,kot
4409,açgözlü,1694,97.212,Adj,1,açgözlü
4410,doğum,1693,97.213,Noun,1,doğumlu
4411,edep,1690,97.214,Adj,1,edepsiz
4412,hayallemek,1689,97.215,Verb,1,hayaller
4413,detroit,1689,97.216,Noun,1,detroit
4414,çizik,1689,97.217,Adj,1,çizik
4415,clarke,1685,97.218,Noun,1,clarke
4416,olanak,1683,97.219,Noun,1,olanak
4417,val,1682,97.22,Noun,1,val
4418,sebebiyle,1679,97.221,Adv,1,sebebiyle
4419,apollo,1678,97.222,Noun,1,apollo
4420,iskele,1678,97.223,Noun,1,İskele
4421,dayı,1677,97.224,Interj,1,dayı
4422,gregory,1675,97.225,Noun,1,gregory
4423,dewey,1675,97.226,Noun,1,dewey
4424,central,1674,97.227,Noun,1,central
4425,ant,1674,97.228,Noun,1,andı
4426,alıntı,1673,97.229,Noun,1,alıntı
4427,çakal,1673,97.23,Adj,1,çakal
4428,sürgü,1673,97.231,Noun,1,sürgün
4429,altı,1673,97.232,Noun,1,altıda
4430,hulk,1672,97.233,Noun,1,hulk
4431,dilim,1672,97.234,Noun,1,dilimi
4432,klân,1672,97.235,Noun,1,klanı
4433,renee,1671,97.236,Noun,1,renee
4434,herkül,1671,97.237,Noun,1,herkül
4435,javier,1671,97.238,Noun,1,javier
4436,numaralamak,1668,97.238,Verb,1,numaralar
4437,bowling,1667,97.239,Noun,1,bowling
4438,uzunluk,1667,97.24,Noun,1,uzunluğunda
4439,köfte,1666,97.241,Noun,1,köfte
4440,sofia,1664,97.242,Noun,1,sofia
4441,sex,1664,97.243,Noun,1,sex
4442,rusty,1664,97.244,Noun,1,rusty
4443,jr,1663,97.245,Noun,1,jr
4444,archie,1663,97.246,Noun,1,archie
4445,akşamdan,1663,97.247,Adv,1,akşamdan
4446,istilâ,1663,97.248,Noun,1,istila
4447,stewart,1662,97.249,Noun,1,stewart
4448,edebiyat,1662,97.25,Noun,1,edebiyat
4449,cain,1662,97.251,Noun,1,caine
4450,pi,1662,97.252,Noun,1,pi
4451,eugen,1661,97.253,Noun,1,eugene
4452,radar,1661,97.254,Noun,1,radar
4453,ıssız,1660,97.255,Adj,1,ıssız
4454,ling,1660,97.256,Noun,1,ling
4455,akciğer,1660,97.257,Noun,1,akciğer
4456,singh,1659,97.258,Noun,1,singh
4457,tüh,1659,97.259,Interj,1,tüh
4458,mendil,1659,97.26,Noun,1,mendil
4459,tazminat,1658,97.26,Noun,1,tazminat
4460,sendika,1657,97.261,Noun,1,sendika
4461,karışım,1656,97.262,Noun,1,karışımı
4462,izci,1655,97.263,Noun,1,izci
4463,devirmek,1655,97.264,Verb,1,devir
4464,ödlek,1654,97.265,Adj,1,ödlek
4465,lionel,1651,97.266,Noun,1,lionel
4466,davetsiz,1651,97.267,Adv,1,davetsiz
4467,yoga,1649,97.268,Noun,1,yoga
4468,kelepçe,1649,97.269,Noun,1,kelepçeleri
4469,hisse,1649,97.27,Noun,1,hisseleri
4470,christina,1648,97.271,Noun,1,christina
4471,kapsam,1648,97.272,Adj,1,kapsamlı
4472,köpük,1648,97.273,Noun,1,köpük
4473,nadia,1647,97.274,Noun,1,nadia
4474,varmı,1646,97.275,Noun,1,varmı
4475,luther,1646,97.276,Noun,1,luther
4476,yale,1645,97.277,Noun,1,yale
4477,sayılamak,1645,97.278,Verb,1,sayılar
4478,bedavaya,1644,97.278,Adv,1,bedavaya
4479,keman,1644,97.279,Noun,1,keman
4480,kehanet,1643,97.28,Noun,1,kehanet
4481,vesaire,1641,97.281,Noun,1,vesaire
4482,alışkın,1641,97.282,Adj,1,alışkın
4483,fevkalâde,1640,97.283,Adj,1,fevkalade
4484,agnes,1639,97.284,Noun,1,agnes
4485,wang,1639,97.285,Noun,1,wang
4486,pearl,1639,97.286,Noun,1,pearl
4487,idrar,1639,97.287,Noun,1,idrar
4488,katy,1639,97.288,Noun,1,katya
4489,ayni,1638,97.289,Adj,1,ayni
4490,pop,1637,97.29,Adj,1,pop
4491,güya,1637,97.291,Adv,1,güya
4492,sincap,1637,97.292,Noun,1,sincap
4493,cahil,1636,97.293,Adj,1,cahil
4494,wells,1636,97.294,Noun,1,wells
4495,ash,1634,97.294,Noun,1,ash
4496,know,1634,97.295,Noun,1,know
4497,tesadüfen,1633,97.296,Adv,1,tesadüfen
4498,yasaklamak,1633,97.297,Verb,1,yasaklıyorum
4499,düşüncel,1632,97.298,Noun,1,düşünceli
4500,dümdüz,1632,97.299,Adj,1,dümdüz
4501,rıza,1631,97.3,Noun,1,rıza
4502,yapayalnız,1630,97.301,Adj,1,yapayalnız
4503,martin,1629,97.302,Noun,1,martini
4504,kokuşmak,1628,97.303,Adj,1,kokuşmuş
4505,dindar,1628,97.304,Adj,1,dindar
4506,denli,1626,97.305,Adv,1,denli
4507,vasiyet,1626,97.306,Noun,1,vasiyet
4508,percy,1625,97.307,Noun,1,percy
4509,algılamak,1625,97.308,Verb,1,algılama
4510,mahrum,1624,97.309,Adj,1,mahrum
4511,gibson,1621,97.309,Noun,1,gibson
4512,eleanor,1620,97.31,Noun,1,eleanor
4513,are,1620,97.311,Noun,1,are
4514,şimşek,1619,97.312,Noun,1,şimşek
4515,reagan,1619,97.313,Noun,1,reagan
4516,yemin,1619,97.314,Noun,1,yeminli
4517,gidi,1617,97.315,Adj,1,gidi
4518,beleş,1617,97.316,Adj,1,beleş
4519,homo,1616,97.317,Noun,1,homo
4520,evelyn,1616,97.318,Noun,1,evelyn
4521,palavra,1614,97.319,Noun,1,palavra
4522,yıldönümü,1612,97.32,Noun,1,yıldönümü
4523,it,1611,97.321,Noun,1,itin
4524,robinson,1610,97.322,Noun,1,robinson
4525,çimmek,1610,97.322,Verb,1,çim
4526,wall,1608,97.323,Noun,1,wall
4527,dosyalamak,1608,97.324,Verb,1,dosyalar
4528,vaughn,1607,97.325,Noun,1,vaughn
4529,kaldırım,1606,97.326,Noun,1,kaldırıma
4530,gevrek,1605,97.327,Noun,1,gevreği
4531,telâş,1605,97.328,Noun,1,telaş
4532,kısacası,1604,97.329,Adv,1,kısacası
4533,klingon,1604,97.33,Noun,1,klingon
4534,men,1604,97.331,Noun,1,men
4535,cinsiyet,1604,97.332,Noun,1,cinsiyet
4536,varis,1604,97.333,Noun,1,varisi
4537,beklenti,1604,97.334,Noun,1,beklentileri
4538,dadı,1603,97.334,Noun,1,dadı
4539,nakliye,1600,97.335,Noun,1,nakliye
4540,dönü,1600,97.336,Noun,1,dönüm
4541,manuel,1599,97.337,Adj,1,manuel
4542,harbi,1599,97.338,Adj,1,harbi
4543,paranoyak,1599,97.339,Adj,1,paranoyak
4544,springfield,1599,97.34,Noun,1,springfield
4545,jun,1597,97.341,Noun,1,jun
4546,onlarca,1597,97.342,Adj,1,onlarca
4547,striptizci,1595,97.343,Noun,1,striptizci
4548,kahkaha,1595,97.344,Noun,1,kahkaha
4549,wes,1594,97.345,Noun,1,wes
4550,jasper,1594,97.345,Noun,1,jasper
4551,yoksul,1594,97.346,Adj,1,yoksul
4552,beach,1593,97.347,Noun,1,beach
4553,hayes,1593,97.348,Noun,1,hayes
4554,bree,1591,97.349,Noun,1,bree
4555,judith,1590,97.35,Noun,1,judith
4556,sloan,1588,97.351,Noun,1,sloan
4557,keşiş,1588,97.352,Noun,1,keşiş
4558,otto,1587,97.353,Noun,1,otto
4559,emlak,1586,97.354,Noun,1,emlak
4560,uydurma,1586,97.355,Adj,1,uydurma
4561,wong,1584,97.356,Noun,1,wong
4562,tasarruf,1584,97.356,Noun,1,tasarruf
4563,penguen,1584,97.357,Noun,1,penguen
4564,ring,1584,97.358,Noun,1,ringe
4565,morfin,1583,97.359,Noun,1,morfin
4566,roberts,1583,97.36,Noun,1,roberts
4567,susuz,1583,97.361,Noun,1,susuz
4568,baxter,1582,97.362,Noun,1,baxter
4569,gold,1582,97.363,Noun,1,gold
4570,çetin,1582,97.364,Adj,1,çetin
4571,boris,1580,97.365,Noun,1,boris
4572,jared,1579,97.366,Noun,1,jared
4573,puro,1579,97.366,Noun,1,puro
4574,hurda,1579,97.367,Adj,1,hurda
4575,lucky,1578,97.368,Noun,1,lucky
4576,kolombiya,1578,97.369,Noun,1,kolombiya
4577,ziya,1577,97.37,Noun,1,ziyan
4578,peruk,1577,97.371,Noun,1,peruk
4579,palto,1577,97.372,Noun,1,palto
4580,sans,1576,97.373,Noun,1,sans
4581,doc,1576,97.374,Noun,1,doc
4582,vagon,1576,97.375,Noun,1,vagon
4583,kai,1575,97.376,Noun,1,kai
4584,çiğ,1574,97.376,Adj,1,çiğ
4585,çatal,1573,97.377,Adj,1,çatal
4586,karantina,1573,97.378,Noun,1,karantina
4587,vicky,1571,97.379,Noun,1,vicky
4588,nan,1571,97.38,Noun,1,nana
4589,koşullamak,1569,97.381,Verb,1,koşullar
4590,ward,1568,97.382,Noun,1,ward
4591,aylak,1567,97.383,Adj,1,aylak
4592,seul,1565,97.384,Noun,1,seul
4593,hobi,1565,97.385,Noun,1,hobi
4594,köken,1564,97.385,Noun,1,kökenli
4595,carlo,1563,97.386,Noun,1,carlo
4596,şişmek,1563,97.387,Adj,1,şişmiş
4597,rütbe,1563,97.388,Noun,1,rütbeli
4598,sung,1560,97.389,Noun,1,sung
4599,yaa,1560,97.39,Interj,1,yaa
4600,susie,1559,97.391,Noun,1,susie
4601,rot,1559,97.392,Noun,1,rota
4602,rio,1559,97.393,Noun,1,rio
4603,avatar,1559,97.394,Noun,1,avatar
4604,otoyol,1559,97.394,Noun,1,otoyol
4605,glen,1558,97.395,Noun,1,glen
4606,bundy,1558,97.396,Noun,1,bundy
4607,euro,1558,97.397,Noun,1,euro
4608,keser,1558,97.398,Noun,1,keserim
4609,doris,1556,97.399,Noun,1,doris
4610,mesih,1555,97.4,Noun,1,mesih
4611,jonah,1555,97.401,Noun,1,jonah
4612,mail,1555,97.402,Adj,1,mail
4613,rutin,1555,97.402,Adj,1,rutin
4614,sherman,1554,97.403,Noun,1,sherman
4615,tütmek,1554,97.404,Verb,1,tütün
4616,ebet,1553,97.405,Noun,1,ebedi
4617,sanchez,1553,97.406,Noun,1,sanchez
4618,ms,1553,97.407,Noun,1,ms
4619,vites,1553,97.408,Noun,1,vites
4620,şair,1552,97.409,Adj,1,şair
4621,yetim,1552,97.41,Adj,1,yetim
4622,melinda,1551,97.41,Noun,1,melinda
4623,hudson,1551,97.411,Noun,1,hudson
4624,felsefe,1551,97.412,Noun,1,felsefe
4625,vivian,1550,97.413,Noun,1,vivian
4626,devon,1550,97.414,Noun,1,devon
4627,ısıtmak,1550,97.415,Verb,1,ısıtma
4628,dışiş,1549,97.416,Noun,1,dışişleri
4629,iplemek,1548,97.417,Verb,1,iple
4630,off,1547,97.418,Noun,1,off
4631,jose,1547,97.419,Noun,1,jose
4632,orgazm,1547,97.419,Noun,1,orgazm
4633,alaska,1544,97.42,Noun,1,alaska
4634,psikoloji,1544,97.421,Noun,1,psikoloji
4635,vaziyet,1544,97.422,Noun,1,vaziyette
4636,gevşemek,1544,97.423,Verb,1,gevşe
4637,eczane,1544,97.424,Noun,1,eczane
4638,hughes,1543,97.425,Noun,1,hughes
4639,queen,1543,97.426,Noun,1,queen
4640,estetik,1543,97.427,Adj,1,estetik
4641,marissa,1542,97.427,Noun,1,marissa
4642,daniels,1542,97.428,Noun,1,daniels
4643,prezervatif,1541,97.429,Noun,1,prezervatif
4644,matty,1541,97.43,Noun,1,matty
4645,sutton,1539,97.431,Noun,1,sutton
4646,kırmızı,1539,97.432,Noun,1,kırmızıya
4647,ayyaş,1538,97.433,Adj,1,ayyaş
4648,paskalya,1537,97.434,Noun,1,paskalya
4649,luthor,1536,97.434,Noun,1,luthor
4650,show,1535,97.435,Noun,1,show
4651,hart,1535,97.436,Adv,1,hart
4652,sözlü,1535,97.437,Adj,1,sözlü
4653,shepherd,1535,97.438,Noun,1,shepherd
4654,yerçekimi,1535,97.439,Noun,1,yerçekimi
4655,bradley,1534,97.44,Noun,1,bradley
4656,tedirgin,1533,97.441,Adj,1,tedirgin
4657,cass,1532,97.442,Noun,1,cass
4658,şiş,1532,97.442,Adj,1,şiş
4659,sönmek,1532,97.443,Verb,1,söndü
4660,rast,1532,97.444,Adj,1,rastlanan
4661,hortum,1531,97.445,Noun,1,hortum
4662,meğer,1530,97.446,Adv,1,meğer
4663,çekim,1530,97.447,Noun,1,çekimleri
4664,baltimore,1529,97.448,Noun,1,baltimore
4665,atlanta,1528,97.449,Noun,1,atlanta
4666,çizim,1528,97.449,Noun,1,çizimler
4667,reçete,1527,97.45,Noun,1,reçete
4668,tutsak,1524,97.451,Adj,1,tutsak
4669,mutlak,1524,97.452,Adj,1,mutlak
4670,chelsea,1523,97.453,Noun,1,chelsea
4671,yuri,1523,97.454,Noun,1,yuri
4672,takviye,1522,97.455,Noun,1,takviye
4673,torres,1522,97.456,Noun,1,torres
4674,balkon,1522,97.456,Noun,1,balkondan
4675,garrett,1521,97.457,Noun,1,garrett
4676,almanca,1521,97.458,Adj,1,almanca
4677,kalem,1521,97.459,Noun,1,kalemini
4678,marcel,1520,97.46,Noun,1,marcel
4679,donny,1519,97.461,Noun,1,donny
4680,yeğ,1519,97.462,Noun,1,yeğlerim
4681,tammy,1518,97.463,Noun,1,tammy
4682,nikita,1518,97.463,Noun,1,nikita
4683,esmer,1516,97.464,Adj,1,esmer
4684,cazibe,1515,97.465,Noun,1,cazibe
4685,karbon,1514,97.466,Noun,1,karbon
4686,aha,1514,97.467,Det,1,aha
4687,salata,1514,97.468,Noun,1,salatası
4688,ipuç,1514,97.469,Noun,1,ipuçları
4689,saplantı,1514,97.47,Noun,1,saplantı
4690,laurel,1513,97.47,Noun,1,laurel
4691,sekizinci,1511,97.471,Num,1,sekizinci
4692,kurmay,1510,97.472,Noun,1,kurmayı
4693,islam,1509,97.473,Noun,1,İslam
4694,körfez,1508,97.474,Noun,1,körfezi
4695,dü,1508,97.475,Noun,1,düne
4696,wally,1507,97.476,Noun,1,wally
4697,lake,1507,97.476,Adj,1,lake
4698,eyvallah,1506,97.477,Noun,1,eyvallah
4699,newton,1503,97.478,Noun,1,newton
4700,gazlamak,1503,97.479,Verb,1,gazla
4701,shannon,1501,97.48,Noun,1,shannon
4702,dokunaklı,1501,97.481,Adj,1,dokunaklı
4703,rich,1500,97.482,Noun,1,rich
4704,hâlbuki,1500,97.483,Conj,1,halbuki
4705,kadarki,1499,97.483,Noun,1,kadarki
4706,gates,1499,97.484,Noun,1,gates
4707,pul,1499,97.485,Noun,1,pul
4708,sarsıntı,1499,97.486,Noun,1,sarsıntısı
4709,editör,1498,97.487,Noun,1,editör
4710,ceo,1496,97.488,Noun,1,ceo
4711,yazılamak,1494,97.489,Verb,1,yazılar
4712,tiffany,1493,97.489,Noun,1,tiffany
4713,iskoçya,1493,97.49,Noun,1,İskoçya
4714,elbet,1493,97.491,Adv,1,elbet
4715,price,1492,97.492,Noun,1,price
4716,metîn,1491,97.493,Adj,1,metin
4717,maksimum,1491,97.494,Adj,1,maksimum
4718,beceri,1490,97.495,Noun,1,beceri
4719,amaçlamak,1489,97.495,Verb,1,amaçla
4720,saman,1489,97.496,Noun,1,saman
4721,peterson,1488,97.497,Noun,1,peterson
4722,kafadan,1485,97.498,Adv,1,kafadan
4723,içerik,1485,97.499,Noun,1,içeriği
4724,hoşt,1484,97.5,Noun,1,hoştu
4725,kürtaj,1484,97.501,Noun,1,kürtaj
4726,kibrit,1483,97.501,Noun,1,kibrit
4727,paraşüt,1483,97.502,Noun,1,paraşüt
4728,olağandışı,1481,97.503,Noun,1,olağandışı
4729,tereyağı,1480,97.504,Noun,1,tereyağı
4730,simone,1479,97.505,Noun,1,simone
4731,skor,1479,97.506,Noun,1,skor
4732,yaymak,1479,97.506,Verb,1,yaymak
4733,shelby,1478,97.507,Noun,1,shelby
4734,gardner,1478,97.508,Noun,1,gardner
4735,sırılsıklam,1477,97.509,Adj,1,sırılsıklam
4736,bella,1477,97.51,Noun,1,bella
4737,milyarlarca,1477,97.511,Adj,1,milyarlarca
4738,boyle,1477,97.512,Noun,1,boyle
4739,bulvar,1476,97.512,Noun,1,bulvarı
4740,bates,1475,97.513,Noun,1,bates
4741,sookie,1475,97.514,Noun,1,sookie
4742,fort,1475,97.515,Noun,1,fort
4743,ulaş,1475,97.516,Noun,1,ulaşım
4744,danışmak,1475,97.517,Verb,1,danışma
4745,barbie,1474,97.518,Noun,1,barbie
4746,ekran,1474,97.518,Noun,1,ekranda
4747,bender,1473,97.519,Noun,1,bender
4748,çabalamak,1473,97.52,Verb,1,çabalıyorum
4749,seneye,1472,97.521,Adv,1,seneye
4750,kontes,1472,97.522,Noun,1,kontes
4751,abraham,1471,97.523,Noun,1,abraham
4752,franz,1471,97.523,Noun,1,franz
4753,peygamber,1471,97.524,Noun,1,peygamber
4754,gu,1470,97.525,Noun,1,gu
4755,mexico,1469,97.526,Noun,1,mexico
4756,bilardo,1469,97.527,Noun,1,bilardo
4757,günlerce,1466,97.528,Adv,1,günlerce
4758,darryl,1466,97.528,Noun,1,darryl
4759,kapsamak,1466,97.529,Verb,1,kapsıyor
4760,besi,1465,97.53,Noun,1,besin
4761,sorumsuz,1465,97.531,Adj,1,sorumsuz
4762,ce,1464,97.532,Noun,1,cece
4763,yabanî,1463,97.533,Noun,1,yabani
4764,dünden,1463,97.534,Adv,1,dünden
4765,got,1462,97.534,Noun,1,got
4766,müzikal,1462,97.535,Adj,1,müzikal
4767,sınırsız,1461,97.536,Adj,1,sınırsız
4768,naruto,1460,97.537,Noun,1,naruto
4769,koloni,1460,97.538,Noun,1,koloni
4770,burger,1459,97.539,Noun,1,burger
4771,tesisat,1459,97.539,Noun,1,tesisatçı
4772,velayet,1458,97.54,Noun,1,velayet
4773,eksi,1457,97.541,Adj,1,eksi
4774,vega,1455,97.542,Noun,1,vega
4775,balon,1455,97.543,Noun,1,balonu
4776,tekila,1454,97.544,Noun,1,tekila
4777,briggs,1454,97.544,Noun,1,briggs
4778,henderson,1452,97.545,Noun,1,henderson
4779,gayret,1452,97.546,Noun,1,gayret
4780,colorado,1452,97.547,Noun,1,colorado
4781,sylvia,1451,97.548,Noun,1,sylvia
4782,mills,1450,97.549,Noun,1,mills
4783,sevinç,1450,97.549,Noun,1,sevinç
4784,liman,1448,97.55,Noun,1,limanı
4785,norveç,1447,97.551,Noun,1,norveç
4786,sprey,1447,97.552,Noun,1,sprey
4787,hugh,1446,97.553,Noun,1,hugh
4788,ayaklamak,1446,97.554,Verb,1,ayaklar
4789,oynatmak,1446,97.554,Verb,1,oynat
4790,cohen,1444,97.555,Noun,1,cohen
4791,lokma,1443,97.556,Noun,1,lokma
4792,gerald,1442,97.557,Noun,1,gerald
4793,gilbert,1440,97.558,Noun,1,gilbert
4794,hoşnut,1439,97.559,Adj,1,hoşnut
4795,jambon,1439,97.559,Noun,1,jambon
4796,demokrasi,1438,97.56,Noun,1,demokrasi
4797,santral,1437,97.561,Noun,1,santral
4798,barbar,1437,97.562,Adj,1,barbar
4799,ziva,1436,97.563,Noun,1,ziva
4800,out,1436,97.564,Noun,1,out
4801,abe,1436,97.564,Interj,1,abe
4802,ming,1435,97.565,Noun,1,ming
4803,şili,1434,97.566,Noun,1,şilin
4804,pentagon,1433,97.567,Noun,1,pentagon
4805,yelek,1433,97.568,Noun,1,yelek
4806,şehvet,1433,97.568,Noun,1,şehvet
4807,lakap,1433,97.569,Noun,1,lakabı
4808,kris,1432,97.57,Noun,1,kristen
4809,dani,1430,97.571,Noun,1,dani
4810,epeyce,1430,97.572,Adv,1,epeyce
4811,ıvır,1430,97.573,Dup,1,ıvır
4812,şube,1430,97.573,Noun,1,şube
4813,walsh,1429,97.574,Noun,1,walsh
4814,dağıtım,1429,97.575,Noun,1,dağıtım
4815,şah,1428,97.576,Adj,1,şah
4816,state,1428,97.577,Noun,1,state
4817,yummak,1428,97.578,Verb,1,yum
4818,jacques,1427,97.578,Noun,1,jacques
4819,insanî,1427,97.579,Adj,1,insani
4820,gökkuşağı,1427,97.58,Noun,1,gökkuşağı
4821,zero,1426,97.581,Noun,1,zero
4822,tefek,1425,97.582,Dup,1,tefek
4823,brett,1425,97.582,Noun,1,brett
4824,danimarka,1424,97.583,Noun,1,danimarka
4825,astronot,1424,97.584,Noun,1,astronot
4826,traş,1423,97.585,Noun,1,traş
4827,emek,1423,97.586,Noun,1,emek
4828,günahkâr,1423,97.587,Adj,1,günahkar
4829,lacey,1422,97.587,Noun,1,lacey
4830,vâkıf,1422,97.588,Noun,1,vakfı
4831,esther,1421,97.589,Noun,1,esther
4832,kuşak,1421,97.59,Noun,1,kuşak
4833,manevî,1419,97.591,Adj,1,manevi
4834,piyango,1419,97.591,Noun,1,piyango
4835,etik,1418,97.592,Adj,1,etik
4836,avusturya,1418,97.593,Noun,1,avusturya
4837,teneke,1417,97.594,Adj,1,teneke
4838,başrol,1417,97.595,Noun,1,başrol
4839,sığınmak,1417,97.596,Verb,1,sığınma
4840,askı,1416,97.596,Noun,1,askıya
4841,yaklaşım,1416,97.597,Noun,1,yaklaşım
4842,bertmek,1415,97.598,Verb,1,bert
4843,yusuf,1415,97.599,Noun,1,yusuf
4844,galip,1415,97.6,Adj,1,galip
4845,mccoy,1414,97.6,Noun,1,mccoy
4846,bulundurmak,1414,97.601,Verb,1,bulundurma
4847,bale,1413,97.602,Noun,1,bale
4848,monte,1413,97.603,Noun,1,monte
4849,paulie,1413,97.604,Noun,1,paulie
4850,cartman,1413,97.604,Noun,1,cartman
4851,armağan,1413,97.605,Noun,1,armağan
4852,dolunay,1412,97.606,Noun,1,dolunay
4853,nasa,1411,97.607,Noun,1,nasa
4854,psişik,1410,97.608,Adj,1,psişik
4855,devralmak,1410,97.609,Verb,1,devralıyorum
4856,demiryolu,1409,97.609,Noun,1,demiryolu
4857,çağmak,1409,97.61,Verb,1,çağ
4858,gercek,1408,97.611,Noun,1,gercekten
4859,denver,1407,97.612,Noun,1,denver
4860,azap,1407,97.613,Noun,1,azabı
4861,paten,1407,97.613,Noun,1,paten
4862,milo,1406,97.614,Noun,1,milo
4863,örtmek,1406,97.615,Verb,1,ört
4864,manastır,1406,97.616,Noun,1,manastıra
4865,hy,1405,97.617,Noun,1,hyde
4866,fa,1405,97.617,Noun,1,fan
4867,chester,1404,97.618,Noun,1,chester
4868,meşru,1404,97.619,Adj,1,meşru
4869,tayland,1403,97.62,Noun,1,tayland
4870,barut,1403,97.621,Noun,1,barut
4871,enayi,1403,97.621,Adj,1,enayi
4872,ruhsat,1403,97.622,Noun,1,ruhsat
4873,nice,1402,97.623,Adj,1,nice
4874,yapışkan,1402,97.624,Adj,1,yapışkan
4875,nigel,1401,97.625,Noun,1,nigel
4876,seksi,1401,97.625,Verb,1,seksisin
4877,baygın,1400,97.626,Adv,1,baygın
4878,addison,1400,97.627,Noun,1,addison
4879,pope,1400,97.628,Noun,1,pope
4880,leh,1400,97.629,Noun,1,lehine
4881,just,1398,97.629,Noun,1,just
4882,dolandırmak,1397,97.63,Adj,1,dolandırıcı
4883,mam,1397,97.631,Noun,1,mama
4884,darcy,1397,97.632,Noun,1,darcy
4885,ambar,1396,97.633,Noun,1,ambar
4886,polly,1395,97.634,Noun,1,polly
4887,kelso,1395,97.634,Noun,1,kelso
4888,sergi,1395,97.635,Noun,1,sergi
4889,tate,1394,97.636,Noun,1,tate
4890,moon,1394,97.637,Noun,1,moon
4891,samuray,1394,97.638,Noun,1,samuray
4892,caz,1392,97.638,Noun,1,caz
4893,başıboş,1392,97.639,Adv,1,başıboş
4894,mekanik,1392,97.64,Adj,1,mekanik
4895,harekât,1391,97.641,Noun,1,harekat
4896,cruz,1390,97.642,Noun,1,cruz
4897,alıştırmak,1390,97.642,Verb,1,alıştırma
4898,marina,1390,97.643,Noun,1,marina
4899,üstat,1390,97.644,Interj,1,üstat
4900,müstakbel,1386,97.645,Adj,1,müstakbel
4901,narin,1386,97.646,Adj,1,narin
4902,darren,1385,97.646,Noun,1,darren
4903,powell,1385,97.647,Noun,1,powell
4904,tercüme,1385,97.648,Noun,1,tercüme
4905,yatırım,1385,97.649,Noun,1,yatırımcı
4906,yenilgi,1385,97.649,Noun,1,yenilgiyi
4907,get,1383,97.65,Noun,1,get
4908,face,1383,97.651,Noun,1,face
4909,medenî,1381,97.652,Adj,1,medeni
4910,altüst,1380,97.653,Adj,1,altüst
4911,radikal,1379,97.653,Adj,1,radikal
4912,seans,1379,97.654,Noun,1,seans
4913,zam,1378,97.655,Noun,1,zam
4914,poşet,1378,97.656,Noun,1,poşet
4915,sabote,1377,97.657,Noun,1,sabote
4916,horoz,1377,97.657,Noun,1,horoz
4917,hançer,1377,97.658,Noun,1,hançer
4918,horatio,1376,97.659,Noun,1,horatio
4919,teşkil,1375,97.66,Noun,1,teşkil
4920,aşık,1375,97.661,Verb,1,aşıktım
4921,kiraz,1374,97.661,Noun,1,kiraz
4922,musa,1373,97.662,Noun,1,musa
4923,torpido,1373,97.663,Noun,1,torpido
4924,birey,1372,97.664,Noun,1,birey
4925,hotel,1371,97.665,Noun,1,hotel
4926,brooks,1370,97.665,Noun,1,brooks
4927,usanmak,1370,97.666,Verb,1,usandım
4928,kes,1370,97.667,Verb,1,kesim
4929,çekmece,1370,97.668,Noun,1,çekmecede
4930,biricik,1369,97.668,Adj,1,biricik
4931,tertemiz,1369,97.669,Adj,1,tertemiz
4932,ariel,1369,97.67,Noun,1,ariel
4933,yenge,1369,97.671,Interj,1,yenge
4934,tahlil,1369,97.672,Noun,1,tahlil
4935,tüccar,1369,97.672,Noun,1,tüccar
4936,muhakkak,1367,97.673,Adj,1,muhakkak
4937,turşu,1367,97.674,Adj,1,turşu
4938,külot,1367,97.675,Noun,1,külot
4939,muhafaza,1366,97.676,Noun,1,muhafaza
4940,pompa,1366,97.676,Noun,1,pompa
4941,ender,1365,97.677,Adj,1,ender
4942,stratej,1365,97.678,Noun,1,strateji
4943,gotham,1365,97.679,Noun,1,gotham
4944,resepsiyon,1365,97.679,Noun,1,resepsiyon
4945,kuantum,1364,97.68,Noun,1,kuantum
4946,willow,1364,97.681,Noun,1,willow
4947,sanir,1364,97.682,Noun,1,sanirim
4948,kask,1364,97.683,Noun,1,kask
4949,biryer,1364,97.683,Noun,1,biryere
4950,medyum,1363,97.684,Noun,1,medyum
4951,akıntı,1363,97.685,Noun,1,akıntı
4952,bulanık,1362,97.686,Adv,1,bulanık
4953,yunus,1362,97.687,Noun,1,yunus
4954,google,1361,97.687,Noun,1,google
4955,weaver,1360,97.688,Noun,1,weaver
4956,narkotik,1360,97.689,Adj,1,narkotik
4957,zerr,1360,97.69,Noun,1,zerre
4958,belçika,1360,97.69,Noun,1,belçika
4959,tessa,1359,97.691,Noun,1,tessa
4960,ruhanî,1359,97.692,Adj,1,ruhani
4961,hammond,1358,97.693,Noun,1,hammond
4962,danışmanlık,1358,97.694,Noun,1,danışmanlık
4963,lorelai,1357,97.694,Noun,1,lorelai
4964,liv,1356,97.695,Noun,1,liv
4965,there,1355,97.696,Noun,1,there
4966,tik,1355,97.697,Noun,1,tik
4967,nitelik,1355,97.697,Noun,1,nitelikli
4968,zehirlemek,1355,97.698,Verb,1,zehirledi
4969,deva,1353,97.699,Noun,1,devamı
4970,artırmak,1353,97.7,Verb,1,artırmak
4971,callie,1351,97.701,Noun,1,callie
4972,bitkin,1351,97.701,Adj,1,bitkin
4973,dolandırıcı,1351,97.702,Noun,1,dolandırıcılık
4974,theresa,1350,97.703,Noun,1,theresa
4975,ruj,1350,97.704,Noun,1,ruj
4976,holt,1349,97.704,Noun,1,holt
4977,duman,1349,97.705,Noun,1,dumanı
4978,they,1347,97.706,Noun,1,they
4979,aşikâr,1347,97.707,Adj,1,aşikar
4980,pusu,1345,97.708,Noun,1,pusuya
4981,marsh,1345,97.708,Noun,1,marsh
4982,yargı,1345,97.709,Noun,1,yargı
4983,dayalı,1344,97.71,Adv,1,dayalı
4984,lo,1344,97.711,Noun,1,lo
4985,hallolmak,1344,97.711,Verb,1,halloldu
4986,teorik,1342,97.712,Adj,1,teorik
4987,sonia,1342,97.713,Noun,1,sonia
4988,plazma,1340,97.714,Noun,1,plazma
4989,duble,1340,97.714,Adj,1,duble
4990,çekiç,1340,97.715,Noun,1,çekiç
4991,prensip,1340,97.716,Noun,1,prensip
4992,sky,1339,97.717,Noun,1,sky
4993,camille,1338,97.718,Noun,1,camille
4994,krep,1338,97.718,Noun,1,krep
4995,karınlamak,1337,97.719,Verb,1,karınla
4996,florrick,1337,97.72,Noun,1,florrick
4997,meslektaş,1337,97.721,Noun,1,meslektaşım
4998,sawyer,1336,97.721,Noun,1,sawyer
4999,trey,1335,97.722,Noun,1,trey
5000,führer,1332,97.723,Noun,1,führer
5001,jenkins,1332,97.724,Noun,1,jenkins
5002,darwin,1331,97.724,Noun,1,darwin
5003,pah,1331,97.725,Noun,1,paha
5004,doğumgünü,1330,97.726,Noun,1,doğumgünü
5005,nell,1330,97.727,Noun,1,nell
5006,cross,1329,97.728,Noun,1,cross
5007,enfes,1328,97.728,Adj,1,enfes
5008,fletcher,1328,97.729,Noun,1,fletcher
5009,düdük,1328,97.73,Adj,1,düdük
5010,şükretmek,1328,97.731,Verb,1,şükret
5011,like,1327,97.731,Noun,1,like
5012,burton,1326,97.732,Noun,1,burton
5013,reşit,1326,97.733,Adj,1,reşit
5014,detaylamak,1326,97.734,Verb,1,detaylar
5015,abigail,1326,97.734,Noun,1,abigail
5016,stewie,1326,97.735,Noun,1,stewie
5017,denny,1326,97.736,Noun,1,denny
5018,testere,1326,97.737,Noun,1,testere
5019,hamur,1326,97.737,Adj,1,hamur
5020,montgomery,1325,97.738,Noun,1,montgomery
5021,montana,1325,97.739,Noun,1,montana
5022,devretmek,1325,97.74,Verb,1,devrede
5023,buzz,1324,97.74,Noun,1,buzz
5024,eleştiri,1324,97.741,Noun,1,eleştiri
5025,karate,1323,97.742,Noun,1,karate
5026,diplomatik,1321,97.743,Adj,1,diplomatik
5027,kitt,1320,97.744,Noun,1,kitt
5028,rush,1319,97.744,Noun,1,rush
5029,koklamak,1319,97.745,Verb,1,kokla
5030,edie,1318,97.746,Noun,1,edie
5031,psikiyatrist,1318,97.747,Noun,1,psikiyatrist
5032,mack,1317,97.747,Noun,1,mack
5033,kudüs,1317,97.748,Noun,1,kudüs
5034,roosevelt,1317,97.749,Noun,1,roosevelt
5035,ayrım,1317,97.75,Noun,1,ayrımcılık
5036,trent,1316,97.75,Noun,1,trent
5037,hol,1316,97.751,Noun,1,holden
5038,mimar,1316,97.752,Noun,1,mimar
5039,car,1316,97.753,Noun,1,cara
5040,züppe,1315,97.753,Adj,1,züppe
5041,nihaî,1314,97.754,Adj,1,nihai
5042,roland,1314,97.755,Noun,1,roland
5043,kıyas,1314,97.756,Noun,1,kıyasla
5044,gemma,1313,97.756,Noun,1,gemma
5045,çivi,1311,97.757,Noun,1,çivi
5046,st,1311,97.758,Noun,1,st
5047,koro,1311,97.759,Noun,1,koro
5048,kari,1311,97.759,Noun,1,karin
5049,joanna,1310,97.76,Noun,1,joanna
5050,lif,1310,97.761,Noun,1,life
5051,em,1310,97.762,Noun,1,eminiz
5052,turk,1309,97.762,Noun,1,turk
5053,nash,1309,97.763,Noun,1,nash
5054,portland,1309,97.764,Noun,1,portland
5055,delillemek,1308,97.765,Verb,1,deliller
5056,damien,1308,97.765,Noun,1,damien
5057,halüsinasyon,1308,97.766,Noun,1,halüsinasyon
5058,hm,1307,97.767,Interj,1,hm
5059,solgun,1307,97.768,Adj,1,solgun
5060,yunanistan,1306,97.768,Noun,1,yunanistan
5061,esnek,1306,97.769,Adj,1,esnek
5062,meteor,1305,97.77,Noun,1,meteor
5063,tang,1305,97.771,Noun,1,tang
5064,formül,1305,97.771,Noun,1,formülü
5065,fitz,1303,97.772,Noun,1,fitz
5066,gazoz,1302,97.773,Noun,1,gazoz
5067,sadie,1302,97.774,Noun,1,sadie
5068,jüpiter,1302,97.774,Noun,1,jüpiter
5069,presto,1302,97.775,Noun,1,preston
5070,rogers,1300,97.776,Noun,1,rogers
5071,alexis,1299,97.777,Noun,1,alexis
5072,carly,1298,97.777,Noun,1,carly
5073,tez,1298,97.778,Noun,1,tez
5074,temyiz,1297,97.779,Noun,1,temyiz
5075,programlamak,1297,97.78,Verb,1,programlar
5076,lisbon,1296,97.78,Noun,1,lisbon
5077,beğendi,1296,97.781,Noun,1,beğendiniz
5078,kurgu,1295,97.782,Noun,1,kurgu
5079,düello,1295,97.783,Noun,1,düello
5080,lori,1294,97.783,Noun,1,lori
5081,ku,1294,97.784,Noun,1,kuyu
5082,hala,1294,97.785,Noun,1,halam
5083,françois,1293,97.786,Noun,1,françois
5084,kolaylıkla,1292,97.786,Adv,1,kolaylıkla
5085,belgesel,1292,97.787,Adj,1,belgesel
5086,asma,1291,97.788,Adj,1,asma
5087,hannibal,1291,97.789,Noun,1,hannibal
5088,mâlik,1289,97.789,Noun,1,malik
5089,aleyküm,1289,97.79,Noun,1,aleyküm
5090,halat,1289,97.791,Noun,1,halat
5091,kıta,1289,97.792,Noun,1,kıta
5092,ham,1285,97.792,Adj,1,ham
5093,jeneratör,1285,97.793,Noun,1,jeneratör
5094,istisna,1284,97.794,Noun,1,istisna
5095,barb,1284,97.794,Noun,1,barb
5096,mani,1284,97.795,Noun,1,mani
5097,tayin,1283,97.796,Noun,1,tayin
5098,gail,1283,97.797,Noun,1,gail
5099,makam,1283,97.797,Noun,1,makamı
5100,michigan,1282,97.798,Noun,1,michigan
5101,döngü,1282,97.799,Noun,1,döngü
5102,zeus,1281,97.8,Noun,1,zeus
5103,odak,1281,97.8,Noun,1,odak
5104,julius,1280,97.801,Noun,1,julius
5105,güldürmek,1280,97.802,Verb,1,güldürme
5106,bryan,1279,97.803,Noun,1,bryan
5107,giles,1279,97.803,Noun,1,giles
5108,atay,1278,97.804,Noun,1,atayım
5109,ebediyen,1277,97.805,Adv,1,ebediyen
5110,taktir,1276,97.806,Noun,1,taktirde
5111,jöle,1275,97.806,Noun,1,jöle
5112,lila,1274,97.807,Noun,1,lila
5113,okur,1273,97.808,Noun,1,okurum
5114,doğaüstü,1272,97.808,Adj,1,doğaüstü
5115,kültürel,1272,97.809,Adj,1,kültürel
5116,quentin,1272,97.81,Noun,1,quentin
5117,bomboş,1271,97.811,Adj,1,bomboş
5118,pazarlamak,1270,97.811,Verb,1,pazarlama
5119,medeniyet,1270,97.812,Noun,1,medeniyet
5120,seo,1269,97.813,Noun,1,seo
5121,now,1268,97.814,Noun,1,now
5122,simmons,1268,97.814,Noun,1,simmons
5123,doğaçlama,1268,97.815,Adv,1,doğaçlama
5124,gretchen,1268,97.816,Noun,1,gretchen
5125,senet,1268,97.816,Noun,1,senedi
5126,ateşkes,1267,97.817,Noun,1,ateşkes
5127,fry,1267,97.818,Noun,1,fry
5128,buster,1267,97.819,Noun,1,buster
5129,arife,1267,97.819,Noun,1,arifesi
5130,sensör,1267,97.82,Noun,1,sensör
5131,down,1266,97.821,Noun,1,down
5132,hamletmek,1266,97.822,Verb,1,hamlet
5133,bisküvi,1265,97.822,Noun,1,bisküvi
5134,frost,1265,97.823,Noun,1,frost
5135,wolf,1265,97.824,Noun,1,wolf
5136,kavram,1265,97.825,Noun,1,kavramı
5137,ronald,1264,97.825,Noun,1,ronald
5138,yegâne,1263,97.826,Adj,1,yegane
5139,or,1262,97.827,Noun,1,or
5140,ten,1262,97.827,Noun,1,tenli
5141,marcy,1261,97.828,Noun,1,marcy
5142,silas,1261,97.829,Noun,1,silas
5143,memeli,1261,97.83,Adj,1,memeli
5144,barınak,1261,97.83,Noun,1,barınak
5145,oha,1260,97.831,Interj,1,oha
5146,havuç,1260,97.832,Noun,1,havuç
5147,worf,1259,97.832,Noun,1,worf
5148,kid,1259,97.833,Noun,1,kid
5149,iyimser,1259,97.834,Adj,1,iyimser
5150,mae,1258,97.835,Noun,1,mae
5151,mara,1258,97.835,Noun,1,mara
5152,şikago,1258,97.836,Noun,1,şikago
5153,frederick,1257,97.837,Noun,1,frederick
5154,cylon,1257,97.838,Noun,1,cylon
5155,iskelet,1256,97.838,Adj,1,iskelet
5156,egzotik,1254,97.839,Adj,1,egzotik
5157,ezra,1254,97.84,Noun,1,ezra
5158,dandik,1254,97.84,Adj,1,dandik
5159,venedik,1254,97.841,Noun,1,venedik
5160,satır,1254,97.842,Noun,1,satır
5161,susturmak,1253,97.843,Verb,1,susturmak
5162,belli,1252,97.843,Verb,1,belliydi
5163,topuk,1252,97.844,Adj,1,topuklu
5164,world,1251,97.845,Noun,1,world
5165,mazur,1251,97.845,Adj,1,mazur
5166,mila,1251,97.846,Noun,1,milan
5167,gölgelemek,1250,97.847,Verb,1,gölgeler
5168,latince,1250,97.848,Adj,1,latince
5169,santiago,1250,97.848,Noun,1,santiago
5170,tapmak,1250,97.849,Verb,1,tapıyor
5171,hasiktir,1248,97.85,Noun,1,hasiktir
5172,aktris,1248,97.85,Noun,1,aktris
5173,romantizm,1248,97.851,Noun,1,romantizm
5174,russ,1247,97.852,Noun,1,russ
5175,sarf,1247,97.853,Noun,1,sarf
5176,sherry,1247,97.853,Noun,1,sherry
5177,centilmen,1246,97.854,Adj,1,centilmen
5178,finans,1246,97.855,Noun,1,finans
5179,sürüngen,1246,97.856,Adj,1,sürüngen
5180,alkışlamak,1246,97.856,Verb,1,alkışlayalım
5181,öküz,1245,97.857,Noun,1,öküz
5182,viya,1245,97.858,Noun,1,viyana
5183,vajina,1245,97.858,Noun,1,vajina
5184,doku,1245,97.859,Noun,1,dokusu
5185,josie,1244,97.86,Noun,1,josie
5186,enstitü,1244,97.861,Noun,1,enstitüsü
5187,kırma,1243,97.861,Adj,1,kırma
5188,ikramiye,1241,97.862,Noun,1,ikramiye
5189,kyung,1240,97.863,Noun,1,kyung
5190,maureen,1240,97.863,Noun,1,maureen
5191,barbekü,1240,97.864,Noun,1,barbekü
5192,burak,1240,97.865,Noun,1,burak
5193,tarikat,1240,97.866,Noun,1,tarikat
5194,süpürge,1239,97.866,Noun,1,süpürge
5195,henri,1238,97.867,Noun,1,henri
5196,sensei,1238,97.868,Noun,1,sensei
5197,kısıt,1238,97.868,Adj,1,kısıtlı
5198,agresif,1237,97.869,Adj,1,agresif
5199,fran,1236,97.87,Noun,1,fran
5200,uzun,1236,97.87,Adv,1,uzunca
5201,gezgin,1236,97.871,Adj,1,gezgin
5202,asır,1236,97.872,Noun,1,asırlar
5203,julio,1235,97.873,Noun,1,julio
5204,çit,1235,97.873,Noun,1,çitin
5205,somut,1233,97.874,Adj,1,somut
5206,millie,1233,97.875,Noun,1,millie
5207,iksir,1233,97.875,Noun,1,iksir
5208,itibarî,1232,97.876,Noun,1,itibariyle
5209,natasha,1232,97.877,Noun,1,natasha
5210,bank,1232,97.878,Noun,1,bank
5211,nat,1231,97.878,Noun,1,nat
5212,kaplamak,1231,97.879,Verb,1,kaplıyor
5213,pijama,1230,97.88,Noun,1,pijama
5214,sığ,1229,97.88,Adj,1,sığ
5215,türki,1229,97.881,Noun,1,türkiye
5216,eşik,1228,97.882,Noun,1,eşiğinde
5217,iskoç,1227,97.883,Noun,1,İskoç
5218,protein,1226,97.883,Noun,1,protein
5219,reçel,1226,97.884,Noun,1,reçel
5220,âdem,1224,97.885,Noun,1,adem
5221,taşra,1224,97.885,Noun,1,taşra
5222,lindsey,1222,97.886,Noun,1,lindsey
5223,kavanoz,1222,97.887,Noun,1,kavanoz
5224,işitmek,1222,97.887,Verb,1,işitme
5225,soğukkanlı,1221,97.888,Adj,1,soğukkanlı
5226,cristina,1221,97.889,Noun,1,cristina
5227,adami,1221,97.89,Noun,1,adamim
5228,sabahleyin,1219,97.89,Adv,1,sabahleyin
5229,hasat,1219,97.891,Noun,1,hasat
5230,ş,1219,97.892,Noun,1,ş
5231,borg,1218,97.892,Noun,1,borg
5232,saint,1218,97.893,Noun,1,saint
5233,fındık,1217,97.894,Noun,1,fındık
5234,patricia,1216,97.894,Noun,1,patricia
5235,dominic,1216,97.895,Noun,1,dominic
5236,nikâh,1216,97.896,Noun,1,nikah
5237,vitamin,1216,97.897,Noun,1,vitamin
5238,tim,1214,97.897,Noun,1,timi
5239,county,1214,97.898,Noun,1,county
5240,hasa,1214,97.899,Noun,1,hasan
5241,gövde,1214,97.899,Noun,1,gövde
5242,esrarengiz,1213,97.9,Adj,1,esrarengiz
5243,suzanne,1213,97.901,Noun,1,suzanne
5244,siker,1213,97.901,Noun,1,sikerim
5245,cassidy,1212,97.902,Noun,1,cassidy
5246,jeanne,1212,97.903,Noun,1,jeanne
5247,zırva,1212,97.904,Noun,1,zırva
5248,gözcü,1211,97.904,Noun,1,gözcü
5249,jude,1210,97.905,Noun,1,jude
5250,skinner,1210,97.906,Noun,1,skinner
5251,veteriner,1210,97.906,Noun,1,veteriner
5252,limonata,1209,97.907,Noun,1,limonata
5253,america,1209,97.908,Noun,1,american
5254,suna,1209,97.908,Noun,1,suna
5255,malone,1208,97.909,Noun,1,malone
5256,batıl,1208,97.91,Adj,1,batıl
5257,kuyu,1208,97.91,Noun,1,kuyuya
5258,ritchie,1207,97.911,Noun,1,ritchie
5259,fantastik,1207,97.912,Adj,1,fantastik
5260,sang,1207,97.913,Noun,1,sang
5261,valentin,1207,97.913,Noun,1,valentine
5262,sabrina,1206,97.914,Noun,1,sabrina
5263,çarmıh,1206,97.915,Noun,1,çarmıha
5264,stacy,1206,97.915,Noun,1,stacy
5265,giyim,1206,97.916,Noun,1,giyim
5266,duck,1205,97.917,Noun,1,duck
5267,dillon,1205,97.917,Noun,1,dillon
5268,puding,1205,97.918,Noun,1,puding
5269,karga,1205,97.919,Noun,1,karga
5270,soyguncu,1205,97.919,Noun,1,soyguncu
5271,çoban,1204,97.92,Noun,1,çoban
5272,basamak,1204,97.921,Noun,1,basamak
5273,beta,1202,97.922,Noun,1,beta
5274,queens,1202,97.922,Noun,1,queens
5275,hakikî,1202,97.923,Noun,1,hakiki
5276,bianca,1201,97.924,Noun,1,bianca
5277,venüs,1201,97.924,Noun,1,venüs
5278,happy,1200,97.925,Noun,1,happy
5279,coop,1200,97.926,Noun,1,coop
5280,lüzum,1200,97.926,Noun,1,lüzum
5281,courtney,1199,97.927,Noun,1,courtney
5282,şerit,1199,97.928,Noun,1,şeridi
5283,başüstüne,1198,97.928,Interj,1,başüstüne
5284,lyle,1197,97.929,Noun,1,lyle
5285,tezgâh,1197,97.93,Noun,1,tezgahın
5286,mat,1196,97.931,Adj,1,mat
5287,hiza,1194,97.931,Noun,1,hizaya
5288,paralel,1191,97.932,Adj,1,paralel
5289,mutant,1191,97.933,Noun,1,mutant
5290,çarşaf,1191,97.933,Noun,1,çarşaf
5291,beck,1190,97.934,Noun,1,beck
5292,atlantik,1190,97.935,Noun,1,atlantik
5293,banks,1190,97.935,Noun,1,banks
5294,aspir,1190,97.936,Noun,1,aspirin
5295,crystal,1190,97.937,Noun,1,crystal
5296,dutch,1190,97.937,Noun,1,dutch
5297,kesel,1190,97.938,Noun,1,keselim
5298,likör,1189,97.939,Noun,1,likör
5299,gümrük,1188,97.939,Noun,1,gümrük
5300,sakso,1187,97.94,Noun,1,sakso
5301,morty,1185,97.941,Noun,1,morty
5302,âciz,1185,97.941,Adv,1,aciz
5303,faith,1184,97.942,Noun,1,faith
5304,dekan,1184,97.943,Noun,1,dekan
5305,bakteri,1184,97.944,Noun,1,bakteri
5306,edith,1183,97.944,Noun,1,edith
5307,ergenlik,1183,97.945,Noun,1,ergenlik
5308,sıyırmak,1183,97.946,Adj,1,sıyırmış
5309,global,1182,97.946,Adj,1,global
5310,gideon,1182,97.947,Noun,1,gideon
5311,antoine,1182,97.948,Noun,1,antoine
5312,milton,1181,97.948,Noun,1,milton
5313,oxford,1181,97.949,Noun,1,oxford
5314,clinton,1180,97.95,Noun,1,clinton
5315,kozmik,1180,97.95,Adj,1,kozmik
5316,dağlamak,1180,97.951,Verb,1,dağlar
5317,tövbe,1179,97.952,Noun,1,tövbe
5318,grady,1179,97.952,Noun,1,grady
5319,katrina,1178,97.953,Noun,1,katrina
5320,aras,1177,97.954,Noun,1,arasın
5321,dizayn,1176,97.954,Noun,1,dizayn
5322,flint,1176,97.955,Noun,1,flint
5323,cary,1176,97.956,Noun,1,cary
5324,aksiyon,1176,97.956,Noun,1,aksiyon
5325,esna,1175,97.957,Noun,1,esnada
5326,crawford,1174,97.958,Noun,1,crawford
5327,celia,1173,97.958,Noun,1,celia
5328,bet,1173,97.959,Noun,1,bette
5329,hakem,1172,97.96,Noun,1,hakem
5330,mim,1172,97.96,Noun,1,mimi
5331,reaksiyon,1172,97.961,Noun,1,reaksiyon
5332,tepsi,1172,97.962,Noun,1,tepsi
5333,roberto,1171,97.962,Noun,1,roberto
5334,sloane,1171,97.963,Noun,1,sloane
5335,terlemek,1171,97.964,Verb,1,terliyor
5336,frances,1170,97.964,Noun,1,frances
5337,cani,1170,97.965,Adj,1,cani
5338,magnus,1169,97.966,Noun,1,magnus
5339,bural,1169,97.967,Noun,1,buralı
5340,yetimhane,1169,97.967,Noun,1,yetimhaneye
5341,madrid,1168,97.968,Noun,1,madrid
5342,felicity,1168,97.969,Noun,1,felicity
5343,kasvet,1167,97.969,Adj,1,kasvetli
5344,ahmet,1167,97.97,Noun,1,ahmet
5345,armstrong,1167,97.971,Noun,1,armstrong
5346,oppa,1166,97.971,Noun,1,oppa
5347,erotik,1166,97.972,Adj,1,erotik
5348,yoğun,1166,97.973,Noun,1,yoğunluğu
5349,deacon,1165,97.973,Noun,1,deacon
5350,us,1165,97.974,Noun,1,us
5351,şan,1165,97.975,Adj,1,şanlı
5352,hodgins,1164,97.975,Noun,1,hodgins
5353,şımarık,1164,97.976,Adv,1,şımarık
5354,gidişmek,1163,97.977,Verb,1,gidiş
5355,neva,1162,97.977,Noun,1,nevada
5356,gallagher,1162,97.978,Noun,1,gallagher
5357,patlak,1162,97.979,Adj,1,patlak
5358,kanalizasyon,1162,97.979,Noun,1,kanalizasyon
5359,şeftali,1161,97.98,Noun,1,şeftali
5360,sayıl,1161,97.981,Noun,1,sayılı
5361,ollie,1160,97.981,Noun,1,ollie
5362,tobias,1160,97.982,Noun,1,tobias
5363,cici,1160,97.983,Adj,1,cici
5364,isabella,1160,97.983,Noun,1,isabella
5365,light,1160,97.984,Adj,1,light
5366,kırılgan,1160,97.985,Adj,1,kırılgan
5367,clayton,1159,97.985,Noun,1,clayton
5368,sancak,1158,97.986,Noun,1,sancak
5369,butters,1158,97.987,Noun,1,butters
5370,more,1157,97.987,Noun,1,more
5371,gracie,1157,97.988,Noun,1,gracie
5372,bağışık,1156,97.989,Noun,1,bağışıklık
5373,club,1156,97.989,Noun,1,club
5374,elsa,1156,97.99,Noun,1,elsa
5375,kontak,1155,97.991,Adj,1,kontak
5376,yatışmak,1154,97.991,Adj,1,yatıştırıcı
5377,konserve,1153,97.992,Adj,1,konserve
5378,hawkins,1153,97.993,Noun,1,hawkins
5379,timothy,1152,97.993,Noun,1,timothy
5380,leylâ,1152,97.994,Noun,1,leyla
5381,emmett,1152,97.995,Noun,1,emmett
5382,matthews,1151,97.995,Noun,1,matthews
5383,trudy,1151,97.996,Noun,1,trudy
5384,anita,1150,97.997,Noun,1,anita
5385,trish,1149,97.997,Noun,1,trish
5386,mina,1149,97.998,Noun,1,mina
5387,renklemek,1149,97.998,Verb,1,renkler
5388,come,1148,97.999,Noun,1,come
5389,priya,1148,98.0,Noun,1,priya
5390,atık,1148,98.0,Adj,1,atık
5391,gaby,1148,98.001,Noun,1,gaby
5392,davalı,1148,98.002,Adj,1,davalı
5393,rap,1147,98.002,Noun,1,rap
5394,atak,1147,98.003,Adj,1,atak
5395,vaaz,1146,98.004,Noun,1,vaaz
5396,faşist,1146,98.004,Noun,1,faşist
5397,delhi,1145,98.005,Noun,1,delhi
5398,tatsız,1145,98.006,Adv,1,tatsız
5399,dokuzuncu,1145,98.006,Num,1,dokuzuncu
5400,tango,1144,98.007,Noun,1,tango
5401,milyoner,1143,98.008,Noun,1,milyoner
5402,carolina,1143,98.008,Noun,1,carolina
5403,leonardo,1142,98.009,Noun,1,leonardo
5404,limuzin,1142,98.01,Noun,1,limuzin
5405,baek,1142,98.01,Noun,1,baek
5406,tutam,1142,98.011,Adj,1,tutam
5407,siren,1141,98.012,Noun,1,siren
5408,good,1140,98.012,Noun,1,good
5409,hayley,1140,98.013,Noun,1,hayley
5410,zoey,1139,98.014,Noun,1,zoey
5411,langley,1139,98.014,Noun,1,langley
5412,les,1139,98.015,Noun,1,les
5413,raunt,1139,98.016,Noun,1,raunt
5414,elijah,1138,98.016,Noun,1,elijah
5415,varış,1138,98.017,Noun,1,varış
5416,xander,1138,98.018,Noun,1,xander
5417,referans,1138,98.018,Noun,1,referans
5418,lucia,1138,98.019,Noun,1,lucia
5419,meraklanmak,1137,98.02,Verb,1,meraklanma
5420,bip,1136,98.02,Interj,1,bip
5421,edwards,1135,98.021,Noun,1,edwards
5422,lynette,1135,98.021,Noun,1,lynette
5423,nixon,1135,98.022,Noun,1,nixon
5424,piskopos,1135,98.023,Noun,1,piskopos
5425,paşa,1135,98.023,Adj,1,paşa
5426,birara,1134,98.024,Noun,1,biraraya
5427,tünaydın,1133,98.025,Interj,1,tünaydın
5428,basket,1133,98.025,Noun,1,basket
5429,cephane,1132,98.026,Noun,1,cephane
5430,yenilemek,1131,98.027,Verb,1,yenileme
5431,maddy,1130,98.027,Noun,1,maddy
5432,luffy,1129,98.028,Noun,1,luffy
5433,calle,1129,98.029,Noun,1,callen
5434,takvim,1129,98.029,Noun,1,takvim
5435,gıcık,1128,98.03,Adj,1,gıcık
5436,lopez,1128,98.031,Noun,1,lopez
5437,başçavuş,1128,98.031,Noun,1,başçavuş
5438,şifa,1128,98.032,Noun,1,şifa
5439,siper,1127,98.033,Adj,1,siper
5440,sunny,1127,98.033,Noun,1,sunny
5441,oba,1127,98.034,Noun,1,obama
5442,misal,1127,98.034,Noun,1,misali
5443,bilezik,1126,98.035,Noun,1,bilezik
5444,wheeler,1125,98.036,Noun,1,wheeler
5445,monty,1124,98.036,Noun,1,monty
5446,tuğlamak,1124,98.037,Verb,1,tuğla
5447,chun,1124,98.038,Noun,1,chun
5448,piyade,1124,98.038,Noun,1,piyade
5449,adrenalin,1123,98.039,Noun,1,adrenalin
5450,cyril,1123,98.04,Noun,1,cyril
5451,akbaba,1123,98.04,Adj,1,akbaba
5452,who,1122,98.041,Noun,1,who
5453,rupi,1122,98.042,Noun,1,rupi
5454,solo,1122,98.042,Noun,1,solo
5455,andırmak,1122,98.043,Verb,1,andırıyor
5456,malikâne,1121,98.044,Noun,1,malikanesi
5457,mod,1121,98.044,Noun,1,moduna
5458,iştah,1121,98.045,Noun,1,iştah
5459,yatılı,1120,98.045,Adj,1,yatılı
5460,georgie,1120,98.046,Noun,1,georgie
5461,beyinsiz,1120,98.047,Adj,1,beyinsiz
5462,mucizevi,1119,98.047,Adj,1,mucizevi
5463,moro,1119,98.048,Noun,1,moron
5464,kubbe,1119,98.049,Noun,1,kubbe
5465,balistik,1118,98.049,Noun,1,balistik
5466,aktarmak,1118,98.05,Verb,1,aktarma
5467,maura,1117,98.051,Noun,1,maura
5468,old,1117,98.051,Noun,1,old
5469,teknisyen,1117,98.052,Noun,1,teknisyen
5470,imaj,1117,98.053,Noun,1,imaj
5471,christy,1116,98.053,Noun,1,christy
5472,sevk,1116,98.054,Noun,1,sevk
5473,çizi,1116,98.054,Noun,1,çizim
5474,tatbikat,1116,98.055,Noun,1,tatbikat
5475,lahana,1115,98.056,Noun,1,lahana
5476,marianne,1115,98.056,Noun,1,marianne
5477,mizah,1115,98.057,Noun,1,mizah
5478,vip,1115,98.058,Noun,1,vip
5479,lütuf,1115,98.058,Noun,1,lütuf
5480,ergen,1114,98.059,Adj,1,ergen
5481,xi,1114,98.06,Noun,1,xi
5482,franco,1114,98.06,Noun,1,franco
5483,müdafaa,1113,98.061,Noun,1,müdafaa
5484,üçgen,1113,98.061,Adj,1,üçgen
5485,churchill,1112,98.062,Noun,1,churchill
5486,çalışkan,1112,98.063,Adj,1,çalışkan
5487,beatrice,1111,98.063,Noun,1,beatrice
5488,jorge,1110,98.064,Noun,1,jorge
5489,olimpiyat,1109,98.065,Noun,1,olimpiyat
5490,tanım,1109,98.065,Noun,1,tanımı
5491,sel,1108,98.066,Noun,1,sel
5492,po,1108,98.067,Noun,1,po
5493,clive,1107,98.067,Noun,1,clive
5494,odin,1107,98.068,Noun,1,odin
5495,kafein,1107,98.068,Adj,1,kafeinsiz
5496,candy,1106,98.069,Noun,1,candy
5497,gevşek,1106,98.07,Adj,1,gevşek
5498,erzak,1105,98.07,Noun,1,erzak
5499,orjinal,1105,98.071,Noun,1,orjinal
5500,nsa,1105,98.072,Noun,1,nsa
5501,dolly,1105,98.072,Noun,1,dolly
5502,rahmet,1105,98.073,Adj,1,rahmetli
5503,mülteci,1105,98.074,Noun,1,mülteci
5504,north,1104,98.074,Noun,1,north
5505,ufo,1104,98.075,Noun,1,ufo
5506,eğilim,1104,98.075,Noun,1,eğilimi
5507,virgil,1103,98.076,Noun,1,virgil
5508,mızrak,1103,98.077,Noun,1,mızrak
5509,palm,1102,98.077,Noun,1,palm
5510,tarzan,1102,98.078,Noun,1,tarzan
5511,charley,1101,98.079,Noun,1,charley
5512,zindan,1101,98.079,Noun,1,zindan
5513,flâş,1100,98.08,Noun,1,flaş
5514,amsterdam,1100,98.081,Noun,1,amsterdam
5515,titiz,1100,98.081,Adj,1,titiz
5516,içiş,1100,98.082,Noun,1,İçişleri
5517,değişken,1100,98.082,Adj,1,değişken
5518,metres,1100,98.083,Noun,1,metresi
5519,kurum,1100,98.084,Noun,1,kurumsal
5520,finanse,1099,98.084,Adj,1,finanse
5521,herman,1099,98.085,Noun,1,herman
5522,hacı,1099,98.086,Noun,1,hacı
5523,durgun,1098,98.086,Adj,1,durgun
5524,hormon,1098,98.087,Noun,1,hormon
5525,işlev,1098,98.087,Noun,1,işlevi
5526,indiana,1097,98.088,Noun,1,indiana
5527,kgb,1097,98.089,Noun,1,kgb
5528,barınmak,1097,98.089,Verb,1,barındıran
5529,mei,1096,98.09,Noun,1,mei
5530,whitney,1096,98.091,Noun,1,whitney
5531,baby,1096,98.091,Noun,1,baby
5532,meditasyon,1096,98.092,Noun,1,meditasyon
5533,rossi,1096,98.093,Noun,1,rossi
5534,picard,1095,98.093,Noun,1,picard
5535,jade,1094,98.094,Noun,1,jade
5536,kıvılcım,1094,98.094,Noun,1,kıvılcım
5537,halı,1094,98.095,Noun,1,halıyı
5538,taraftar,1093,98.096,Noun,1,taraftarı
5539,avlu,1093,98.096,Noun,1,avluda
5540,tımarhane,1093,98.097,Noun,1,tımarhaneye
5541,çam,1092,98.098,Noun,1,çam
5542,kapasite,1092,98.098,Noun,1,kapasitesi
5543,kelepçelemek,1092,98.099,Verb,1,kelepçeler
5544,woods,1091,98.099,Noun,1,woods
5545,izole,1090,98.1,Adj,1,izole
5546,kaçamak,1090,98.101,Adj,1,kaçamak
5547,ss,1089,98.101,Noun,1,ss
5548,kitlemek,1089,98.102,Verb,1,kitle
5549,andrews,1089,98.103,Noun,1,andrews
5550,jax,1089,98.103,Noun,1,jax
5551,kıyak,1088,98.104,Adj,1,kıyak
5552,sidik,1087,98.104,Noun,1,sidik
5553,kabadayı,1087,98.105,Adj,1,kabadayı
5554,floransa,1086,98.106,Noun,1,floransa
5555,arz,1086,98.106,Noun,1,arz
5556,otis,1085,98.107,Noun,1,otis
5557,eliyle,1085,98.108,Adv,1,eliyle
5558,mankafa,1084,98.108,Adj,1,mankafa
5559,hor,1084,98.109,Adj,1,hor
5560,gelinlik,1084,98.109,Adj,1,gelinlik
5561,mississippi,1083,98.11,Noun,1,mississippi
5562,yaya,1083,98.111,Adv,1,yaya
5563,yenik,1083,98.111,Adj,1,yenik
5564,ittifak,1083,98.112,Noun,1,ittifak
5565,gaius,1082,98.113,Noun,1,gaius
5566,prim,1082,98.113,Noun,1,prime
5567,ibrahim,1081,98.114,Noun,1,İbrahim
5568,merhum,1081,98.114,Noun,1,merhum
5569,cazip,1080,98.115,Adj,1,cazip
5570,nem,1080,98.116,Adj,1,nemli
5571,bennet,1080,98.116,Noun,1,bennet
5572,ginger,1079,98.117,Noun,1,ginger
5573,ace,1079,98.118,Noun,1,ace
5574,veba,1079,98.118,Noun,1,veba
5575,phyllis,1079,98.119,Noun,1,phyllis
5576,yurtdışı,1079,98.119,Noun,1,yurtdışına
5577,haftalarca,1078,98.12,Adv,1,haftalarca
5578,fıçı,1078,98.121,Adj,1,fıçı
5579,mont,1077,98.121,Noun,1,mont
5580,uygar,1077,98.122,Noun,1,uygar
5581,yoğurt,1076,98.122,Noun,1,yoğurt
5582,atlantic,1076,98.123,Noun,1,atlantic
5583,dönüm,1075,98.124,Noun,1,dönümü
5584,ötmek,1075,98.124,Verb,1,öt
5585,memnuniyet,1074,98.125,Noun,1,memnuniyet
5586,soral,1074,98.126,Noun,1,soralım
5587,denizaltı,1074,98.126,Noun,1,denizaltı
5588,mindy,1074,98.127,Noun,1,mindy
5589,beton,1073,98.127,Adj,1,beton
5590,şömine,1073,98.128,Noun,1,şömine
5591,tasma,1073,98.129,Noun,1,tasma
5592,oswald,1072,98.129,Noun,1,oswald
5593,kalibre,1072,98.13,Noun,1,kalibre
5594,annemler,1072,98.131,Noun,1,annemler
5595,alaşağı,1071,98.131,Adj,1,alaşağı
5596,viking,1070,98.132,Noun,1,viking
5597,özet,1070,98.132,Noun,1,özet
5598,çevri,1069,98.133,Adj,1,çevrili
5599,kadim,1069,98.134,Adj,1,kadim
5600,truman,1069,98.134,Noun,1,truman
5601,kut,1069,98.135,Noun,1,kutlarım
5602,vance,1068,98.135,Noun,1,vance
5603,frankenstein,1068,98.136,Noun,1,frankenstein
5604,ahşap,1068,98.137,Adj,1,ahşap
5605,sümük,1068,98.137,Adj,1,sümüklü
5606,boom,1067,98.138,Noun,1,boom
5607,keş,1067,98.138,Adj,1,keş
5608,avans,1067,98.139,Noun,1,avans
5609,senato,1066,98.14,Noun,1,senato
5610,kirsten,1066,98.14,Noun,1,kirsten
5611,stop,1066,98.141,Noun,1,stop
5612,dubois,1065,98.142,Noun,1,dubois
5613,adımlamak,1065,98.142,Verb,1,adımlar
5614,mckay,1064,98.143,Noun,1,mckay
5615,yerleşim,1064,98.143,Noun,1,yerleşim
5616,betsy,1064,98.144,Noun,1,betsy
5617,tok,1063,98.145,Adj,1,tok
5618,ego,1063,98.145,Noun,1,ego
5619,alın,1063,98.146,Noun,1,alnında
5620,hiro,1062,98.146,Noun,1,hiro
5621,tutal,1062,98.147,Noun,1,tutalım
5622,seung,1062,98.148,Noun,1,seung
5623,bakır,1062,98.148,Adj,1,bakır
5624,selam,1062,98.149,Noun,1,selamımı
5625,cora,1061,98.149,Noun,1,cora
5626,hassa,1061,98.15,Noun,1,hassan
5627,mayo,1061,98.151,Noun,1,mayo
5628,çük,1060,98.151,Noun,1,çük
5629,maxi,1060,98.152,Noun,1,maxine
5630,uyuz,1059,98.153,Adj,1,uyuz
5631,işyeri,1059,98.153,Noun,1,işyeri
5632,mayın,1058,98.154,Noun,1,mayın
5633,sanders,1058,98.154,Noun,1,sanders
5634,interpol,1058,98.155,Noun,1,interpol
5635,limit,1058,98.156,Noun,1,limiti
5636,motive,1057,98.156,Noun,1,motive
5637,right,1057,98.157,Noun,1,right
5638,when,1056,98.157,Noun,1,when
5639,otomobil,1056,98.158,Noun,1,otomobil
5640,crowley,1056,98.159,Noun,1,crowley
5641,klima,1056,98.159,Noun,1,klima
5642,kaş,1056,98.16,Noun,1,kaşlarını
5643,francine,1055,98.16,Noun,1,francine
5644,billie,1054,98.161,Noun,1,billie
5645,stalin,1054,98.162,Noun,1,stalin
5646,besbelli,1054,98.162,Adj,1,besbelli
5647,rakun,1054,98.163,Noun,1,rakun
5648,kâhin,1054,98.163,Noun,1,kahin
5649,olta,1054,98.164,Noun,1,olta
5650,anımsamak,1054,98.165,Verb,1,anımsıyorum
5651,mikro,1053,98.165,Adj,1,mikro
5652,heba,1053,98.166,Noun,1,heba
5653,varsayım,1053,98.167,Noun,1,varsayım
5654,volkan,1052,98.167,Noun,1,volkan
5655,arjantin,1051,98.168,Noun,1,arjantin
5656,ferrari,1051,98.168,Noun,1,ferrari
5657,oregon,1051,98.169,Noun,1,oregon
5658,pirzola,1051,98.17,Noun,1,pirzola
5659,tu,1050,98.17,Interj,1,tu
5660,stanford,1050,98.171,Noun,1,stanford
5661,napolyon,1049,98.171,Noun,1,napolyon
5662,sanayi,1048,98.172,Noun,1,sanayi
5663,heidi,1048,98.173,Noun,1,heidi
5664,point,1048,98.173,Noun,1,point
5665,diploma,1048,98.174,Noun,1,diploma
5666,rahatlıkla,1047,98.174,Adv,1,rahatlıkla
5667,harley,1047,98.175,Noun,1,harley
5668,vatansever,1047,98.176,Adj,1,vatansever
5669,oprah,1046,98.176,Noun,1,oprah
5670,kefil,1046,98.177,Noun,1,kefil
5671,gitgide,1046,98.177,Adv,1,gitgide
5672,creek,1046,98.178,Noun,1,creek
5673,melez,1046,98.179,Adj,1,melez
5674,deneylemek,1045,98.179,Verb,1,deneyler
5675,manga,1045,98.18,Noun,1,manga
5676,sabretmek,1044,98.18,Verb,1,sabret
5677,kaplan,1044,98.181,Noun,1,kaplanı
5678,foreman,1043,98.182,Noun,1,foreman
5679,amazon,1043,98.182,Noun,1,amazon
5680,sünger,1043,98.183,Noun,1,sünger
5681,nypd,1042,98.183,Noun,1,nypd
5682,börek,1041,98.184,Noun,1,börek
5683,biyoloji,1040,98.185,Noun,1,biyoloji
5684,shaun,1040,98.185,Noun,1,shaun
5685,gebe,1040,98.186,Adj,1,gebe
5686,buğday,1039,98.186,Noun,1,buğday
5687,vade,1039,98.187,Adj,1,vadeli
5688,lucie,1039,98.188,Noun,1,lucien
5689,martinez,1038,98.188,Noun,1,martinez
5690,özenmek,1037,98.189,Verb,1,özen
5691,gündem,1037,98.189,Noun,1,gündeme
5692,yulaf,1036,98.19,Noun,1,yulaf
5693,yuan,1036,98.191,Noun,1,yuan
5694,omlet,1036,98.191,Noun,1,omlet
5695,starbuck,1036,98.192,Noun,1,starbuck
5696,psikiyatri,1036,98.192,Noun,1,psikiyatri
5697,cox,1035,98.193,Noun,1,cox
5698,vicki,1035,98.193,Noun,1,vicki
5699,şâhıs,1034,98.194,Noun,1,şahıs
5700,cadillac,1034,98.195,Noun,1,cadillac
5701,sonya,1034,98.195,Noun,1,sonya
5702,kerry,1034,98.196,Noun,1,kerry
5703,haz,1033,98.196,Noun,1,haz
5704,nakavt,1033,98.197,Noun,1,nakavt
5705,hetty,1031,98.198,Noun,1,hetty
5706,bunny,1031,98.198,Noun,1,bunny
5707,faiz,1031,98.199,Noun,1,faiz
5708,sarımsak,1031,98.199,Noun,1,sarımsak
5709,balkabağı,1031,98.2,Noun,1,balkabağı
5710,viktor,1030,98.201,Noun,1,viktor
5711,kentucky,1030,98.201,Noun,1,kentucky
5712,bass,1030,98.202,Noun,1,bass
5713,camelot,1029,98.202,Noun,1,camelot
5714,anti,1029,98.203,Noun,1,anti
5715,rastlantı,1029,98.204,Noun,1,rastlantı
5716,byron,1028,98.204,Noun,1,byron
5717,müstehcen,1028,98.205,Adj,1,müstehcen
5718,maliyet,1028,98.205,Noun,1,maliyeti
5719,bento,1027,98.206,Noun,1,benton
5720,lars,1025,98.207,Noun,1,lars
5721,lang,1025,98.207,Noun,1,lang
5722,bildiri,1025,98.208,Noun,1,bildiri
5723,gong,1024,98.208,Noun,1,gong
5724,brent,1024,98.209,Noun,1,brent
5725,shelley,1024,98.209,Noun,1,shelley
5726,deha,1024,98.21,Noun,1,deha
5727,freud,1023,98.211,Noun,1,freud
5728,valiz,1023,98.211,Noun,1,valiz
5729,pamela,1022,98.212,Noun,1,pamela
5730,raylan,1022,98.212,Noun,1,raylan
5731,taco,1022,98.213,Noun,1,taco
5732,liu,1022,98.214,Noun,1,liu
5733,yong,1022,98.214,Noun,1,yong
5734,cook,1021,98.215,Noun,1,cook
5735,dam,1021,98.215,Noun,1,dama
5736,floyd,1020,98.216,Noun,1,floyd
5737,klişe,1020,98.217,Adj,1,klişe
5738,pilâv,1020,98.217,Noun,1,pilav
5739,vanilya,1020,98.218,Adj,1,vanilyalı
5740,darmadağın,1019,98.218,Adj,1,darmadağın
5741,gerekse,1019,98.219,Conj,1,gerekse
5742,hidrojen,1018,98.219,Noun,1,hidrojen
5743,iik,1018,98.22,Noun,1,İik
5744,bardan,1018,98.221,Adj,1,bardan
5745,girl,1018,98.221,Noun,1,girl
5746,meyil,1018,98.222,Adj,1,meyilli
5747,caitlin,1017,98.222,Noun,1,caitlin
5748,takı,1017,98.223,Adj,1,takılı
5749,har,1017,98.224,Noun,1,hara
5750,diamond,1017,98.224,Noun,1,diamond
5751,ritm,1017,98.225,Noun,1,ritmi
5752,kıvırcık,1016,98.225,Adj,1,kıvırcık
5753,otoban,1016,98.226,Noun,1,otoban
5754,minicik,1015,98.226,Adj,1,minicik
5755,fanny,1015,98.227,Noun,1,fanny
5756,ampul,1015,98.228,Noun,1,ampul
5757,mekanizma,1015,98.228,Noun,1,mekanizması
5758,taslak,1015,98.229,Noun,1,taslak
5759,scarlett,1014,98.229,Noun,1,scarlett
5760,manchester,1014,98.23,Noun,1,manchester
5761,maktul,1014,98.231,Noun,1,maktulün
5762,aldi,1012,98.231,Noun,1,aldim
5763,dolmuş,1011,98.232,Adj,1,dolmuş
5764,rusça,1011,98.232,Adj,1,rusça
5765,varit,1011,98.233,Noun,1,vardi
5766,figür,1010,98.233,Noun,1,figürü
5767,akademik,1009,98.234,Adj,1,akademik
5768,nankör,1009,98.235,Adj,1,nankör
5769,bağırsak,1009,98.235,Noun,1,bağırsaklarını
5770,üremek,1008,98.236,Verb,1,üreme
5771,manevra,1008,98.236,Noun,1,manevra
5772,jai,1006,98.237,Noun,1,jai
5773,boo,1006,98.238,Noun,1,boo
5774,tabir,1006,98.238,Noun,1,tabir
5775,kuduz,1005,98.239,Adj,1,kuduz
5776,pırıl,1005,98.239,Dup,1,pırıl
5777,deeks,1005,98.24,Noun,1,deeks
5778,dinamit,1004,98.24,Adj,1,dinamit
5779,newman,1004,98.241,Noun,1,newman
5780,alvin,1004,98.242,Noun,1,alvin
5781,oto,1004,98.242,Noun,1,oto
5782,bloom,1004,98.243,Noun,1,bloom
5783,kılavuz,1004,98.243,Noun,1,kılavuz
5784,olive,1003,98.244,Noun,1,olive
5785,stacey,1003,98.244,Noun,1,stacey
5786,kalay,1003,98.245,Noun,1,kalayım
5787,dangalak,1003,98.246,Noun,1,dangalak
5788,nova,1003,98.246,Noun,1,nova
5789,rıhtım,1003,98.247,Noun,1,rıhtımda
5790,richmond,1002,98.247,Noun,1,richmond
5791,şifrelemek,1002,98.248,Verb,1,şifreleme
5792,laflamak,1001,98.248,Verb,1,laflar
5793,bunalım,1001,98.249,Noun,1,bunalıma
5794,abed,1000,98.25,Noun,1,abed
5795,sarsılmak,1000,98.25,Verb,1,sarsılmış
5796,said,999,98.251,Noun,1,said
5797,mikropmak,999,98.251,Verb,1,mikrop
5798,kraker,999,98.252,Noun,1,kraker
5799,dex,999,98.252,Noun,1,dex
5800,çıtır,999,98.253,Dup,1,çıtır
5801,winnie,999,98.254,Noun,1,winnie
5802,önder,999,98.254,Noun,1,önderlik
5803,dökme,999,98.255,Adj,1,dökme
5804,veritabanı,999,98.255,Noun,1,veritabanında
5805,rakamlamak,998,98.256,Verb,1,rakamlar
5806,fuar,998,98.257,Noun,1,fuarı
5807,ghost,997,98.257,Noun,1,ghost
5808,yoz,997,98.258,Adj,1,yozlaşmış
5809,fargo,996,98.258,Noun,1,fargo
5810,öneri,996,98.259,Noun,1,öneride
5811,radyoaktif,995,98.259,Adj,1,radyoaktif
5812,galactica,994,98.26,Noun,1,galactica
5813,özgün,993,98.261,Adj,1,özgün
5814,gayr,993,98.261,Noun,1,gayri
5815,çince,993,98.262,Adj,1,çince
5816,first,993,98.262,Noun,1,first
5817,atm,993,98.263,Noun,1,atm
5818,azim,993,98.263,Adj,1,azimli
5819,pennsylvania,992,98.264,Noun,1,pennsylvania
5820,gale,992,98.265,Noun,1,gale
5821,falco,992,98.265,Noun,1,falcon
5822,çizme,992,98.266,Noun,1,çizmeyi
5823,zeytin,991,98.266,Adj,1,zeytin
5824,wolfe,991,98.267,Noun,1,wolfe
5825,elektromanyetik,991,98.267,Adj,1,elektromanyetik
5826,gun,991,98.268,Noun,1,gun
5827,sekil,991,98.269,Noun,1,sekilde
5828,morrison,991,98.269,Noun,1,morrison
5829,otorite,991,98.27,Noun,1,otorite
5830,rafael,990,98.27,Noun,1,rafael
5831,alpha,988,98.271,Noun,1,alpha
5832,heralde,988,98.271,Noun,1,heralde
5833,klâs,988,98.272,Noun,1,klas
5834,chance,987,98.272,Noun,1,chance
5835,jesus,987,98.273,Noun,1,jesus
5836,connecticut,987,98.274,Noun,1,connecticut
5837,mağlup,987,98.274,Adj,1,mağlup
5838,talim,987,98.275,Noun,1,talim
5839,düzenbaz,986,98.275,Adj,1,düzenbaz
5840,sinclair,986,98.276,Noun,1,sinclair
5841,superman,986,98.276,Noun,1,superman
5842,feng,986,98.277,Noun,1,feng
5843,miligram,986,98.278,Noun,1,miligram
5844,ko,986,98.278,Noun,1,ko
5845,edmund,985,98.279,Noun,1,edmund
5846,rufus,985,98.279,Noun,1,rufus
5847,suşi,983,98.28,Noun,1,suşi
5848,dalton,983,98.28,Noun,1,dalton
5849,davacı,983,98.281,Noun,1,davacı
5850,vatikan,982,98.282,Noun,1,vatikan
5851,harriet,982,98.282,Noun,1,harriet
5852,hardy,982,98.283,Noun,1,hardy
5853,geceleyin,981,98.283,Adv,1,geceleyin
5854,başbaşa,981,98.284,Adv,1,başbaşa
5855,herb,981,98.284,Noun,1,herb
5856,phillips,981,98.285,Noun,1,phillips
5857,haa,980,98.285,Interj,1,haa
5858,zina,980,98.286,Noun,1,zina
5859,afrikalı,980,98.287,Noun,1,afrikalı
5860,pratt,979,98.287,Noun,1,pratt
5861,leela,979,98.288,Noun,1,leela
5862,orson,978,98.288,Noun,1,orson
5863,gerard,978,98.289,Noun,1,gerard
5864,rod,978,98.289,Noun,1,rod
5865,ispatlamak,977,98.29,Noun,1,ispatlamak
5866,dekore,976,98.291,Adj,1,dekore
5867,faul,976,98.291,Noun,1,faul
5868,semptom,976,98.292,Noun,1,semptomları
5869,birak,975,98.292,Noun,1,birak
5870,irade,975,98.293,Noun,1,irade
5871,herbert,974,98.293,Noun,1,herbert
5872,ertelemek,974,98.294,Noun,1,ertelemek
5873,solmak,974,98.294,Verb,1,solmuş
5874,toptan,973,98.295,Adv,1,toptan
5875,tonlarca,973,98.296,Adj,1,tonlarca
5876,çalar,973,98.296,Noun,1,çalarım
5877,çalarmak,973,98.297,Verb,1,çalardı
5878,locke,972,98.297,Noun,1,locke
5879,kertenkele,972,98.298,Noun,1,kertenkele
5880,butler,972,98.298,Noun,1,butler
5881,knox,971,98.299,Noun,1,knox
5882,ponpon,971,98.3,Noun,1,ponpon
5883,harlan,971,98.3,Noun,1,harlan
5884,caesar,970,98.301,Noun,1,caesar
5885,abis,970,98.301,Noun,1,abisi
5886,demokratik,970,98.302,Adj,1,demokratik
5887,mana,970,98.302,Noun,1,manada
5888,jody,969,98.303,Noun,1,jody
5889,öğüt,969,98.303,Noun,1,öğüt
5890,haham,969,98.304,Noun,1,haham
5891,belirmek,969,98.305,Verb,1,belirdi
5892,aygıt,969,98.305,Noun,1,aygıtı
5893,başvurmak,969,98.306,Verb,1,başvurdum
5894,ames,968,98.306,Noun,1,ames
5895,sterling,967,98.307,Noun,1,sterling
5896,döney,967,98.307,Noun,1,döneyim
5897,basma,967,98.308,Adj,1,basma
5898,israf,967,98.308,Noun,1,israf
5899,kafeterya,967,98.309,Noun,1,kafeteryada
5900,jensen,966,98.31,Noun,1,jensen
5901,gübre,966,98.31,Noun,1,gübre
5902,mumbai,966,98.311,Noun,1,mumbai
5903,porto,966,98.311,Noun,1,porto
5904,kodes,966,98.312,Noun,1,kodese
5905,wal,965,98.312,Noun,1,walden
5906,birebir,965,98.313,Adj,1,birebir
5907,soytarı,964,98.313,Noun,1,soytarı
5908,firar,963,98.314,Noun,1,firar
5909,dodge,963,98.315,Noun,1,dodge
5910,panda,963,98.315,Noun,1,panda
5911,carlton,962,98.316,Noun,1,carlton
5912,gerry,962,98.316,Noun,1,gerry
5913,piramit,962,98.317,Noun,1,piramit
5914,valley,961,98.317,Noun,1,valley
5915,willis,961,98.318,Noun,1,willis
5916,fang,961,98.318,Noun,1,fang
5917,tampon,960,98.319,Noun,1,tampon
5918,komedyen,960,98.319,Adj,1,komedyen
5919,güreşmek,960,98.32,Verb,1,güreş
5920,vah,960,98.321,Interj,1,vah
5921,sınırlamak,960,98.321,Verb,1,sınırlar
5922,kâfi,960,98.322,Adj,1,kâfi
5923,wright,959,98.322,Noun,1,wright
5924,bulamak,959,98.323,Verb,1,bulamam
5925,vinnie,957,98.323,Noun,1,vinnie
5926,libby,957,98.324,Noun,1,libby
5927,cate,957,98.324,Noun,1,cate
5928,philly,957,98.325,Noun,1,philly
5929,kurye,957,98.326,Noun,1,kurye
5930,simge,957,98.326,Noun,1,simgesi
5931,rahul,956,98.327,Noun,1,rahul
5932,kemoterapi,956,98.327,Noun,1,kemoterapi
5933,tomografi,956,98.328,Noun,1,tomografi
5934,bikini,955,98.328,Noun,1,bikini
5935,ball,955,98.329,Noun,1,ball
5936,bilhassa,954,98.329,Adv,1,bilhassa
5937,husus,954,98.33,Noun,1,hususunda
5938,anneanne,954,98.33,Noun,1,anneanne
5939,kaçıncı,952,98.331,Adj,1,kaçıncı
5940,tokuş,952,98.332,Dup,1,tokuş
5941,bereket,952,98.332,Adj,1,bereketli
5942,güm,951,98.333,Noun,1,güm
5943,hasır,951,98.333,Adj,1,hasır
5944,jethro,951,98.334,Noun,1,jethro
5945,yarık,951,98.334,Adj,1,yarık
5946,gırtlak,951,98.335,Noun,1,gırtlağını
5947,br,950,98.335,Noun,1,br
5948,jerome,950,98.336,Noun,1,jerome
5949,mütevazı,950,98.337,Adj,1,mütevazı
5950,sweets,949,98.337,Noun,1,sweets
5951,korel,949,98.338,Noun,1,koreli
5952,melodi,949,98.338,Noun,1,melodi
5953,kışkırtmak,949,98.339,Adj,1,kışkırtıcı
5954,philipp,948,98.339,Noun,1,philippe
5955,dolamak,948,98.34,Verb,1,doluyor
5956,pittsburgh,948,98.34,Noun,1,pittsburgh
5957,kumanda,948,98.341,Noun,1,kumandayı
5958,sap,948,98.341,Noun,1,sapı
5959,skipper,947,98.342,Noun,1,skipper
5960,porsche,947,98.343,Noun,1,porsche
5961,siber,947,98.343,Noun,1,siber
5962,jeong,947,98.344,Noun,1,jeong
5963,tetiklemek,947,98.344,Adj,1,tetikleyici
5964,helâl,946,98.345,Noun,1,helal
5965,pauli,946,98.345,Noun,1,pauline
5966,dog,946,98.346,Noun,1,dog
5967,uçma,946,98.346,Noun,1,uçmayı
5968,stratejik,945,98.347,Adj,1,stratejik
5969,sergei,945,98.347,Noun,1,sergei
5970,heyet,945,98.348,Noun,1,heyeti
5971,zencefil,944,98.348,Adj,1,zencefilli
5972,liza,943,98.349,Noun,1,liza
5973,hipp,942,98.35,Noun,1,hippi
5974,lillian,942,98.35,Noun,1,lillian
5975,bm,942,98.351,Noun,1,bm
5976,azar,941,98.351,Dup,1,azar
5977,dosdoğru,941,98.352,Adv,1,dosdoğru
5978,fullemek,941,98.352,Verb,1,fuller
5979,gezinmek,941,98.353,Adj,1,gezinen
5980,adel,939,98.353,Noun,1,adele
5981,nico,939,98.354,Noun,1,nico
5982,cassandra,939,98.354,Noun,1,cassandra
5983,sürat,939,98.355,Noun,1,sürat
5984,mustafa,938,98.356,Noun,1,mustafa
5985,ding,938,98.356,Noun,1,ding
5986,somo,937,98.357,Noun,1,somon
5987,chambers,937,98.357,Noun,1,chambers
5988,lime,937,98.358,Dup,1,lime
5989,genişlemek,937,98.358,Verb,1,genişleme
5990,bağdat,936,98.359,Noun,1,bağdat
5991,coşku,936,98.359,Adj,1,coşkulu
5992,unvan,936,98.36,Noun,1,unvan
5993,air,935,98.36,Noun,1,air
5994,boksör,935,98.361,Noun,1,boksör
5995,warner,935,98.361,Noun,1,warner
5996,kabak,935,98.362,Adj,1,kabak
5997,sevecen,935,98.363,Adj,1,sevecen
5998,dakota,935,98.363,Noun,1,dakota
5999,jamal,935,98.364,Noun,1,jamal
6000,durdu,935,98.364,Noun,1,durdular
6001,wilfred,934,98.365,Noun,1,wilfred
6002,avro,934,98.365,Noun,1,avro
6003,leah,934,98.366,Noun,1,leah
6004,yuki,934,98.366,Noun,1,yuki
6005,genelev,934,98.367,Noun,1,genelev
6006,tahrip,933,98.367,Noun,1,tahrip
6007,sütlü,933,98.368,Adj,1,sütlü
6008,lira,933,98.368,Noun,1,lira
6009,bryce,932,98.369,Noun,1,bryce
6010,from,931,98.369,Noun,1,from
6011,kancık,931,98.37,Adj,1,kancık
6012,sinyor,931,98.371,Noun,1,sinyor
6013,ecza,931,98.371,Noun,1,eczacı
6014,humphrey,930,98.372,Noun,1,humphrey
6015,hoffman,930,98.372,Noun,1,hoffman
6016,abel,930,98.373,Noun,1,abel
6017,tao,930,98.373,Noun,1,tao
6018,kudret,929,98.374,Adj,1,kudretli
6019,reyes,929,98.374,Noun,1,reyes
6020,barışçıl,929,98.375,Adj,1,barışçıl
6021,arkadaşça,929,98.375,Adv,1,arkadaşça
6022,grissom,928,98.376,Noun,1,grissom
6023,meslekî,928,98.376,Adj,1,mesleki
6024,boone,928,98.377,Noun,1,boone
6025,mobil,928,98.378,Adj,1,mobil
6026,tardis,927,98.378,Noun,1,tardis
6027,spartacus,927,98.379,Noun,1,spartacus
6028,jasmin,927,98.379,Noun,1,jasmine
6029,griffith,926,98.38,Noun,1,griffith
6030,oley,926,98.38,Interj,1,oley
6031,stanton,926,98.381,Noun,1,stanton
6032,luc,926,98.381,Noun,1,luc
6033,fritz,925,98.382,Noun,1,fritz
6034,spagetti,925,98.382,Noun,1,spagetti
6035,super,924,98.383,Noun,1,super
6036,lizzy,924,98.383,Noun,1,lizzy
6037,benson,924,98.384,Noun,1,benson
6038,mehmet,924,98.384,Noun,1,mehmet
6039,birçoğu,924,98.385,Pron,1,birçoğu
6040,şebeke,924,98.385,Noun,1,şebeke
6041,bitişmek,923,98.386,Verb,1,bitiş
6042,feet,923,98.387,Noun,1,feet
6043,dunham,923,98.387,Noun,1,dunham
6044,reaktör,923,98.388,Noun,1,reaktör
6045,springs,922,98.388,Noun,1,springs
6046,anestezi,922,98.389,Noun,1,anestezi
6047,yankee,922,98.389,Noun,1,yankee
6048,edna,922,98.39,Adj,1,edna
6049,meşe,921,98.39,Adj,1,meşe
6050,baraj,921,98.391,Noun,1,baraj
6051,anıt,921,98.391,Noun,1,anıt
6052,stabil,920,98.392,Adj,1,stabil
6053,pike,919,98.392,Adj,1,pike
6054,yavrulamak,919,98.393,Verb,1,yavrular
6055,onuncu,919,98.393,Num,1,onuncu
6056,sıçan,919,98.394,Noun,1,sıçanlar
6057,jojo,918,98.394,Noun,1,jojo
6058,ritim,916,98.395,Noun,1,ritim
6059,bunak,915,98.396,Adj,1,bunak
6060,hekim,915,98.396,Noun,1,hekim
6061,hamam,914,98.397,Noun,1,hamam
6062,yalaka,914,98.397,Noun,1,yalakalık
6063,gal,914,98.398,Noun,1,galler
6064,napoli,913,98.398,Noun,1,napoli
6065,wild,913,98.399,Noun,1,wild
6066,raja,912,98.399,Noun,1,raja
6067,hersey,912,98.4,Noun,1,hersey
6068,yaramaz,912,98.4,Verb,1,yaramazlar
6069,izah,911,98.401,Noun,1,izah
6070,goril,911,98.401,Noun,1,goril
6071,seçmen,910,98.402,Noun,1,seçmen
6072,falls,908,98.402,Noun,1,falls
6073,tonla,908,98.403,Adj,1,tonla
6074,doğrultu,908,98.403,Noun,1,doğrultusunda
6075,conan,907,98.404,Noun,1,conan
6076,korur,906,98.404,Noun,1,korurum
6077,olucak,906,98.405,Noun,1,olucak
6078,toronto,906,98.405,Noun,1,toronto
6079,anka,906,98.406,Noun,1,anka
6080,riker,906,98.407,Noun,1,riker
6081,cobb,906,98.407,Noun,1,cobb
6082,tomas,906,98.408,Noun,1,tomas
6083,coco,905,98.408,Noun,1,coco
6084,raporlamak,905,98.409,Verb,1,raporlar
6085,bezelye,905,98.409,Noun,1,bezelye
6086,chet,905,98.41,Noun,1,chet
6087,winter,904,98.41,Noun,1,winter
6088,costa,904,98.411,Noun,1,costa
6089,astsubay,904,98.411,Noun,1,astsubay
6090,chip,904,98.412,Noun,1,chip
6091,norris,904,98.412,Noun,1,norris
6092,sulta,904,98.413,Noun,1,sultan
6093,nobel,904,98.413,Noun,1,nobel
6094,kg,904,98.414,Noun,1,kg
6095,micheal,904,98.414,Noun,1,micheal
6096,picasso,903,98.415,Noun,1,picasso
6097,sakar,903,98.415,Adj,1,sakar
6098,penelope,902,98.416,Noun,1,penelope
6099,hardal,902,98.416,Noun,1,hardal
6100,prince,902,98.417,Noun,1,prince
6101,koskoca,902,98.417,Adj,1,koskoca
6102,blues,902,98.418,Noun,1,blues
6103,karargâh,902,98.418,Noun,1,karargahı
6104,vejetaryen,901,98.419,Noun,1,vejetaryen
6105,telâffuz,901,98.42,Noun,1,telaffuz
6106,volkanik,901,98.42,Adj,1,volkanik
6107,hollow,901,98.421,Noun,1,hollow
6108,eğitmen,901,98.421,Noun,1,eğitmen
6109,sibirya,900,98.422,Noun,1,sibirya
6110,leroy,900,98.422,Noun,1,leroy
6111,east,899,98.423,Noun,1,east
6112,katiyen,899,98.423,Adv,1,katiyen
6113,beyan,899,98.424,Noun,1,beyan
6114,konyak,899,98.424,Noun,1,konyak
6115,karış,899,98.425,Noun,1,karışım
6116,maddie,899,98.425,Noun,1,maddie
6117,saddam,898,98.426,Noun,1,saddam
6118,bull,898,98.426,Noun,1,bull
6119,country,898,98.427,Noun,1,country
6120,süleyman,898,98.427,Noun,1,süleyman
6121,oturum,898,98.428,Noun,1,oturum
6122,dural,897,98.428,Verb,1,duralım
6123,colleen,897,98.429,Noun,1,colleen
6124,ducky,897,98.429,Noun,1,ducky
6125,epeydir,897,98.43,Adv,1,epeydir
6126,mütevazi,897,98.43,Adj,1,mütevazi
6127,mutasyon,897,98.431,Noun,1,mutasyon
6128,trip,896,98.431,Noun,1,trip
6129,mozart,896,98.432,Noun,1,mozart
6130,yavşak,896,98.432,Noun,1,yavşak
6131,terbi,896,98.433,Noun,1,terbiye
6132,panel,896,98.433,Noun,1,paneli
6133,spence,895,98.434,Noun,1,spence
6134,mamas,895,98.434,Noun,1,maması
6135,musluk,895,98.435,Noun,1,musluk
6136,kuruluş,895,98.436,Noun,1,kuruluş
6137,kırıntı,895,98.436,Noun,1,kırıntısı
6138,mustang,894,98.437,Noun,1,mustang
6139,sing,894,98.437,Noun,1,sing
6140,poster,894,98.438,Noun,1,poster
6141,atıştırmak,893,98.438,Noun,1,atıştırmalık
6142,johann,893,98.439,Noun,1,johanna
6143,sayım,892,98.439,Noun,1,sayımı
6144,küçümsemek,892,98.44,Verb,1,küçümseme
6145,yosun,892,98.44,Noun,1,yosun
6146,klein,891,98.441,Noun,1,klein
6147,paddy,891,98.441,Noun,1,paddy
6148,sarkmak,891,98.442,Verb,1,sark
6149,town,890,98.442,Noun,1,town
6150,coleman,889,98.443,Noun,1,coleman
6151,disko,888,98.443,Noun,1,disko
6152,amen,888,98.444,Noun,1,amen
6153,vernon,888,98.444,Noun,1,vernon
6154,vize,888,98.445,Noun,1,vize
6155,florence,887,98.445,Noun,1,florence
6156,rosemary,887,98.446,Noun,1,rosemary
6157,şahika,887,98.446,Noun,1,şahika
6158,gam,887,98.447,Noun,1,gama
6159,kırpmak,887,98.447,Verb,1,kırpmadan
6160,hastahane,887,98.448,Noun,1,hastahaneye
6161,baykuş,886,98.448,Noun,1,baykuş
6162,vazo,886,98.449,Noun,1,vazo
6163,hım,885,98.449,Noun,1,hım
6164,patterson,885,98.45,Noun,1,patterson
6165,linus,885,98.45,Noun,1,linus
6166,shan,885,98.451,Noun,1,shan
6167,soğutmak,885,98.451,Verb,1,soğutma
6168,ıslık,884,98.452,Noun,1,ıslık
6169,levi,884,98.452,Noun,1,levi
6170,steel,884,98.453,Noun,1,steele
6171,ketçap,883,98.453,Noun,1,ketçap
6172,night,883,98.454,Noun,1,night
6173,aslinda,883,98.454,Noun,1,aslinda
6174,kurak,883,98.455,Adj,1,kurak
6175,hüseyin,882,98.455,Noun,1,hüseyin
6176,fernando,882,98.456,Noun,1,fernando
6177,mao,882,98.456,Noun,1,mao
6178,turtle,882,98.457,Noun,1,turtle
6179,krusty,882,98.457,Noun,1,krusty
6180,kartel,882,98.458,Noun,1,kartel
6181,kabile,882,98.458,Noun,1,kabilesi
6182,yarabbi,882,98.459,Noun,1,yarabbi
6183,marlo,882,98.459,Noun,1,marlon
6184,marihuana,881,98.46,Noun,1,marihuana
6185,lockhart,881,98.46,Noun,1,lockhart
6186,yırtık,881,98.461,Adj,1,yırtık
6187,tecrit,881,98.461,Noun,1,tecrit
6188,biner,881,98.462,Adv,1,binerken
6189,elias,880,98.463,Noun,1,elias
6190,vale,880,98.463,Noun,1,vale
6191,how,880,98.464,Noun,1,how
6192,fal,880,98.464,Noun,1,falcı
6193,manning,879,98.465,Noun,1,manning
6194,değiştiri,879,98.465,Noun,1,değiştirin
6195,fit,878,98.466,Noun,1,fit
6196,marley,877,98.466,Noun,1,marley
6197,cimri,877,98.467,Adj,1,cimri
6198,prag,877,98.467,Noun,1,prag
6199,skip,877,98.468,Noun,1,skip
6200,kapsül,877,98.468,Noun,1,kapsülü
6201,alvarez,876,98.469,Noun,1,alvarez
6202,fermuar,876,98.469,Noun,1,fermuarı
6203,peçete,875,98.47,Noun,1,peçete
6204,gilmore,875,98.47,Noun,1,gilmore
6205,molas,875,98.471,Noun,1,molası
6206,macgyver,874,98.471,Noun,1,macgyver
6207,want,874,98.472,Noun,1,want
6208,reilly,874,98.472,Noun,1,reilly
6209,esir,874,98.473,Noun,1,esiri
6210,zeke,873,98.473,Noun,1,zeke
6211,sully,873,98.474,Noun,1,sully
6212,dörtlü,872,98.474,Adj,1,dörtlü
6213,lambert,872,98.475,Noun,1,lambert
6214,richards,872,98.475,Noun,1,richards
6215,şaplak,872,98.476,Noun,1,şaplak
6216,destan,872,98.476,Adj,1,destansı
6217,çapkın,871,98.477,Interj,1,çapkın
6218,abur,870,98.477,Dup,1,abur
6219,kirby,870,98.478,Noun,1,kirby
6220,fish,870,98.478,Noun,1,fish
6221,anons,870,98.479,Noun,1,anons
6222,tai,869,98.479,Noun,1,tai
6223,geoffrey,869,98.48,Noun,1,geoffrey
6224,telesekreter,869,98.48,Noun,1,telesekreter
6225,monitör,869,98.481,Noun,1,monitör
6226,harbor,868,98.481,Noun,1,harbor
6227,didik,868,98.482,Dup,1,didik
6228,jennings,868,98.482,Noun,1,jennings
6229,damga,868,98.483,Noun,1,damgası
6230,fury,867,98.483,Noun,1,fury
6231,margarita,867,98.484,Noun,1,margarita
6232,aşina,867,98.484,Adj,1,aşina
6233,akrep,867,98.485,Noun,1,akrep
6234,dickie,867,98.485,Noun,1,dickie
6235,tyson,867,98.486,Noun,1,tyson
6236,sıkkın,866,98.486,Adj,1,sıkkın
6237,buffalo,866,98.487,Noun,1,buffalo
6238,joker,865,98.487,Adj,1,joker
6239,hicks,865,98.488,Noun,1,hicks
6240,villâ,865,98.488,Noun,1,villa
6241,gaddar,865,98.489,Adj,1,gaddar
6242,noktalamak,864,98.489,Verb,1,noktalar
6243,hollis,864,98.49,Noun,1,hollis
6244,seymour,864,98.49,Noun,1,seymour
6245,bombardıman,864,98.491,Noun,1,bombardıman
6246,uyarı,864,98.491,Noun,1,uyarısı
6247,arzulamak,864,98.492,Verb,1,arzular
6248,ömer,863,98.492,Noun,1,ömer
6249,yatkın,863,98.493,Adj,1,yatkın
6250,ying,863,98.493,Noun,1,ying
6251,hükümdar,863,98.494,Noun,1,hükümdar
6252,well,862,98.494,Noun,1,well
6253,orlando,862,98.495,Noun,1,orlando
6254,dişli,862,98.495,Adj,1,dişli
6255,uçuk,862,98.496,Adj,1,uçuk
6256,kriket,862,98.496,Noun,1,kriket
6257,astrid,862,98.497,Noun,1,astrid
6258,fail,862,98.497,Adj,1,fail
6259,mangal,861,98.497,Noun,1,mangal
6260,stiles,861,98.498,Noun,1,stiles
6261,istiridye,861,98.498,Noun,1,istiridye
6262,tema,861,98.499,Noun,1,tema
6263,don,861,98.499,Noun,1,donunu
6264,içkin,860,98.5,Noun,1,içkinin
6265,back,859,98.5,Noun,1,back
6266,zıvır,859,98.501,Dup,1,zıvır
6267,pepper,859,98.501,Noun,1,pepper
6268,asgard,859,98.502,Noun,1,asgard
6269,kabarık,858,98.502,Adj,1,kabarık
6270,dişlemek,858,98.503,Verb,1,dişler
6271,diken,858,98.503,Adj,1,dikenli
6272,tripp,857,98.504,Noun,1,tripp
6273,alaba,857,98.504,Noun,1,alabama
6274,göğüslemek,857,98.505,Verb,1,göğüsler
6275,kusmuk,856,98.505,Noun,1,kusmuk
6276,şehit,856,98.506,Noun,1,şehit
6277,tiger,856,98.506,Noun,1,tiger
6278,tarçın,856,98.507,Noun,1,tarçın
6279,hillary,855,98.507,Noun,1,hillary
6280,kuğu,855,98.508,Noun,1,kuğu
6281,bölgesel,855,98.508,Adj,1,bölgesel
6282,mahzur,855,98.509,Noun,1,mahzuru
6283,samson,855,98.509,Noun,1,samson
6284,mistik,854,98.51,Adj,1,mistik
6285,high,853,98.51,Noun,1,high
6286,ıstakoz,853,98.511,Noun,1,ıstakoz
6287,miriam,853,98.511,Noun,1,miriam
6288,elise,853,98.512,Noun,1,elise
6289,skye,853,98.512,Noun,1,skye
6290,kaplama,853,98.513,Adj,1,kaplama
6291,meğerse,853,98.513,Adv,1,meğerse
6292,yenilik,853,98.514,Noun,1,yenilikçi
6293,berber,852,98.514,Noun,1,berber
6294,dönük,852,98.515,Adj,1,dönük
6295,about,852,98.515,Noun,1,about
6296,columbia,852,98.516,Noun,1,columbia
6297,rupert,852,98.516,Noun,1,rupert
6298,font,852,98.517,Noun,1,font
6299,plaza,852,98.517,Noun,1,plaza
6300,mıknatıs,852,98.518,Noun,1,mıknatıs
6301,tüketmek,852,98.518,Verb,1,tüketiyor
6302,süsmek,851,98.519,Verb,1,süs
6303,ae,850,98.519,Noun,1,ae
6304,hot,850,98.52,Noun,1,hot
6305,bmw,850,98.52,Noun,1,bmw
6306,august,850,98.521,Noun,1,august
6307,düşes,850,98.521,Noun,1,düşes
6308,blade,849,98.522,Noun,1,blade
6309,echo,849,98.522,Noun,1,echo
6310,ç,849,98.523,Noun,1,ç
6311,zane,848,98.523,Noun,1,zane
6312,pus,848,98.524,Noun,1,pusu
6313,darius,848,98.524,Noun,1,darius
6314,clint,848,98.524,Noun,1,clint
6315,davey,848,98.525,Noun,1,davey
6316,enterprise,848,98.525,Noun,1,enterprise
6317,çırılçıplak,848,98.526,Adj,1,çırılçıplak
6318,ölesiye,848,98.526,Adv,1,ölesiye
6319,fas,847,98.527,Noun,1,fas
6320,olga,846,98.527,Noun,1,olga
6321,karev,846,98.528,Noun,1,karev
6322,maryland,846,98.528,Noun,1,maryland
6323,caffrey,845,98.529,Noun,1,caffrey
6324,cordelia,845,98.529,Noun,1,cordelia
6325,milimetre,845,98.53,Noun,1,milimetre
6326,chow,844,98.53,Noun,1,chow
6327,ramsey,844,98.531,Noun,1,ramsey
6328,beatles,844,98.531,Noun,1,beatles
6329,andie,844,98.532,Noun,1,andie
6330,kelep,844,98.532,Noun,1,kelepçe
6331,elmalı,843,98.533,Noun,1,elmalı
6332,tedarik,843,98.533,Noun,1,tedarik
6333,çerçeve,843,98.534,Noun,1,çerçevesinde
6334,xavier,842,98.534,Noun,1,xavier
6335,sierra,842,98.535,Noun,1,sierra
6336,mahcup,842,98.535,Adj,1,mahcup
6337,seksen,842,98.536,Num,1,seksen
6338,kaburga,841,98.536,Noun,1,kaburga
6339,oluşum,841,98.537,Noun,1,oluşum
6340,erken,840,98.537,Verb,1,erkencisin
6341,adapte,840,98.538,Adj,1,adapte
6342,bronx,840,98.538,Noun,1,bronx
6343,fonksiyon,840,98.539,Noun,1,fonksiyonları
6344,kütük,839,98.539,Noun,1,kütük
6345,meçhul,838,98.54,Adj,1,meçhul
6346,gruplamak,838,98.54,Verb,1,grupla
6347,biray,838,98.54,Noun,1,birayı
6348,dilenci,837,98.541,Noun,1,dilenci
6349,erişte,837,98.541,Noun,1,erişte
6350,yönelmek,837,98.542,Verb,1,yöneldi
6351,youtube,836,98.542,Noun,1,youtube
6352,greta,836,98.543,Noun,1,greta
6353,powers,836,98.543,Noun,1,powers
6354,malibu,836,98.544,Noun,1,malibu
6355,kaygan,835,98.544,Adj,1,kaygan
6356,online,835,98.545,Noun,1,online
6357,siyaset,835,98.545,Noun,1,siyaset
6358,hanson,835,98.546,Noun,1,hanson
6359,bucak,835,98.546,Adj,1,bucaksız
6360,aktar,835,98.547,Noun,1,aktar
6361,grimm,834,98.547,Noun,1,grimm
6362,güncel,834,98.548,Adj,1,güncel
6363,cecil,834,98.548,Noun,1,cecil
6364,psikolog,832,98.549,Noun,1,psikolog
6365,yaygara,832,98.549,Noun,1,yaygara
6366,butch,831,98.55,Noun,1,butch
6367,aklî,831,98.55,Adj,1,akli
6368,anya,830,98.551,Noun,1,anya
6369,perez,830,98.551,Noun,1,perez
6370,zhang,830,98.552,Noun,1,zhang
6371,bellek,830,98.552,Noun,1,bellek
6372,metropolis,829,98.552,Noun,1,metropolis
6373,abu,829,98.553,Interj,1,abu
6374,lorraine,829,98.553,Noun,1,lorraine
6375,memphis,829,98.554,Noun,1,memphis
6376,feragat,828,98.554,Noun,1,feragat
6377,zenginlemek,828,98.555,Verb,1,zenginler
6378,ışıl,828,98.555,Adj,1,ışıl
6379,lucille,828,98.556,Noun,1,lucille
6380,wagner,828,98.556,Noun,1,wagner
6381,kuşatmak,828,98.557,Verb,1,kuşatma
6382,daily,827,98.557,Noun,1,daily
6383,eddy,827,98.558,Noun,1,eddy
6384,wendell,827,98.558,Noun,1,wendell
6385,color,826,98.559,Noun,1,color
6386,karmakarışık,826,98.559,Adj,1,karmakarışık
6387,minnet,826,98.56,Noun,1,minnet
6388,lennox,826,98.56,Noun,1,lennox
6389,nahoş,826,98.561,Adj,1,nahoş
6390,tıkır,825,98.561,Noun,1,tıkırında
6391,çamaşırhane,825,98.562,Noun,1,çamaşırhane
6392,cape,824,98.562,Noun,1,cape
6393,pekiyi,824,98.562,Conj,1,pekiyi
6394,tabip,824,98.563,Noun,1,tabip
6395,ilâve,823,98.563,Noun,1,ilave
6396,rodriguez,823,98.564,Noun,1,rodriguez
6397,felicia,823,98.564,Noun,1,felicia
6398,ethel,823,98.565,Noun,1,ethel
6399,ılık,823,98.565,Adj,1,ılık
6400,müebbet,823,98.566,Adj,1,müebbet
6401,idarî,823,98.566,Noun,1,idari
6402,hoparlör,823,98.567,Noun,1,hoparlöre
6403,weston,821,98.567,Noun,1,weston
6404,mevki,821,98.568,Noun,1,mevki
6405,alzheimer,819,98.568,Noun,1,alzheimer
6406,yuh,819,98.569,Interj,1,yuh
6407,serçe,819,98.569,Noun,1,serçe
6408,sızlamak,819,98.57,Noun,1,sızlanmayı
6409,bronz,818,98.57,Adj,1,bronz
6410,şeyy,818,98.57,Noun,1,şeyy
6411,iltihap,818,98.571,Noun,1,iltihabı
6412,nüfuz,818,98.571,Noun,1,nüfuz
6413,teknolojik,817,98.572,Adj,1,teknolojik
6414,royal,817,98.572,Noun,1,royal
6415,britney,817,98.573,Noun,1,britney
6416,disney,817,98.573,Noun,1,disney
6417,faks,816,98.574,Noun,1,faks
6418,italyanca,816,98.574,Adj,1,İtalyanca
6419,waffle,816,98.575,Noun,1,waffle
6420,kıran,816,98.575,Adj,1,kıran
6421,hwang,816,98.576,Noun,1,hwang
6422,dell,815,98.576,Noun,1,dell
6423,raul,815,98.577,Noun,1,raul
6424,bayat,814,98.577,Adj,1,bayat
6425,sit,814,98.578,Noun,1,site
6426,bakir,814,98.578,Adj,1,bakir
6427,aaah,813,98.578,Interj,1,aaah
6428,eliot,813,98.579,Noun,1,eliot
6429,webster,813,98.579,Noun,1,webster
6430,eleştirmen,813,98.58,Noun,1,eleştirmen
6431,suni,812,98.58,Adj,1,suni
6432,gasp,812,98.581,Noun,1,gasp
6433,hazir,812,98.581,Noun,1,hazir
6434,sekmek,812,98.582,Verb,1,sekse
6435,keklik,812,98.582,Noun,1,keklik
6436,cemiyet,812,98.583,Noun,1,cemiyeti
6437,ganimet,812,98.583,Noun,1,ganimet
6438,sicil,812,98.584,Noun,1,sicili
6439,madeline,811,98.584,Noun,1,madeline
6440,collier,811,98.585,Noun,1,collier
6441,coulson,811,98.585,Noun,1,coulson
6442,peru,811,98.585,Noun,1,peru
6443,prototip,811,98.586,Noun,1,prototip
6444,japonca,810,98.586,Adj,1,japonca
6445,chung,810,98.587,Noun,1,chung
6446,hipnotize,810,98.587,Adj,1,hipnotize
6447,hukukî,810,98.588,Adj,1,hukuki
6448,beau,810,98.588,Noun,1,beau
6449,oklahoma,810,98.589,Noun,1,oklahoma
6450,sağdıç,810,98.589,Noun,1,sağdıç
6451,comic,809,98.59,Noun,1,comic
6452,kal,809,98.59,Noun,1,kalım
6453,bireysel,809,98.591,Adj,1,bireysel
6454,sivrisinek,809,98.591,Noun,1,sivrisinek
6455,perkins,808,98.592,Noun,1,perkins
6456,savannah,808,98.592,Noun,1,savannah
6457,maraton,808,98.592,Noun,1,maraton
6458,gerekçe,808,98.593,Noun,1,gerekçesi
6459,terrence,807,98.593,Noun,1,terrence
6460,diaz,807,98.594,Noun,1,diaz
6461,armut,807,98.594,Adj,1,armut
6462,tulum,807,98.595,Noun,1,tulumu
6463,xiao,806,98.595,Noun,1,xiao
6464,smallville,806,98.596,Noun,1,smallville
6465,hu,806,98.596,Interj,1,hu
6466,leland,805,98.597,Noun,1,leland
6467,meta,805,98.597,Noun,1,metan
6468,karlamak,805,98.598,Verb,1,karla
6469,slogan,805,98.598,Noun,1,slogan
6470,yersiz,804,98.598,Adj,1,yersiz
6471,tezahürat,804,98.599,Noun,1,tezahürat
6472,antibiyotik,803,98.599,Noun,1,antibiyotik
6473,truva,803,98.6,Noun,1,truva
6474,veli,803,98.6,Noun,1,veli
6475,okay,802,98.601,Noun,1,okay
6476,moss,802,98.601,Noun,1,moss
6477,pitiko,802,98.602,Noun,1,pitiko
6478,tüyo,802,98.602,Noun,1,tüyo
6479,carver,802,98.603,Noun,1,carver
6480,okşamak,802,98.603,Verb,1,okşandı
6481,tutunmak,802,98.604,Adj,1,tutunacak
6482,bret,801,98.604,Noun,1,bret
6483,vargas,801,98.604,Noun,1,vargas
6484,princeton,801,98.605,Noun,1,princeton
6485,titreşim,801,98.605,Noun,1,titreşim
6486,güreş,801,98.606,Noun,1,güreşi
6487,duyurmak,801,98.606,Noun,1,duyurmak
6488,kupon,801,98.607,Adj,1,kupon
6489,rahîm,800,98.607,Adj,1,rahim
6490,itham,800,98.608,Noun,1,itham
6491,louisiana,800,98.608,Noun,1,louisiana
6492,denet,800,98.609,Noun,1,denetim
6493,dyson,800,98.609,Noun,1,dyson
6494,parıldamak,800,98.61,Adj,1,parıldayan
6495,aygır,800,98.61,Noun,1,aygır
6496,solomon,799,98.61,Noun,1,solomon
6497,shen,799,98.611,Noun,1,shen
6498,dae,799,98.611,Noun,1,dae
6499,endüstriyel,799,98.612,Adj,1,endüstriyel
6500,road,799,98.612,Noun,1,road
6501,iklim,799,98.613,Noun,1,iklim
6502,küf,799,98.613,Noun,1,küf
6503,özlem,798,98.614,Noun,1,özlem
6504,nal,798,98.614,Noun,1,nalları
6505,şurup,798,98.615,Noun,1,şurubu
6506,demokrat,798,98.615,Adj,1,demokrat
6507,sevdi,798,98.615,Noun,1,sevdiler
6508,dırdır,797,98.616,Noun,1,dırdır
6509,toni,797,98.616,Noun,1,toni
6510,donanım,797,98.617,Adj,1,donanımlı
6511,desmond,796,98.617,Noun,1,desmond
6512,dc,796,98.618,Noun,1,dc
6513,müziklemek,796,98.618,Verb,1,müzikle
6514,dışkı,796,98.619,Noun,1,dışkı
6515,kiera,796,98.619,Noun,1,kiera
6516,ölçek,796,98.62,Adj,1,ölçekte
6517,dunn,795,98.62,Noun,1,dunn
6518,tıpatıp,795,98.621,Adv,1,tıpatıp
6519,sorum,795,98.621,Noun,1,sorumu
6520,cash,794,98.621,Noun,1,cash
6521,eskort,794,98.622,Noun,1,eskort
6522,kramp,794,98.622,Noun,1,kramp
6523,hobbs,794,98.623,Noun,1,hobbs
6524,snow,794,98.623,Noun,1,snow
6525,tito,793,98.624,Noun,1,tito
6526,robbins,793,98.624,Noun,1,robbins
6527,kahpe,793,98.625,Adj,1,kahpe
6528,mari,793,98.625,Noun,1,mari
6529,iftira,792,98.626,Noun,1,iftira
6530,massachusetts,792,98.626,Noun,1,massachusetts
6531,lavon,792,98.626,Noun,1,lavon
6532,süs,792,98.627,Noun,1,süsü
6533,christie,792,98.627,Noun,1,christie
6534,giovanni,792,98.628,Noun,1,giovanni
6535,cambridge,792,98.628,Noun,1,cambridge
6536,auggie,792,98.629,Noun,1,auggie
6537,tas,792,98.629,Adj,1,tas
6538,homoseksüel,791,98.63,Noun,1,homoseksüel
6539,planet,791,98.63,Noun,1,planet
6540,crosby,791,98.631,Noun,1,crosby
6541,missy,790,98.631,Noun,1,missy
6542,boğuşmak,790,98.631,Verb,1,boğuşma
6543,sek,790,98.632,Adv,1,sek
6544,karınca,790,98.632,Noun,1,karıncalar
6545,baki,790,98.633,Noun,1,bakin
6546,salt,789,98.633,Adv,1,salt
6547,way,789,98.634,Noun,1,way
6548,ultra,788,98.634,Noun,1,ultra
6549,yeon,788,98.635,Noun,1,yeon
6550,pasif,788,98.635,Adj,1,pasif
6551,fitzgerald,787,98.636,Noun,1,fitzgerald
6552,cankurtaran,787,98.636,Noun,1,cankurtaran
6553,blanche,787,98.636,Noun,1,blanche
6554,madalyon,787,98.637,Noun,1,madalyonu
6555,smokin,786,98.637,Noun,1,smokin
6556,chapman,786,98.638,Noun,1,chapman
6557,maxwell,786,98.638,Noun,1,maxwell
6558,forma,786,98.639,Noun,1,forman
6559,jaffa,785,98.639,Noun,1,jaffa
6560,hard,785,98.64,Noun,1,hard
6561,sayıca,785,98.64,Adv,1,sayıca
6562,numune,785,98.64,Noun,1,numune
6563,teras,785,98.641,Noun,1,terasta
6564,carolyn,784,98.641,Noun,1,carolyn
6565,yeong,784,98.642,Noun,1,yeong
6566,blaine,784,98.642,Noun,1,blaine
6567,veliaht,784,98.643,Noun,1,veliaht
6568,jarvis,784,98.643,Noun,1,jarvis
6569,panama,784,98.644,Noun,1,panama
6570,arnie,783,98.644,Noun,1,arnie
6571,stein,783,98.645,Noun,1,stein
6572,kadife,783,98.645,Adj,1,kadife
6573,sarsmak,783,98.645,Adj,1,sarsıcı
6574,daryl,782,98.646,Noun,1,daryl
6575,yardımsever,782,98.646,Adj,1,yardımsever
6576,sağduyu,782,98.647,Adj,1,sağduyulu
6577,kimbilir,781,98.647,Noun,1,kimbilir
6578,geçim,781,98.648,Noun,1,geçimini
6579,afyon,780,98.648,Noun,1,afyon
6580,paco,780,98.649,Noun,1,paco
6581,sarpa,780,98.649,Noun,1,sarpa
6582,karaoke,780,98.649,Noun,1,karaoke
6583,murdock,780,98.65,Noun,1,murdock
6584,emmy,780,98.65,Noun,1,emmy
6585,darling,780,98.651,Noun,1,darling
6586,knight,780,98.651,Noun,1,knight
6587,castro,779,98.652,Noun,1,castro
6588,kısmî,779,98.652,Adj,1,kısmi
6589,rabbi,779,98.653,Noun,1,rabbim
6590,aş,778,98.653,Noun,1,aş
6591,satürn,778,98.654,Noun,1,satürn
6592,vermont,778,98.654,Noun,1,vermont
6593,musallat,778,98.654,Adj,1,musallat
6594,mackenzie,778,98.655,Noun,1,mackenzie
6595,ishal,778,98.655,Noun,1,ishal
6596,kik,777,98.656,Noun,1,kiki
6597,candace,777,98.656,Noun,1,candace
6598,element,777,98.657,Noun,1,element
6599,yumruklamak,777,98.657,Verb,1,yumrukla
6600,thea,776,98.658,Noun,1,thea
6601,sybil,776,98.658,Noun,1,sybil
6602,constance,775,98.658,Noun,1,constance
6603,swat,775,98.659,Noun,1,swat
6604,dallama,775,98.659,Adj,1,dallama
6605,vaiz,775,98.66,Noun,1,vaiz
6606,ebe,775,98.66,Noun,1,ebe
6607,annabel,775,98.661,Noun,1,annabelle
6608,bom,774,98.661,Noun,1,bom
6609,santos,774,98.662,Noun,1,santos
6610,şeyh,774,98.662,Noun,1,şeyh
6611,fowler,774,98.662,Noun,1,fowler
6612,sözcü,774,98.663,Noun,1,sözcüsü
6613,tasha,773,98.663,Noun,1,tasha
6614,royce,772,98.664,Noun,1,royce
6615,ilçe,772,98.664,Noun,1,İlçe
6616,lapd,771,98.665,Noun,1,lapd
6617,enerjik,771,98.665,Adj,1,enerjik
6618,forge,770,98.666,Noun,1,forge
6619,hoyt,770,98.666,Noun,1,hoyt
6620,mikrodalga,770,98.666,Noun,1,mikrodalga
6621,omega,770,98.667,Noun,1,omega
6622,colt,770,98.667,Noun,1,colt
6623,öze,768,98.668,Noun,1,özenle
6624,ewing,768,98.668,Noun,1,ewing
6625,flor,768,98.669,Noun,1,flora
6626,adolf,768,98.669,Noun,1,adolf
6627,margot,768,98.67,Noun,1,margot
6628,silikon,767,98.67,Noun,1,silikon
6629,pawnee,767,98.67,Noun,1,pawnee
6630,aurora,767,98.671,Noun,1,aurora
6631,hoover,767,98.671,Noun,1,hoover
6632,lynch,767,98.672,Noun,1,lynch
6633,kamaşmak,767,98.672,Adj,1,kamaştırıcı
6634,kanyon,767,98.673,Noun,1,kanyon
6635,broşür,767,98.673,Noun,1,broşür
6636,elektro,767,98.673,Noun,1,elektro
6637,hazel,766,98.674,Noun,1,hazel
6638,jimnastik,766,98.674,Noun,1,jimnastik
6639,madeleine,766,98.675,Noun,1,madeleine
6640,masters,766,98.675,Noun,1,masters
6641,zıt,766,98.676,Adj,1,zıt
6642,koll,765,98.676,Noun,1,kollu
6643,montecito,765,98.677,Noun,1,montecito
6644,paniklemek,765,98.677,Verb,1,panikledim
6645,barrett,764,98.677,Noun,1,barrett
6646,ailevi,764,98.678,Adj,1,ailevi
6647,tılsım,764,98.678,Noun,1,tılsım
6648,marlene,763,98.679,Noun,1,marlene
6649,kowalski,763,98.679,Noun,1,kowalski
6650,illinois,763,98.68,Noun,1,illinois
6651,alti,763,98.68,Noun,1,alti
6652,turne,763,98.681,Noun,1,turneye
6653,nadi,762,98.681,Noun,1,nadine
6654,angus,762,98.681,Noun,1,angus
6655,brass,761,98.682,Noun,1,brass
6656,brittany,761,98.682,Noun,1,brittany
6657,muş,761,98.683,Noun,1,muş
6658,engin,760,98.683,Adj,1,engin
6659,utah,760,98.684,Noun,1,utah
6660,anders,760,98.684,Noun,1,anders
6661,loki,760,98.684,Noun,1,loki
6662,yuvarlamak,760,98.685,Verb,1,yuvarlan
6663,mallory,759,98.685,Noun,1,mallory
6664,siobhan,759,98.686,Noun,1,siobhan
6665,wisconsin,759,98.686,Noun,1,wisconsin
6666,portre,759,98.687,Noun,1,portre
6667,berkeley,758,98.687,Noun,1,berkeley
6668,bakla,757,98.688,Noun,1,baklayı
6669,hodges,757,98.688,Noun,1,hodges
6670,nutuk,757,98.688,Noun,1,nutuk
6671,kaygı,757,98.689,Noun,1,kaygı
6672,jeannie,756,98.689,Noun,1,jeannie
6673,fotokopi,756,98.69,Noun,1,fotokopi
6674,zen,756,98.69,Noun,1,zen
6675,bölümlemek,756,98.691,Verb,1,bölümler
6676,jest,755,98.691,Noun,1,jest
6677,des,755,98.691,Noun,1,des
6678,önyargı,755,98.692,Adj,1,önyargılı
6679,marks,754,98.692,Noun,1,marks
6680,çığır,754,98.693,Noun,1,çığırından
6681,sempati,754,98.693,Noun,1,sempati
6682,cc,754,98.694,Noun,1,cc
6683,doksan,754,98.694,Num,1,doksan
6684,carroll,754,98.694,Noun,1,carroll
6685,zincirlemek,754,98.695,Verb,1,zincirleme
6686,ayrıntılamak,753,98.695,Verb,1,ayrıntılar
6687,marcie,753,98.696,Noun,1,marcie
6688,tibet,753,98.696,Noun,1,tibet
6689,konvoy,753,98.697,Noun,1,konvoy
6690,çim,753,98.697,Noun,1,çimleri
6691,taliban,752,98.697,Noun,1,taliban
6692,lağım,752,98.698,Noun,1,lağım
6693,jiang,752,98.698,Noun,1,jiang
6694,romanya,752,98.699,Noun,1,romanya
6695,sakura,752,98.699,Noun,1,sakura
6696,polo,752,98.7,Noun,1,polo
6697,tükürmek,752,98.7,Verb,1,tükür
6698,celeste,751,98.701,Noun,1,celeste
6699,everett,751,98.701,Noun,1,everett
6700,kobra,751,98.701,Noun,1,kobra
6701,emilio,751,98.702,Noun,1,emilio
6702,take,750,98.702,Noun,1,take
6703,hotch,750,98.703,Noun,1,hotch
6704,direktör,749,98.703,Noun,1,direktör
6705,ufuk,749,98.704,Noun,1,ufukta
6706,kiler,749,98.704,Noun,1,kilerde
6707,strauss,748,98.704,Noun,1,strauss
6708,shepard,748,98.705,Noun,1,shepard
6709,tahminen,747,98.705,Adv,1,tahminen
6710,çizgilemek,747,98.706,Verb,1,çizgiler
6711,wei,747,98.706,Noun,1,wei
6712,fıkramak,747,98.707,Verb,1,fıkra
6713,öksürük,747,98.707,Noun,1,öksürük
6714,shea,746,98.707,Noun,1,shea
6715,garza,746,98.708,Noun,1,garza
6716,çarpık,746,98.708,Adj,1,çarpık
6717,metelik,746,98.709,Adj,1,meteliksiz
6718,emerson,745,98.709,Noun,1,emerson
6719,abbott,745,98.71,Noun,1,abbott
6720,yandık,745,98.71,Noun,1,yandığını
6721,doymak,744,98.71,Verb,1,doydum
6722,whoo,743,98.711,Noun,1,whoo
6723,kemal,742,98.711,Noun,1,kemal
6724,konfor,742,98.712,Adj,1,konforlu
6725,tıkamak,742,98.712,Adj,1,tıkanmış
6726,operatör,742,98.713,Noun,1,operatör
6727,mahzen,742,98.713,Noun,1,mahzene
6728,ahmed,741,98.713,Noun,1,ahmed
6729,ızgara,741,98.714,Adj,1,ızgara
6730,pürüz,741,98.714,Adj,1,pürüzsüz
6731,great,741,98.715,Noun,1,great
6732,diger,741,98.715,Noun,1,diger
6733,kayık,741,98.716,Adj,1,kayık
6734,cesar,740,98.716,Noun,1,cesar
6735,never,740,98.716,Noun,1,never
6736,kronik,740,98.717,Adj,1,kronik
6737,eliza,739,98.717,Noun,1,eliza
6738,kızak,739,98.718,Noun,1,kızak
6739,kompleks,739,98.718,Noun,1,kompleksi
6740,tree,738,98.718,Noun,1,tree
6741,hawk,738,98.719,Noun,1,hawk
6742,eileen,737,98.719,Noun,1,eileen
6743,tahıl,737,98.72,Noun,1,tahıl
6744,beethoven,737,98.72,Noun,1,beethoven
6745,neşter,737,98.721,Noun,1,neşter
6746,sürünmek,737,98.721,Adv,1,sürünerek
6747,bethany,737,98.721,Noun,1,bethany
6748,maris,736,98.722,Noun,1,maris
6749,saklambaç,736,98.722,Noun,1,saklambaç
6750,sentetik,736,98.723,Adj,1,sentetik
6751,görünürde,736,98.723,Adv,1,görünürde
6752,howie,736,98.724,Noun,1,howie
6753,enişte,736,98.724,Noun,1,enişte
6754,ısıs,736,98.724,Noun,1,ısısı
6755,isveçli,735,98.725,Adj,1,İsveçli
6756,landry,735,98.725,Noun,1,landry
6757,lawson,735,98.726,Noun,1,lawson
6758,draper,735,98.726,Noun,1,draper
6759,myers,734,98.727,Noun,1,myers
6760,berabere,734,98.727,Adv,1,berabere
6761,vasıtasıyla,734,98.727,Adv,1,vasıtasıyla
6762,santimetre,734,98.728,Noun,1,santimetre
6763,lapa,734,98.728,Noun,1,lapa
6764,heteroseksüel,733,98.729,Adj,1,heteroseksüel
6765,geçe,733,98.729,Postp,1,geçe
6766,unsur,733,98.729,Noun,1,unsuru
6767,luciano,732,98.73,Noun,1,luciano
6768,vito,732,98.73,Noun,1,vito
6769,bulantı,732,98.731,Noun,1,bulantısı
6770,barton,731,98.731,Noun,1,barton
6771,shik,731,98.732,Noun,1,shik
6772,katlamak,731,98.732,Verb,1,katla
6773,theodore,730,98.732,Noun,1,theodore
6774,edwin,730,98.733,Noun,1,edwin
6775,faktör,730,98.733,Noun,1,faktör
6776,uyur,729,98.734,Verb,1,uyurum
6777,playboy,729,98.734,Noun,1,playboy
6778,ballard,729,98.735,Noun,1,ballard
6779,cent,729,98.735,Noun,1,cent
6780,vern,729,98.735,Noun,1,vern
6781,summers,728,98.736,Noun,1,summers
6782,asık,728,98.736,Adj,1,asık
6783,filozof,728,98.737,Noun,1,filozof
6784,çanak,728,98.737,Adj,1,çanak
6785,kesim,727,98.737,Noun,1,kesimi
6786,mit,727,98.738,Noun,1,mit
6787,wood,726,98.738,Noun,1,wood
6788,otostop,726,98.739,Noun,1,otostop
6789,faye,726,98.739,Noun,1,faye
6790,hopkins,726,98.74,Noun,1,hopkins
6791,gurup,726,98.74,Noun,1,gurup
6792,sasuke,725,98.74,Noun,1,sasuke
6793,dolores,725,98.741,Noun,1,dolores
6794,dash,724,98.741,Noun,1,dash
6795,montreal,724,98.742,Noun,1,montreal
6796,ernest,724,98.742,Noun,1,ernest
6797,yes,724,98.742,Noun,1,yes
6798,bullock,724,98.743,Noun,1,bullock
6799,denek,723,98.743,Noun,1,denek
6800,cuddy,723,98.744,Noun,1,cuddy
6801,fleming,723,98.744,Noun,1,fleming
6802,satar,723,98.745,Noun,1,satarım
6803,tarak,723,98.745,Noun,1,tarak
6804,stadyum,723,98.745,Noun,1,stadyumu
6805,hare,722,98.746,Noun,1,hare
6806,teçhizat,722,98.746,Noun,1,teçhizat
6807,shi,721,98.747,Noun,1,shi
6808,arabistan,721,98.747,Noun,1,arabistan
6809,gino,721,98.747,Noun,1,gino
6810,besleme,721,98.748,Adj,1,besleme
6811,oymak,721,98.748,Verb,1,oyulmuş
6812,filistin,720,98.749,Noun,1,filistin
6813,krishna,720,98.749,Noun,1,krishna
6814,beygir,720,98.75,Noun,1,beygir
6815,değinmek,720,98.75,Verb,1,değindin
6816,parsons,719,98.75,Noun,1,parsons
6817,bitkisel,719,98.751,Adj,1,bitkisel
6818,sermaye,719,98.751,Noun,1,sermaye
6819,bird,718,98.752,Noun,1,bird
6820,people,718,98.752,Noun,1,people
6821,deh,718,98.752,Interj,1,deh
6822,spa,718,98.753,Noun,1,spa
6823,cezayir,717,98.753,Noun,1,cezayir
6824,ramirez,717,98.754,Noun,1,ramirez
6825,reno,717,98.754,Noun,1,reno
6826,winchester,716,98.754,Noun,1,winchester
6827,dünyevi,716,98.755,Adj,1,dünyevi
6828,babil,716,98.755,Noun,1,babil
6829,burun,716,98.756,Adj,1,burunlu
6830,moleküler,715,98.756,Adj,1,moleküler
6831,mercy,715,98.757,Noun,1,mercy
6832,mora,715,98.757,Noun,1,moran
6833,cherry,715,98.757,Noun,1,cherry
6834,janie,715,98.758,Noun,1,janie
6835,bee,715,98.758,Noun,1,bee
6836,şizofren,715,98.759,Noun,1,şizofreni
6837,slim,714,98.759,Noun,1,slim
6838,klon,714,98.759,Noun,1,klon
6839,sürer,714,98.76,Noun,1,sürerim
6840,garde,714,98.76,Noun,1,garden
6841,declan,714,98.761,Noun,1,declan
6842,lina,712,98.761,Noun,1,lina
6843,rahibe,712,98.761,Noun,1,rahibeler
6844,minnesota,712,98.762,Noun,1,minnesota
6845,anal,711,98.762,Adv,1,anal
6846,ricardo,711,98.763,Noun,1,ricardo
6847,sezmek,711,98.763,Verb,1,seziyorum
6848,master,711,98.763,Noun,1,master
6849,tablet,711,98.764,Noun,1,tablet
6850,zapt,710,98.764,Noun,1,zapt
6851,union,710,98.765,Noun,1,union
6852,kötülemek,709,98.765,Verb,1,kötüler
6853,tır,709,98.766,Noun,1,tır
6854,kendall,709,98.766,Noun,1,kendall
6855,ret,709,98.766,Noun,1,ret
6856,norton,708,98.767,Noun,1,norton
6857,babaç,708,98.767,Noun,1,babacım
6858,havale,708,98.768,Noun,1,havale
6859,thorne,708,98.768,Noun,1,thorne
6860,doria,708,98.768,Noun,1,dorian
6861,corey,708,98.769,Noun,1,corey
6862,kıtlık,708,98.769,Noun,1,kıtlık
6863,eskimek,708,98.77,Adj,1,eskimiş
6864,dalek,708,98.77,Noun,1,dalek
6865,yanlı,707,98.77,Noun,1,yanlısı
6866,geçinmek,707,98.771,Noun,1,geçinmek
6867,dondurma,707,98.771,Noun,1,dondurmayı
6868,bileklik,707,98.772,Noun,1,bileklik
6869,sponsor,706,98.772,Noun,1,sponsor
6870,tombul,705,98.772,Adj,1,tombul
6871,kasedi,705,98.773,Noun,1,kasedi
6872,senyor,705,98.773,Noun,1,senyor
6873,yetkin,705,98.774,Adj,1,yetkin
6874,idrak,705,98.774,Noun,1,idrak
6875,benedict,705,98.774,Noun,1,benedict
6876,matkap,705,98.775,Noun,1,matkap
6877,cemre,704,98.775,Noun,1,cemre
6878,münih,704,98.776,Noun,1,münih
6879,bai,704,98.776,Noun,1,bai
6880,hödük,704,98.776,Noun,1,hödük
6881,kılıçlamak,704,98.777,Verb,1,kılıçla
6882,lyla,704,98.777,Noun,1,lyla
6883,zelanda,704,98.778,Noun,1,zelanda
6884,ferguson,704,98.778,Noun,1,ferguson
6885,kenya,703,98.779,Noun,1,kenya
6886,pegasus,703,98.779,Noun,1,pegasus
6887,herr,703,98.779,Noun,1,herr
6888,francesca,702,98.78,Noun,1,francesca
6889,alberto,702,98.78,Noun,1,alberto
6890,newport,702,98.781,Noun,1,newport
6891,incelik,702,98.781,Noun,1,incelik
6892,ursula,702,98.781,Noun,1,ursula
6893,çelişki,702,98.782,Noun,1,çelişki
6894,nicolas,701,98.782,Noun,1,nicolas
6895,ginny,701,98.783,Noun,1,ginny
6896,madonna,701,98.783,Noun,1,madonna
6897,lilith,701,98.783,Noun,1,lilith
6898,dimitri,701,98.784,Noun,1,dimitri
6899,home,701,98.784,Noun,1,home
6900,ekspres,701,98.785,Adj,1,ekspres
6901,bekâret,701,98.785,Noun,1,bekaretini
6902,masumiyet,701,98.785,Noun,1,masumiyet
6903,eko,700,98.786,Noun,1,eko
6904,geceyarısı,700,98.786,Noun,1,geceyarısı
6905,lav,700,98.787,Noun,1,lav
6906,sodyum,700,98.787,Noun,1,sodyum
6907,paolo,700,98.787,Noun,1,paolo
6908,balki,700,98.788,Noun,1,balki
6909,trilyon,700,98.788,Num,1,trilyon
6910,firavun,699,98.789,Noun,1,firavun
6911,dayanak,699,98.789,Noun,1,dayanak
6912,haberleşmek,698,98.789,Verb,1,haberleşme
6913,doctor,698,98.79,Noun,1,doctor
6914,horace,698,98.79,Noun,1,horace
6915,sylvester,698,98.791,Noun,1,sylvester
6916,tamar,698,98.791,Noun,1,tamara
6917,apple,698,98.791,Noun,1,apple
6918,vadetmek,698,98.792,Verb,1,vadede
6919,ibadet,697,98.792,Noun,1,ibadet
6920,decker,697,98.793,Noun,1,decker
6921,klüp,697,98.793,Noun,1,klüp
6922,hayr,697,98.793,Noun,1,hayra
6923,marka,696,98.794,Noun,1,markası
6924,ereksiyon,696,98.794,Noun,1,ereksiyon
6925,koyun,696,98.795,Noun,1,koyunlar
6926,panzehir,695,98.795,Noun,1,panzehir
6927,garrison,695,98.795,Noun,1,garrison
6928,mort,695,98.796,Noun,1,mort
6929,istismar,695,98.796,Noun,1,istismar
6930,liberal,695,98.797,Adj,1,liberal
6931,bükmek,695,98.797,Adj,1,bükücü
6932,inme,695,98.797,Noun,1,inmesi
6933,tita,694,98.798,Noun,1,titan
6934,gomez,694,98.798,Noun,1,gomez
6935,webber,694,98.799,Noun,1,webber
6936,sıkışık,694,98.799,Adj,1,sıkışık
6937,loto,694,98.799,Noun,1,loto
6938,kombinasyon,694,98.8,Noun,1,kombinasyon
6939,kimberly,693,98.8,Noun,1,kimberly
6940,mg,692,98.801,Noun,1,mg
6941,korn,692,98.801,Noun,1,korna
6942,şangay,692,98.801,Noun,1,şangay
6943,mayday,691,98.802,Noun,1,mayday
6944,hilton,691,98.802,Noun,1,hilton
6945,granger,691,98.803,Noun,1,granger
6946,şimdilerde,691,98.803,Adv,1,şimdilerde
6947,jonny,691,98.803,Noun,1,jonny
6948,sabotaj,691,98.804,Noun,1,sabotaj
6949,tuck,691,98.804,Noun,1,tuck
6950,som,691,98.805,Adj,1,som
6951,şelâle,691,98.805,Noun,1,şelale
6952,kundak,691,98.805,Noun,1,kundakçı
6953,kısır,690,98.806,Adj,1,kısır
6954,higgins,690,98.806,Noun,1,higgins
6955,ares,690,98.807,Noun,1,ares
6956,sıyrık,690,98.807,Adj,1,sıyrık
6957,düzme,690,98.807,Adv,1,düzmece
6958,müzakere,689,98.808,Noun,1,müzakere
6959,bangkok,689,98.808,Noun,1,bangkok
6960,slater,689,98.809,Noun,1,slater
6961,lorna,689,98.809,Noun,1,lorna
6962,buckley,689,98.809,Noun,1,buckley
6963,kabiliyet,689,98.81,Noun,1,kabiliyeti
6964,gine,688,98.81,Adv,1,gine
6965,kathryn,688,98.811,Noun,1,kathryn
6966,suri,687,98.811,Noun,1,suriye
6967,murdoch,687,98.811,Noun,1,murdoch
6968,wing,687,98.812,Noun,1,wing
6969,terim,687,98.812,Noun,1,terimi
6970,müsamaha,686,98.812,Noun,1,müsamaha
6971,marjorie,686,98.813,Noun,1,marjorie
6972,entelektüel,686,98.813,Adj,1,entelektüel
6973,mercan,686,98.814,Adj,1,mercan
6974,obje,686,98.814,Noun,1,obje
6975,cool,686,98.814,Noun,1,cool
6976,parlâmento,686,98.815,Noun,1,parlamento
6977,hüsran,686,98.815,Noun,1,hüsrana
6978,organizma,686,98.816,Noun,1,organizma
6979,dwayne,685,98.816,Noun,1,dwayne
6980,örgü,685,98.816,Adj,1,örgü
6981,mine,685,98.817,Noun,1,mine
6982,talbot,685,98.817,Noun,1,talbot
6983,ga,685,98.818,Noun,1,ga
6984,kondom,685,98.818,Noun,1,kondom
6985,icra,685,98.818,Noun,1,icra
6986,kristina,685,98.819,Noun,1,kristina
6987,kahrolsun,685,98.819,Interj,1,kahrolsun
6988,mülakat,685,98.82,Noun,1,mülakat
6989,britta,684,98.82,Noun,1,britta
6990,stern,684,98.82,Noun,1,stern
6991,heart,684,98.821,Noun,1,heart
6992,karton,684,98.821,Noun,1,karton
6993,make,684,98.822,Noun,1,make
6994,milletvekili,684,98.822,Noun,1,milletvekili
6995,çalı,684,98.822,Noun,1,çalıların
6996,marnie,683,98.823,Noun,1,marnie
6997,şut,683,98.823,Noun,1,şut
6998,sütyen,683,98.824,Noun,1,sütyen
6999,chia,683,98.824,Noun,1,chiana
7000,far,683,98.824,Noun,1,far
7001,luka,682,98.825,Noun,1,luka
7002,allie,682,98.825,Noun,1,allie
7003,dora,682,98.825,Noun,1,dora
7004,mercer,682,98.826,Noun,1,mercer
7005,kabahat,682,98.826,Noun,1,kabahat
7006,sevkiyat,682,98.827,Noun,1,sevkiyat
7007,murat,681,98.827,Noun,1,murat
7008,saunders,681,98.827,Noun,1,saunders
7009,yunan,681,98.828,Verb,1,yunanlılar
7010,dk,680,98.828,Noun,1,dk
7011,foto,680,98.829,Noun,1,foton
7012,leigh,679,98.829,Noun,1,leigh
7013,bebe,679,98.829,Noun,1,bebe
7014,hav,679,98.83,Dup,1,hav
7015,meyer,678,98.83,Noun,1,meyer
7016,barrow,678,98.831,Noun,1,barrow
7017,misilleme,678,98.831,Noun,1,misilleme
7018,hydra,678,98.831,Noun,1,hydra
7019,latte,678,98.832,Noun,1,latte
7020,çile,678,98.832,Noun,1,çileden
7021,hook,678,98.833,Noun,1,hook
7022,kuzgun,678,98.833,Noun,1,kuzgun
7023,büfe,677,98.833,Noun,1,büfe
7024,anjali,677,98.834,Noun,1,anjali
7025,bing,677,98.834,Noun,1,bing
7026,oleg,676,98.834,Noun,1,oleg
7027,yahut,676,98.835,Conj,1,yahut
7028,yvonne,676,98.835,Noun,1,yvonne
7029,kalinda,676,98.836,Noun,1,kalinda
7030,freya,676,98.836,Noun,1,freya
7031,yazlık,676,98.836,Adj,1,yazlık
7032,kılıf,676,98.837,Noun,1,kılıf
7033,mumlamak,675,98.837,Verb,1,mumlar
7034,dead,675,98.838,Noun,1,dead
7035,toksin,675,98.838,Noun,1,toksin
7036,ikincil,675,98.838,Adj,1,ikincil
7037,vesile,675,98.839,Noun,1,vesile
7038,karnaval,674,98.839,Noun,1,karnaval
7039,kayla,674,98.839,Noun,1,kayla
7040,cisim,674,98.84,Noun,1,cisim
7041,scooby,674,98.84,Noun,1,scooby
7042,petra,674,98.841,Noun,1,petra
7043,tennessee,674,98.841,Noun,1,tennessee
7044,mcnamara,674,98.841,Noun,1,mcnamara
7045,dersim,673,98.842,Noun,1,dersimi
7046,yas,673,98.842,Noun,1,yasını
7047,rocco,673,98.843,Noun,1,rocco
7048,kumarbaz,673,98.843,Adj,1,kumarbaz
7049,thornton,673,98.843,Noun,1,thornton
7050,sicilya,673,98.844,Noun,1,sicilya
7051,harlem,672,98.844,Noun,1,harlem
7052,raphael,672,98.845,Noun,1,raphael
7053,akdeniz,672,98.845,Noun,1,akdeniz
7054,dax,672,98.845,Noun,1,dax
7055,colby,672,98.846,Noun,1,colby
7056,mcdonald,672,98.846,Noun,1,mcdonald
7057,konak,672,98.846,Noun,1,konağı
7058,alfredo,671,98.847,Noun,1,alfredo
7059,vulkan,671,98.847,Noun,1,vulkan
7060,esasen,671,98.848,Adv,1,esasen
7061,havayol,671,98.848,Noun,1,havayolları
7062,webb,671,98.848,Noun,1,webb
7063,ruiz,671,98.849,Noun,1,ruiz
7064,yakınmak,671,98.849,Verb,1,yakındık
7065,sera,671,98.85,Noun,1,sera
7066,direnç,671,98.85,Noun,1,direnç
7067,etkileşim,671,98.85,Noun,1,etkileşim
7068,görevlenmek,671,98.851,Verb,1,görevlendirdi
7069,tayf,670,98.851,Noun,1,tayfa
7070,terzi,670,98.851,Noun,1,terzi
7071,hadım,670,98.852,Noun,1,hadım
7072,galibiyet,670,98.852,Noun,1,galibiyet
7073,vladimir,670,98.853,Noun,1,vladimir
7074,riko,670,98.853,Noun,1,riko
7075,disneyland,670,98.853,Noun,1,disneyland
7076,hyuk,669,98.854,Noun,1,hyuk
7077,artist,669,98.854,Noun,1,artist
7078,ro,669,98.855,Noun,1,ro
7079,sweeney,669,98.855,Noun,1,sweeney
7080,bernadette,669,98.855,Noun,1,bernadette
7081,bariyer,669,98.856,Noun,1,bariyer
7082,ahtapot,668,98.856,Noun,1,ahtapot
7083,cenevre,668,98.856,Noun,1,cenevre
7084,anayasa,668,98.857,Noun,1,anayasa
7085,arena,668,98.857,Noun,1,arena
7086,rach,667,98.858,Noun,1,rach
7087,irina,667,98.858,Noun,1,irina
7088,punk,667,98.858,Noun,1,punk
7089,dokumak,667,98.859,Verb,1,dokunulmaz
7090,volt,667,98.859,Noun,1,volt
7091,kopenhag,666,98.86,Noun,1,kopenhag
7092,başsavcı,666,98.86,Noun,1,başsavcı
7093,sımsıkı,666,98.86,Adj,1,sımsıkı
7094,joanne,666,98.861,Noun,1,joanne
7095,travmatik,666,98.861,Adj,1,travmatik
7096,rivers,666,98.861,Noun,1,rivers
7097,ask,666,98.862,Noun,1,ask
7098,celp,666,98.862,Noun,1,celp
7099,shay,665,98.863,Noun,1,shay
7100,tori,665,98.863,Noun,1,tori
7101,tristan,665,98.863,Noun,1,tristan
7102,hipnoz,665,98.864,Noun,1,hipnoz
7103,berry,665,98.864,Noun,1,berry
7104,jaguar,665,98.865,Noun,1,jaguar
7105,fischer,665,98.865,Noun,1,fischer
7106,kumandan,665,98.865,Noun,1,kumandanı
7107,komple,664,98.866,Adj,1,komple
7108,çorak,664,98.866,Adj,1,çorak
7109,place,664,98.866,Noun,1,place
7110,flanders,664,98.867,Noun,1,flanders
7111,becker,664,98.867,Noun,1,becker
7112,tay,664,98.868,Dup,1,tay
7113,mekke,663,98.868,Noun,1,mekke
7114,suzie,663,98.868,Noun,1,suzie
7115,ayva,663,98.869,Noun,1,ayvayı
7116,hi,663,98.869,Noun,1,hi
7117,owens,663,98.869,Noun,1,owens
7118,yoko,663,98.87,Noun,1,yoko
7119,kadro,663,98.87,Noun,1,kadro
7120,süit,663,98.871,Noun,1,süit
7121,makbuz,663,98.871,Noun,1,makbuz
7122,küpe,663,98.871,Noun,1,küpeler
7123,koltuklamak,662,98.872,Verb,1,koltuklar
7124,vazife,662,98.872,Noun,1,vazife
7125,missouri,662,98.873,Noun,1,missouri
7126,seyyar,662,98.873,Adj,1,seyyar
7127,kâhya,662,98.873,Noun,1,kahya
7128,gladys,661,98.874,Noun,1,gladys
7129,yarak,661,98.874,Noun,1,yarak
7130,haraç,661,98.874,Noun,1,haraç
7131,bakkal,661,98.875,Noun,1,bakkal
7132,die,661,98.875,Noun,1,die
7133,labirent,660,98.876,Noun,1,labirent
7134,mackey,660,98.876,Noun,1,mackey
7135,seda,660,98.876,Noun,1,sedan
7136,western,659,98.877,Noun,1,western
7137,mağdur,659,98.877,Adj,1,mağdur
7138,ryder,659,98.877,Noun,1,ryder
7139,paso,658,98.878,Noun,1,paso
7140,harmon,658,98.878,Noun,1,harmon
7141,minimum,658,98.879,Adj,1,minimum
7142,bear,658,98.879,Noun,1,bear
7143,andromeda,658,98.879,Noun,1,andromeda
7144,ranger,658,98.88,Noun,1,ranger
7145,veranda,658,98.88,Noun,1,verandada
7146,duffy,657,98.88,Noun,1,duffy
7147,paravan,657,98.881,Adj,1,paravan
7148,sembolik,657,98.881,Adj,1,sembolik
7149,optik,657,98.882,Adj,1,optik
7150,kaide,657,98.882,Noun,1,kaide
7151,tasvir,656,98.882,Noun,1,tasvir
7152,edison,656,98.883,Noun,1,edison
7153,yün,656,98.883,Adj,1,yün
7154,steph,656,98.884,Noun,1,steph
7155,banknot,656,98.884,Noun,1,banknot
7156,wilbur,655,98.884,Noun,1,wilbur
7157,magazin,655,98.885,Noun,1,magazin
7158,heights,655,98.885,Noun,1,heights
7159,sheridan,654,98.885,Noun,1,sheridan
7160,vlad,654,98.886,Noun,1,vlad
7161,konuşkan,654,98.886,Adj,1,konuşkan
7162,güneydoğu,653,98.887,Adj,1,güneydoğu
7163,quagmire,653,98.887,Noun,1,quagmire
7164,lassie,653,98.887,Noun,1,lassie
7165,şort,653,98.888,Noun,1,şort
7166,haka,653,98.888,Noun,1,hakan
7167,apaçi,653,98.888,Noun,1,apaçi
7168,cip,653,98.889,Noun,1,cip
7169,hacker,652,98.889,Noun,1,hacker
7170,papağan,652,98.89,Noun,1,papağan
7171,kasık,652,98.89,Noun,1,kasık
7172,nafaka,652,98.89,Noun,1,nafaka
7173,gidişat,652,98.891,Noun,1,gidişatı
7174,sınıflamak,651,98.891,Verb,1,sınıflar
7175,atina,650,98.891,Noun,1,atina
7176,empire,650,98.892,Noun,1,empire
7177,salvatore,650,98.892,Noun,1,salvatore
7178,dirk,650,98.893,Noun,1,dirk
7179,mahremiyet,650,98.893,Noun,1,mahremiyet
7180,oklamak,650,98.893,Verb,1,oklar
7181,termal,649,98.894,Noun,1,termal
7182,borçlanmak,649,98.894,Verb,1,borçlandım
7183,defans,649,98.894,Noun,1,defans
7184,beraat,649,98.895,Noun,1,beraat
7185,teminat,648,98.895,Noun,1,teminat
7186,köpekbalık,648,98.895,Noun,1,köpekbalıkları
7187,sale,648,98.896,Noun,1,salem
7188,clem,648,98.896,Noun,1,clem
7189,yiğit,648,98.897,Adj,1,yiğit
7190,tonik,648,98.897,Noun,1,tonik
7191,dizüstü,647,98.897,Noun,1,dizüstü
7192,gard,647,98.898,Noun,1,gardını
7193,geoff,647,98.898,Noun,1,geoff
7194,halim,647,98.898,Noun,1,halimi
7195,two,646,98.899,Noun,1,two
7196,turbo,646,98.899,Adj,1,turbo
7197,eduardo,646,98.9,Noun,1,eduardo
7198,sö,646,98.9,Verb,1,söyleyim
7199,oskar,646,98.9,Noun,1,oskar
7200,morto,646,98.901,Noun,1,morton
7201,mccarthy,646,98.901,Noun,1,mccarthy
7202,ekşi,645,98.901,Adj,1,ekşi
7203,foley,645,98.902,Noun,1,foley
7204,berger,645,98.902,Noun,1,berger
7205,turp,644,98.903,Noun,1,turp
7206,madame,644,98.903,Noun,1,madame
7207,midilli,644,98.903,Noun,1,midilli
7208,tatmak,644,98.904,Noun,1,tatmak
7209,ruben,644,98.904,Noun,1,ruben
7210,loretta,644,98.904,Noun,1,loretta
7211,kıs,643,98.905,Dup,1,kıs
7212,cheyenne,643,98.905,Noun,1,cheyenne
7213,cemaat,643,98.906,Noun,1,cemaat
7214,titus,642,98.906,Noun,1,titus
7215,hayrola,642,98.906,Interj,1,hayrola
7216,scofield,642,98.907,Noun,1,scofield
7217,russo,642,98.907,Noun,1,russo
7218,bryant,642,98.907,Noun,1,bryant
7219,basil,641,98.908,Noun,1,basil
7220,grove,641,98.908,Noun,1,grove
7221,pitt,641,98.908,Noun,1,pitt
7222,hurley,641,98.909,Noun,1,hurley
7223,nuh,641,98.909,Noun,1,nuh
7224,werner,641,98.91,Noun,1,werner
7225,mc,640,98.91,Noun,1,mc
7226,depresif,640,98.91,Noun,1,depresif
7227,azı,639,98.911,Adj,1,azılı
7228,telif,639,98.911,Adj,1,telif
7229,dina,639,98.911,Noun,1,dina
7230,izlanda,639,98.912,Noun,1,İzlanda
7231,braun,639,98.912,Noun,1,braun
7232,jazz,639,98.913,Noun,1,jazz
7233,josef,639,98.913,Noun,1,josef
7234,larsen,639,98.913,Noun,1,larsen
7235,cheng,639,98.914,Noun,1,cheng
7236,buenos,639,98.914,Noun,1,buenos
7237,anonim,639,98.914,Adj,1,anonim
7238,karpuz,639,98.915,Noun,1,karpuz
7239,alexandr,639,98.915,Noun,1,alexandra
7240,yanki,639,98.915,Noun,1,yanki
7241,şarjör,639,98.916,Noun,1,şarjör
7242,batım,639,98.916,Noun,1,batımında
7243,blood,638,98.917,Noun,1,blood
7244,espresso,638,98.917,Noun,1,espresso
7245,meydanda,638,98.917,Adj,1,meydanda
7246,içersi,638,98.918,Noun,1,içersiniz
7247,cutler,637,98.918,Noun,1,cutler
7248,aksilik,637,98.918,Noun,1,aksilik
7249,bembeyaz,637,98.919,Adj,1,bembeyaz
7250,barikat,636,98.919,Noun,1,barikat
7251,eureka,636,98.919,Noun,1,eureka
7252,nebraska,636,98.92,Noun,1,nebraska
7253,şenlik,636,98.92,Noun,1,şenlik
7254,hayde,636,98.921,Noun,1,hayden
7255,budist,636,98.921,Noun,1,budist
7256,fok,635,98.921,Noun,1,fok
7257,kono,635,98.922,Noun,1,kono
7258,paranoya,635,98.922,Noun,1,paranoya
7259,brandy,635,98.922,Noun,1,brandy
7260,cafe,635,98.923,Noun,1,cafe
7261,heller,635,98.923,Noun,1,heller
7262,varan,635,98.923,Noun,1,varana
7263,birtakım,635,98.924,Det,1,birtakım
7264,yakuza,635,98.924,Noun,1,yakuza
7265,margo,635,98.925,Noun,1,margo
7266,emlakçı,634,98.925,Noun,1,emlakçı
7267,rider,634,98.925,Noun,1,rider
7268,sadist,634,98.926,Adj,1,sadist
7269,dubai,634,98.926,Noun,1,dubai
7270,kaşımak,634,98.926,Verb,1,kaşınıyor
7271,sempatik,634,98.927,Adj,1,sempatik
7272,deşifre,634,98.927,Adj,1,deşifre
7273,benzetmek,634,98.928,Verb,1,benzetme
7274,diva,634,98.928,Noun,1,diva
7275,rodrigo,633,98.928,Noun,1,rodrigo
7276,berrak,633,98.929,Adj,1,berrak
7277,şırınga,633,98.929,Noun,1,şırınga
7278,dougie,633,98.929,Noun,1,dougie
7279,jacobs,633,98.93,Noun,1,jacobs
7280,sunar,633,98.93,Noun,1,sunarım
7281,osma,633,98.93,Noun,1,osman
7282,kadem,633,98.931,Noun,1,kademe
7283,chaplin,632,98.931,Noun,1,chaplin
7284,uysal,632,98.932,Adj,1,uysal
7285,kenzi,632,98.932,Noun,1,kenzi
7286,benji,632,98.932,Noun,1,benji
7287,kanada,632,98.933,Adj,1,kanadalı
7288,yahni,632,98.933,Noun,1,yahni
7289,steroid,631,98.933,Noun,1,steroid
7290,yapmacık,631,98.934,Adj,1,yapmacık
7291,sook,631,98.934,Noun,1,sook
7292,sığmak,631,98.934,Verb,1,sığmaz
7293,arabulmak,631,98.935,Adj,1,arabulucu
7294,kadir,630,98.935,Adj,1,kadir
7295,değin,630,98.936,Postp,1,değin
7296,pir,630,98.936,Noun,1,pire
7297,avenue,630,98.936,Noun,1,avenue
7298,goodman,630,98.937,Noun,1,goodman
7299,hür,630,98.937,Adj,1,hür
7300,perdelemek,630,98.937,Verb,1,perdeler
7301,leopar,630,98.938,Noun,1,leopar
7302,fosil,630,98.938,Noun,1,fosil
7303,ilik,630,98.938,Noun,1,iliği
7304,sızdırmak,630,98.939,Adj,1,sızdıran
7305,esteban,629,98.939,Noun,1,esteban
7306,kayın,629,98.939,Adj,1,kayın
7307,katır,629,98.94,Adj,1,katır
7308,portekiz,629,98.94,Noun,1,portekiz
7309,brüksel,629,98.941,Noun,1,brüksel
7310,rhonda,629,98.941,Noun,1,rhonda
7311,sifon,628,98.941,Noun,1,sifonu
7312,tükürük,628,98.942,Noun,1,tükürük
7313,pusulamak,628,98.942,Verb,1,pusula
7314,şıllık,628,98.942,Adj,1,şıllık
7315,marx,628,98.943,Noun,1,marx
7316,pıhtı,628,98.943,Noun,1,pıhtı
7317,sugar,627,98.943,Noun,1,sugar
7318,mabel,627,98.944,Noun,1,mabel
7319,bbc,627,98.944,Noun,1,bbc
7320,nathaniel,627,98.945,Noun,1,nathaniel
7321,birgit,626,98.945,Noun,1,birgitte
7322,callahan,626,98.945,Noun,1,callahan
7323,magic,626,98.946,Noun,1,magic
7324,çıkagelmek,626,98.946,Verb,1,çıkageldi
7325,dart,626,98.946,Noun,1,dart
7326,where,626,98.947,Noun,1,where
7327,nedime,626,98.947,Noun,1,nedime
7328,yatı,625,98.947,Noun,1,yatıya
7329,drago,625,98.948,Noun,1,dragon
7330,bambi,625,98.948,Noun,1,bambi
7331,selma,625,98.948,Noun,1,selma
7332,swanson,625,98.949,Noun,1,swanson
7333,sosyalist,624,98.949,Noun,1,sosyalist
7334,alak,624,98.95,Noun,1,alaka
7335,gazetecilik,624,98.95,Noun,1,gazetecilik
7336,vogel,624,98.95,Noun,1,vogel
7337,aymak,624,98.951,Verb,1,ayar
7338,hardison,624,98.951,Noun,1,hardison
7339,sweet,624,98.951,Noun,1,sweet
7340,aang,624,98.952,Noun,1,aang
7341,platform,624,98.952,Noun,1,platform
7342,münasip,623,98.952,Adj,1,münasip
7343,bovling,623,98.953,Noun,1,bovling
7344,hopper,623,98.953,Noun,1,hopper
7345,teyp,623,98.954,Noun,1,teyp
7346,refakat,623,98.954,Noun,1,refakat
7347,leila,622,98.954,Noun,1,leila
7348,donner,622,98.955,Noun,1,donner
7349,mesut,621,98.955,Adj,1,mesut
7350,sykes,621,98.955,Noun,1,sykes
7351,kolaçan,621,98.956,Noun,1,kolaçan
7352,üflemek,621,98.956,Verb,1,üfle
7353,national,621,98.956,Noun,1,national
7354,gabby,621,98.957,Noun,1,gabby
7355,faturalamak,621,98.957,Verb,1,faturalar
7356,elliott,621,98.957,Noun,1,elliott
7357,zebra,620,98.958,Noun,1,zebra
7358,zhao,620,98.958,Noun,1,zhao
7359,navid,620,98.959,Noun,1,navid
7360,vurgun,620,98.959,Adj,1,vurgun
7361,nasihat,620,98.959,Noun,1,nasihat
7362,elit,620,98.96,Adj,1,elit
7363,mübarek,619,98.96,Adj,1,mübarek
7364,dolgun,619,98.96,Adj,1,dolgun
7365,temple,619,98.961,Noun,1,temple
7366,çekimlemek,619,98.961,Verb,1,çekimler
7367,katman,619,98.961,Noun,1,katman
7368,zaaf,619,98.962,Noun,1,zaafı
7369,balıklamak,619,98.962,Verb,1,balıklama
7370,elton,618,98.962,Noun,1,elton
7371,milk,618,98.963,Noun,1,milk
7372,freeman,618,98.963,Noun,1,freeman
7373,jamaika,618,98.963,Noun,1,jamaika
7374,sonja,618,98.964,Noun,1,sonja
7375,dokunulmaz,618,98.964,Noun,1,dokunulmazlık
7376,marsilya,618,98.965,Noun,1,marsilya
7377,paylaşım,618,98.965,Noun,1,paylaşım
7378,uçurum,617,98.965,Noun,1,uçurumun
7379,içtenlikle,617,98.966,Adv,1,içtenlikle
7380,panter,617,98.966,Noun,1,panter
7381,gunther,617,98.966,Noun,1,gunther
7382,rhodes,617,98.967,Noun,1,rhodes
7383,garfield,616,98.967,Noun,1,garfield
7384,bahçıvan,616,98.967,Noun,1,bahçıvan
7385,macun,616,98.968,Noun,1,macunu
7386,dracula,616,98.968,Noun,1,dracula
7387,bohannon,616,98.968,Noun,1,bohannon
7388,embesil,616,98.969,Adj,1,embesil
7389,whitey,616,98.969,Noun,1,whitey
7390,morales,616,98.97,Noun,1,morales
7391,terminal,616,98.97,Noun,1,terminal
7392,sergilemek,616,98.97,Verb,1,sergiliyor
7393,lt,615,98.971,Noun,1,lt
7394,gafil,615,98.971,Adj,1,gafil
7395,milyarder,615,98.971,Adj,1,milyarder
7396,cem,615,98.972,Noun,1,cem
7397,charleston,615,98.972,Noun,1,charleston
7398,homie,615,98.972,Noun,1,homie
7399,deborah,615,98.973,Noun,1,deborah
7400,jilet,615,98.973,Noun,1,jilet
7401,etnik,615,98.973,Adj,1,etnik
7402,dolma,615,98.974,Adj,1,dolma
7403,çatlamak,615,98.974,Adj,1,çatlamış
7404,karizmatik,614,98.974,Adj,1,karizmatik
7405,muamma,614,98.975,Adj,1,muamma
7406,jameson,614,98.975,Noun,1,jameson
7407,koli,614,98.976,Noun,1,koli
7408,hattie,614,98.976,Noun,1,hattie
7409,wan,614,98.976,Noun,1,wan
7410,diktatör,614,98.977,Adj,1,diktatör
7411,süzülmek,614,98.977,Adj,1,süzülen
7412,nörolojik,613,98.977,Adj,1,nörolojik
7413,dobbs,613,98.978,Noun,1,dobbs
7414,cubur,613,98.978,Dup,1,cubur
7415,fiyasko,613,98.978,Noun,1,fiyasko
7416,ipotek,613,98.979,Noun,1,ipotek
7417,whitman,612,98.979,Noun,1,whitman
7418,varşova,612,98.979,Noun,1,varşova
7419,nino,612,98.98,Noun,1,nino
7420,milhouse,612,98.98,Noun,1,milhouse
7421,yamuk,611,98.98,Adj,1,yamuk
7422,yıldızfilosu,611,98.981,Noun,1,yıldızfilosu
7423,paradis,611,98.981,Noun,1,paradise
7424,replik,611,98.982,Noun,1,replik
7425,eylemek,611,98.982,Verb,1,eyleme
7426,ezel,611,98.982,Noun,1,ezeli
7427,iplik,610,98.983,Noun,1,iplik
7428,charlene,610,98.983,Noun,1,charlene
7429,tong,610,98.983,Noun,1,tong
7430,pa,610,98.984,Noun,1,pa
7431,alakadar,610,98.984,Adj,1,alakadar
7432,zayıflamak,610,98.984,Verb,1,zayıflıyor
7433,katletmek,610,98.985,Verb,1,katledildi
7434,bulgu,610,98.985,Noun,1,bulgu
7435,krista,609,98.985,Noun,1,krista
7436,power,609,98.986,Noun,1,power
7437,refah,609,98.986,Noun,1,refah
7438,alfie,609,98.986,Noun,1,alfie
7439,durant,609,98.987,Noun,1,durant
7440,akira,608,98.987,Noun,1,akira
7441,erdemli,608,98.987,Noun,1,erdemli
7442,filtre,608,98.988,Noun,1,filtre
7443,farzetmek,608,98.988,Verb,1,farzet
7444,stokes,607,98.989,Noun,1,stokes
7445,asabi,607,98.989,Adv,1,asabi
7446,donut,607,98.989,Noun,1,donut
7447,selfridge,606,98.99,Noun,1,selfridge
7448,angelica,606,98.99,Noun,1,angelica
7449,mak,606,98.99,Noun,1,mak
7450,delia,606,98.991,Noun,1,delia
7451,kartpostal,606,98.991,Noun,1,kartpostal
7452,pearson,606,98.991,Noun,1,pearson
7453,parıltı,606,98.992,Noun,1,parıltı
7454,ilkokul,606,98.992,Noun,1,ilkokul
7455,sutyen,605,98.992,Noun,1,sutyen
7456,stockholm,605,98.993,Noun,1,stockholm
7457,ıslah,605,98.993,Noun,1,ıslah
7458,propaganda,605,98.993,Noun,1,propaganda
7459,füzelemek,605,98.994,Verb,1,füzeler
7460,buchanan,605,98.994,Noun,1,buchanan
7461,lonnie,605,98.994,Noun,1,lonnie
7462,önsezi,604,98.995,Noun,1,önsezi
7463,honey,604,98.995,Noun,1,honey
7464,mecazî,604,98.995,Adj,1,mecazi
7465,pasak,604,98.996,Adj,1,pasaklı
7466,maço,604,98.996,Noun,1,maço
7467,püf,604,98.997,Noun,1,püf
7468,düpedüz,604,98.997,Adv,1,düpedüz
7469,tropik,604,98.997,Adj,1,tropik
7470,poppy,604,98.998,Noun,1,poppy
7471,kıpır,604,98.998,Dup,1,kıpır
7472,petey,604,98.998,Noun,1,petey
7473,over,604,98.999,Noun,1,over
7474,losyon,604,98.999,Noun,1,losyonu
7475,sıcacık,603,98.999,Adj,1,sıcacık
7476,sayid,603,99.0,Noun,1,sayid
7477,dino,603,99.0,Noun,1,dino
7478,kahir,603,99.0,Noun,1,kahire
7479,makbul,603,99.001,Noun,1,makbule
7480,harabe,603,99.001,Noun,1,harabe
7481,greer,602,99.001,Noun,1,greer
7482,singapur,602,99.002,Noun,1,singapur
7483,tanak,602,99.002,Noun,1,tanaka
7484,macaristan,602,99.002,Noun,1,macaristan
7485,family,602,99.003,Noun,1,family
7486,arlene,602,99.003,Noun,1,arlene
7487,genişlik,602,99.003,Noun,1,genişliğinde
7488,tutkun,602,99.004,Adj,1,tutkun
7489,arrow,601,99.004,Noun,1,arrow
7490,ayaklanmak,601,99.004,Verb,1,ayaklanma
7491,think,601,99.005,Noun,1,think
7492,dark,601,99.005,Noun,1,dark
7493,ithal,601,99.006,Noun,1,ithal
7494,express,601,99.006,Noun,1,express
7495,myra,601,99.006,Noun,1,myra
7496,head,601,99.007,Noun,1,head
7497,faydalanmak,601,99.007,Noun,1,faydalanmak
7498,birincil,600,99.007,Adj,1,birincil
7499,neville,600,99.008,Noun,1,neville
7500,yüzyüze,600,99.008,Adv,1,yüzyüze
7501,ladin,600,99.008,Noun,1,ladin
7502,hiccup,600,99.009,Noun,1,hiccup
7503,kümes,600,99.009,Noun,1,kümesi
7504,meth,599,99.009,Noun,1,meth
7505,bağlantılamak,599,99.01,Verb,1,bağlantılar
7506,çekingen,599,99.01,Adj,1,çekingen
7507,çitmek,599,99.01,Verb,1,çit
7508,hademe,599,99.011,Noun,1,hademe
7509,kavurmak,599,99.011,Adj,1,kavrulmuş
7510,sersemlemek,599,99.011,Verb,1,sersemler
7511,çomak,599,99.012,Noun,1,çomak
7512,görünür,599,99.012,Verb,1,görünürler
7513,gülüşmek,599,99.012,Verb,1,gülüş
7514,raoul,598,99.013,Noun,1,raoul
7515,frodo,597,99.013,Noun,1,frodo
7516,aba,597,99.013,Noun,1,abayı
7517,uçurtmak,597,99.014,Verb,1,uçurtma
7518,kunduz,597,99.014,Noun,1,kunduz
7519,darnell,597,99.014,Noun,1,darnell
7520,yağma,597,99.015,Adj,1,yağma
7521,brock,596,99.015,Noun,1,brock
7522,oracıkta,596,99.016,Adv,1,oracıkta
7523,potasyum,595,99.016,Noun,1,potasyum
7524,öf,595,99.016,Interj,1,öf
7525,havva,595,99.017,Noun,1,havva
7526,ivmek,595,99.017,Verb,1,iv
7527,tercüman,595,99.017,Noun,1,tercüman
7528,cılız,594,99.018,Adv,1,cılız
7529,alüminyum,594,99.018,Adj,1,alüminyum
7530,bambu,594,99.018,Adj,1,bambu
7531,şampuan,594,99.019,Noun,1,şampuan
7532,lazanya,594,99.019,Noun,1,lazanya
7533,boşanma,594,99.019,Noun,1,boşanmayı
7534,sofra,594,99.02,Noun,1,sofra
7535,kamış,594,99.02,Adj,1,kamış
7536,talk,593,99.02,Noun,1,talk
7537,weir,593,99.021,Noun,1,weir
7538,dikey,593,99.021,Adj,1,dikey
7539,warwick,593,99.021,Noun,1,warwick
7540,haru,593,99.022,Noun,1,haru
7541,forrest,592,99.022,Noun,1,forrest
7542,sebebiyet,592,99.022,Noun,1,sebebiyet
7543,roberta,592,99.023,Noun,1,roberta
7544,hollânda,592,99.023,Adj,1,hollandalı
7545,sadak,592,99.023,Noun,1,sadaka
7546,waters,591,99.024,Noun,1,waters
7547,daktilo,591,99.024,Noun,1,daktilo
7548,wilkes,591,99.024,Noun,1,wilkes
7549,weiss,591,99.025,Noun,1,weiss
7550,hansen,591,99.025,Noun,1,hansen
7551,page,590,99.025,Noun,1,page
7552,solak,590,99.026,Noun,1,solak
7553,gestapo,590,99.026,Noun,1,gestapo
7554,damian,590,99.026,Noun,1,damian
7555,daralmak,590,99.027,Verb,1,daralıyor
7556,cotton,590,99.027,Noun,1,cotton
7557,bad,590,99.027,Noun,1,bad
7558,harp,590,99.028,Noun,1,harp
7559,axel,590,99.028,Noun,1,axel
7560,real,590,99.028,Noun,1,real
7561,buzul,590,99.029,Noun,1,buzul
7562,randolph,590,99.029,Noun,1,randolph
7563,westen,589,99.029,Noun,1,westen
7564,crockett,589,99.03,Noun,1,crockett
7565,ragnar,589,99.03,Noun,1,ragnar
7566,connell,589,99.03,Noun,1,connell
7567,delinda,589,99.031,Noun,1,delinda
7568,bong,588,99.031,Noun,1,bong
7569,aubrey,588,99.032,Noun,1,aubrey
7570,ortaokul,588,99.032,Noun,1,ortaokul
7571,karayip,588,99.032,Noun,1,karayip
7572,gına,587,99.033,Noun,1,gına
7573,huck,587,99.033,Noun,1,huck
7574,öğün,587,99.033,Noun,1,öğün
7575,destiny,587,99.034,Noun,1,destiny
7576,nbc,587,99.034,Noun,1,nbc
7577,çark,587,99.034,Noun,1,çark
7578,karamel,586,99.035,Noun,1,karamel
7579,uyuşuk,585,99.035,Adj,1,uyuşuk
7580,havyar,585,99.035,Noun,1,havyar
7581,duane,585,99.036,Noun,1,duane
7582,reeves,585,99.036,Noun,1,reeves
7583,tiksinmek,585,99.036,Adj,1,tiksindirici
7584,maskot,585,99.037,Noun,1,maskot
7585,çağrılmak,585,99.037,Verb,1,çağrıldım
7586,fişeklemek,584,99.037,Verb,1,fişekler
7587,kathleen,584,99.038,Noun,1,kathleen
7588,fondip,584,99.038,Adv,1,fondip
7589,wars,584,99.038,Noun,1,wars
7590,marlowe,584,99.039,Noun,1,marlowe
7591,hewes,584,99.039,Noun,1,hewes
7592,beşik,584,99.039,Noun,1,beşik
7593,kuaför,583,99.04,Noun,1,kuaför
7594,misil,583,99.04,Noun,1,misli
7595,swan,583,99.04,Noun,1,swan
7596,singer,583,99.041,Noun,1,singer
7597,teftiş,583,99.041,Noun,1,teftiş
7598,wyoming,583,99.041,Noun,1,wyoming
7599,kamuflâj,583,99.042,Noun,1,kamuflaj
7600,meade,582,99.042,Noun,1,meade
7601,saga,582,99.042,Noun,1,saga
7602,wilder,582,99.043,Noun,1,wilder
7603,miyav,582,99.043,Noun,1,miyav
7604,ikmal,582,99.043,Noun,1,ikmal
7605,konsolos,582,99.044,Noun,1,konsolosluğu
7606,derrick,581,99.044,Noun,1,derrick
7607,gogh,581,99.044,Noun,1,gogh
7608,elverişli,581,99.045,Adj,1,elverişli
7609,slade,581,99.045,Noun,1,slade
7610,emmet,581,99.045,Noun,1,emmet
7611,zorlukla,581,99.046,Adv,1,zorlukla
7612,village,581,99.046,Noun,1,village
7613,qing,580,99.046,Noun,1,qing
7614,gıcır,580,99.047,Adj,1,gıcır
7615,uyduruk,580,99.047,Adj,1,uyduruk
7616,sünnet,580,99.047,Noun,1,sünnet
7617,tahsis,580,99.048,Noun,1,tahsis
7618,shiva,580,99.048,Noun,1,shiva
7619,toy,580,99.048,Adj,1,toy
7620,seminer,580,99.049,Noun,1,seminer
7621,havalimanı,580,99.049,Noun,1,havalimanı
7622,ünvan,580,99.049,Noun,1,ünvan
7623,franky,579,99.05,Noun,1,franky
7624,baldwin,579,99.05,Noun,1,baldwin
7625,bobo,579,99.05,Noun,1,bobo
7626,hearst,579,99.051,Noun,1,hearst
7627,ıstırap,579,99.051,Noun,1,ıstırap
7628,music,579,99.051,Noun,1,music
7629,çekirge,579,99.052,Noun,1,çekirge
7630,borgia,578,99.052,Noun,1,borgia
7631,çita,578,99.052,Noun,1,çita
7632,kaşamak,578,99.053,Verb,1,kaşar
7633,nellie,578,99.053,Noun,1,nellie
7634,kafiye,578,99.053,Adj,1,kafiyeli
7635,gündelik,578,99.054,Adj,1,gündelik
7636,jeremiah,578,99.054,Noun,1,jeremiah
7637,suudi,577,99.054,Noun,1,suudi
7638,çakılmak,577,99.055,Verb,1,çakıl
7639,united,577,99.055,Noun,1,united
7640,vahim,577,99.055,Adj,1,vahim
7641,değnek,577,99.056,Noun,1,değnek
7642,salvador,576,99.056,Noun,1,salvador
7643,macar,576,99.056,Noun,1,macar
7644,kermit,576,99.057,Noun,1,kermit
7645,news,576,99.057,Noun,1,news
7646,mckinley,576,99.057,Noun,1,mckinley
7647,kimmy,576,99.058,Noun,1,kimmy
7648,iktidar,576,99.058,Noun,1,iktidar
7649,bowl,575,99.058,Noun,1,bowl
7650,lucifer,575,99.059,Noun,1,lucifer
7651,romano,575,99.059,Noun,1,romano
7652,santa,575,99.059,Noun,1,santana
7653,sefalet,575,99.06,Noun,1,sefalet
7654,cory,575,99.06,Noun,1,cory
7655,godzilla,574,99.06,Noun,1,godzilla
7656,bluebell,574,99.061,Noun,1,bluebell
7657,naylon,574,99.061,Adj,1,naylon
7658,komando,574,99.061,Noun,1,komando
7659,cookie,574,99.062,Noun,1,cookie
7660,bartowski,574,99.062,Noun,1,bartowski
7661,marcos,574,99.062,Noun,1,marcos
7662,beaumont,574,99.063,Noun,1,beaumont
7663,case,573,99.063,Noun,1,case
7664,raven,573,99.063,Noun,1,raven
7665,tayvan,573,99.064,Noun,1,tayvan
7666,marguerite,573,99.064,Noun,1,marguerite
7667,cromwell,572,99.064,Noun,1,cromwell
7668,bando,572,99.064,Noun,1,bando
7669,bentley,572,99.065,Noun,1,bentley
7670,protestan,572,99.065,Noun,1,protestan
7671,saol,572,99.065,Noun,1,saol
7672,simülasyon,572,99.066,Noun,1,simülasyon
7673,winters,571,99.066,Noun,1,winters
7674,mumya,571,99.066,Noun,1,mumya
7675,caldwell,571,99.067,Noun,1,caldwell
7676,poe,570,99.067,Noun,1,poe
7677,inç,570,99.067,Noun,1,inç
7678,tükenmez,570,99.068,Adj,1,tükenmez
7679,formalite,570,99.068,Noun,1,formalite
7680,çar,570,99.068,Noun,1,çar
7681,blog,569,99.069,Noun,1,blog
7682,domino,569,99.069,Noun,1,domino
7683,ark,569,99.069,Noun,1,ark
7684,yumuşacık,569,99.07,Adj,1,yumuşacık
7685,maliye,568,99.07,Noun,1,maliye
7686,kom,568,99.07,Noun,1,koma
7687,hades,568,99.071,Noun,1,hades
7688,chanel,568,99.071,Noun,1,chanel
7689,aslen,568,99.071,Adv,1,aslen
7690,dolaşım,568,99.072,Noun,1,dolaşım
7691,gigi,567,99.072,Noun,1,gigi
7692,şayan,567,99.072,Adj,1,şayan
7693,wen,567,99.073,Noun,1,wen
7694,drakula,567,99.073,Noun,1,drakula
7695,chico,567,99.073,Noun,1,chico
7696,suzy,567,99.074,Noun,1,suzy
7697,chevy,566,99.074,Noun,1,chevy
7698,kappa,566,99.074,Noun,1,kappa
7699,ankara,566,99.075,Noun,1,ankara
7700,spot,566,99.075,Noun,1,spot
7701,mika,566,99.075,Adj,1,mika
7702,nelly,566,99.076,Noun,1,nelly
7703,remy,565,99.076,Noun,1,remy
7704,carlson,565,99.076,Noun,1,carlson
7705,sinmek,565,99.077,Verb,1,sine
7706,salazar,565,99.077,Noun,1,salazar
7707,rand,564,99.077,Noun,1,rand
7708,ananas,564,99.078,Noun,1,ananas
7709,çevrimiçi,563,99.078,Adj,1,çevrimiçi
7710,ronny,563,99.078,Noun,1,ronny
7711,mareşal,563,99.079,Noun,1,mareşal
7712,greendale,563,99.079,Noun,1,greendale
7713,bücür,563,99.079,Adj,1,bücür
7714,monique,563,99.08,Noun,1,monique
7715,hamptons,563,99.08,Noun,1,hamptons
7716,reuben,563,99.08,Noun,1,reuben
7717,kucaklamak,563,99.08,Verb,1,kucakla
7718,değirmen,563,99.081,Noun,1,değirmeni
7719,müfreze,562,99.081,Noun,1,müfreze
7720,peters,562,99.081,Noun,1,peters
7721,dickens,562,99.082,Noun,1,dickens
7722,hemencecik,562,99.082,Adv,1,hemencecik
7723,brandt,562,99.082,Noun,1,brandt
7724,prentiss,561,99.083,Noun,1,prentiss
7725,osuruk,561,99.083,Noun,1,osuruk
7726,bowman,561,99.083,Noun,1,bowman
7727,kurut,561,99.084,Noun,1,kurudu
7728,asgari,561,99.084,Adj,1,asgari
7729,kalsiyum,560,99.084,Noun,1,kalsiyum
7730,ambrose,560,99.085,Noun,1,ambrose
7731,pilar,560,99.085,Noun,1,pilar
7732,kuzu,560,99.085,Noun,1,kuzusu
7733,imdi,560,99.086,Adv,1,imdi
7734,paulo,560,99.086,Noun,1,paulo
7735,garth,560,99.086,Noun,1,garth
7736,scooter,560,99.087,Noun,1,scooter
7737,postane,560,99.087,Noun,1,postane
7738,güveç,559,99.087,Noun,1,güveç
7739,dublin,559,99.088,Noun,1,dublin
7740,abbey,559,99.088,Noun,1,abbey
7741,thelma,559,99.088,Noun,1,thelma
7742,şoke,559,99.089,Adj,1,şoke
7743,sacramento,559,99.089,Noun,1,sacramento
7744,dirsek,559,99.089,Noun,1,dirsek
7745,flack,559,99.089,Noun,1,flack
7746,antlaşmak,559,99.09,Verb,1,antlaşma
7747,siyanür,559,99.09,Noun,1,siyanür
7748,neptün,558,99.09,Noun,1,neptün
7749,tropikal,558,99.091,Adj,1,tropikal
7750,alamet,558,99.091,Noun,1,alamet
7751,michaels,558,99.091,Noun,1,michaels
7752,bloke,558,99.092,Adj,1,bloke
7753,conner,558,99.092,Noun,1,conner
7754,lucius,557,99.092,Noun,1,lucius
7755,maestro,557,99.093,Noun,1,maestro
7756,safra,557,99.093,Noun,1,safra
7757,ringo,557,99.093,Noun,1,ringo
7758,binlik,557,99.094,Adj,1,binlik
7759,ramak,557,99.094,Noun,1,ramak
7760,milano,557,99.094,Noun,1,milano
7761,cruise,556,99.095,Noun,1,cruise
7762,alçaltmak,556,99.095,Verb,1,alçalt
7763,wilcox,556,99.095,Noun,1,wilcox
7764,ızdırap,556,99.096,Noun,1,ızdırap
7765,korra,556,99.096,Noun,1,korra
7766,taviz,556,99.096,Noun,1,taviz
7767,çizburger,555,99.097,Noun,1,çizburger
7768,kyoto,555,99.097,Noun,1,kyoto
7769,look,555,99.097,Noun,1,look
7770,harfiyen,554,99.097,Adv,1,harfiyen
7771,cila,554,99.098,Noun,1,cila
7772,abdul,553,99.098,Noun,1,abdul
7773,sedye,553,99.098,Noun,1,sedye
7774,seksüel,553,99.099,Adj,1,seksüel
7775,hilary,553,99.099,Noun,1,hilary
7776,öldüresiye,553,99.099,Adv,1,öldüresiye
7777,sisko,553,99.1,Noun,1,sisko
7778,poliçe,553,99.1,Noun,1,poliçesi
7779,pearce,552,99.1,Noun,1,pearce
7780,italyan,552,99.101,Noun,1,İtalyanlar
7781,cleo,552,99.101,Noun,1,cleo
7782,rodeo,552,99.101,Noun,1,rodeo
7783,samanyolu,552,99.102,Noun,1,samanyolu
7784,koşturmak,552,99.102,Adv,1,koşturup
7785,karaborsa,552,99.102,Noun,1,karaborsa
7786,maskara,552,99.103,Noun,1,maskaralık
7787,casper,551,99.103,Noun,1,casper
7788,pascal,551,99.103,Noun,1,pascal
7789,rutledge,551,99.104,Noun,1,rutledge
7790,allak,551,99.104,Dup,1,allak
7791,haşlamak,551,99.104,Adj,1,haşlanmış
7792,serge,551,99.104,Noun,1,serge
7793,starling,551,99.105,Noun,1,starling
7794,kabir,551,99.105,Noun,1,kabir
7795,bölgelemek,551,99.105,Verb,1,bölgeler
7796,zachary,550,99.106,Noun,1,zachary
7797,jillian,550,99.106,Noun,1,jillian
7798,cao,550,99.106,Noun,1,cao
7799,harding,550,99.107,Noun,1,harding
7800,çevik,550,99.107,Adj,1,çevik
7801,vista,550,99.107,Noun,1,vista
7802,skywalker,550,99.108,Noun,1,skywalker
7803,alıkoymak,550,99.108,Adj,1,alıkoyan
7804,çakma,549,99.108,Adj,1,çakma
7805,tesla,549,99.109,Noun,1,tesla
7806,wellington,549,99.109,Noun,1,wellington
7807,nato,549,99.109,Adj,1,nato
7808,fields,549,99.11,Noun,1,fields
7809,lupe,549,99.11,Noun,1,lupe
7810,aklamak,549,99.11,Verb,1,aklama
7811,nezaret,549,99.11,Noun,1,nezarete
7812,kano,548,99.111,Noun,1,kano
7813,alacakaranlık,548,99.111,Noun,1,alacakaranlık
7814,sapkın,548,99.111,Adj,1,sapkın
7815,goldman,548,99.112,Noun,1,goldman
7816,luigi,548,99.112,Noun,1,luigi
7817,beste,548,99.112,Noun,1,beste
7818,hubert,547,99.113,Noun,1,hubert
7819,sondaj,547,99.113,Noun,1,sondaj
7820,çaktırmak,547,99.113,Adv,1,çaktırmadan
7821,jekyll,547,99.114,Noun,1,jekyll
7822,topal,547,99.114,Adj,1,topal
7823,bolton,547,99.114,Noun,1,bolton
7824,andi,547,99.115,Noun,1,andi
7825,yılbaşı,547,99.115,Noun,1,yılbaşında
7826,kakao,547,99.115,Noun,1,kakao
7827,istirahat,547,99.116,Noun,1,istirahat
7828,lancelot,546,99.116,Noun,1,lancelot
7829,çerez,546,99.116,Noun,1,çerez
7830,lightman,546,99.116,Noun,1,lightman
7831,trek,546,99.117,Noun,1,trek
7832,nba,546,99.117,Noun,1,nba
7833,yakışık,546,99.117,Adj,1,yakışıksız
7834,vizyon,546,99.118,Noun,1,vizyon
7835,atlet,545,99.118,Noun,1,atlet
7836,aires,545,99.118,Noun,1,aires
7837,talan,545,99.119,Noun,1,talan
7838,waldorf,545,99.119,Noun,1,waldorf
7839,walters,545,99.119,Noun,1,walters
7840,mouth,545,99.12,Noun,1,mouth
7841,toto,545,99.12,Noun,1,toto
7842,auschwitz,544,99.12,Noun,1,auschwitz
7843,hera,544,99.121,Noun,1,hera
7844,biyopsi,544,99.121,Noun,1,biyopsi
7845,roscoe,544,99.121,Noun,1,roscoe
7846,channing,544,99.121,Noun,1,channing
7847,pinky,544,99.122,Noun,1,pinky
7848,johnnie,543,99.122,Noun,1,johnnie
7849,jericho,543,99.122,Noun,1,jericho
7850,mossad,543,99.123,Noun,1,mossad
7851,quantico,543,99.123,Noun,1,quantico
7852,rajiv,543,99.123,Noun,1,rajiv
7853,cutter,543,99.124,Noun,1,cutter
7854,death,543,99.124,Noun,1,death
7855,morse,542,99.124,Noun,1,morse
7856,dinamik,542,99.125,Adj,1,dinamik
7857,willa,542,99.125,Noun,1,willa
7858,leeds,542,99.125,Noun,1,leeds
7859,denklem,542,99.126,Noun,1,denklem
7860,fısıldamak,542,99.126,Adj,1,fısıldayan
7861,andrei,541,99.126,Noun,1,andrei
7862,ikiyüzlü,541,99.126,Adj,1,ikiyüzlü
7863,azrail,541,99.127,Noun,1,azrail
7864,fiyatlamak,541,99.127,Verb,1,fiyatlar
7865,natalia,541,99.127,Noun,1,natalia
7866,brewster,541,99.128,Noun,1,brewster
7867,finley,540,99.128,Noun,1,finley
7868,sahnelemek,540,99.128,Verb,1,sahneler
7869,staj,540,99.129,Noun,1,staj
7870,oakland,540,99.129,Noun,1,oakland
7871,antarktika,540,99.129,Noun,1,antarktika
7872,donör,540,99.13,Noun,1,donör
7873,abdullah,540,99.13,Noun,1,abdullah
7874,mountain,540,99.13,Noun,1,mountain
7875,nezle,539,99.13,Noun,1,nezle
7876,capone,539,99.131,Noun,1,capone
7877,barclay,539,99.131,Noun,1,barclay
7878,çarpı,539,99.131,Noun,1,çarpı
7879,papatya,539,99.132,Noun,1,papatya
7880,square,539,99.132,Noun,1,square
7881,zorunluluk,539,99.132,Noun,1,zorunluluk
7882,kozmetik,538,99.133,Adj,1,kozmetik
7883,angelina,538,99.133,Noun,1,angelina
7884,hoşgörü,538,99.133,Adj,1,hoşgörülü
7885,amos,538,99.134,Noun,1,amos
7886,afet,538,99.134,Adj,1,afet
7887,sosyete,538,99.134,Noun,1,sosyete
7888,maşallah,538,99.135,Interj,1,maşallah
7889,ultrason,538,99.135,Noun,1,ultrason
7890,enron,538,99.135,Noun,1,enron
7891,lal,538,99.135,Noun,1,lale
7892,başrahip,538,99.136,Noun,1,başrahibe
7893,lamar,537,99.136,Noun,1,lamar
7894,kızılötesi,537,99.136,Noun,1,kızılötesi
7895,kafalamak,537,99.137,Verb,1,kafalar
7896,flüt,537,99.137,Noun,1,flüt
7897,dublör,537,99.137,Noun,1,dublör
7898,hubble,537,99.138,Noun,1,hubble
7899,jacqueline,537,99.138,Noun,1,jacqueline
7900,dudley,537,99.138,Noun,1,dudley
7901,çimento,537,99.139,Noun,1,çimento
7902,wonder,537,99.139,Noun,1,wonder
7903,cnn,537,99.139,Noun,1,cnn
7904,liverpool,536,99.139,Noun,1,liverpool
7905,girls,536,99.14,Noun,1,girls
7906,medikal,536,99.14,Adj,1,medikal
7907,crowe,536,99.14,Noun,1,crowe
7908,abuk,536,99.141,Adj,1,abuk
7909,sharp,536,99.141,Noun,1,sharp
7910,gag,536,99.141,Noun,1,gaga
7911,kanunî,536,99.142,Noun,1,kanuni
7912,fitil,536,99.142,Noun,1,fitil
7913,eğim,536,99.142,Adj,1,eğimli
7914,prescott,535,99.143,Noun,1,prescott
7915,cornell,535,99.143,Noun,1,cornell
7916,hemingway,535,99.143,Noun,1,hemingway
7917,bertha,535,99.143,Noun,1,bertha
7918,asteğmen,535,99.144,Noun,1,asteğmen
7919,cage,535,99.144,Noun,1,cage
7920,sven,535,99.144,Noun,1,sven
7921,öksüz,535,99.145,Adj,1,öksüz
7922,laurent,535,99.145,Noun,1,laurent
7923,warrick,535,99.145,Noun,1,warrick
7924,liberty,535,99.146,Noun,1,liberty
7925,dimdik,535,99.146,Adj,1,dimdik
7926,thatcher,535,99.146,Noun,1,thatcher
7927,nil,535,99.147,Noun,1,nil
7928,füzyon,534,99.147,Noun,1,füzyon
7929,louisa,534,99.147,Noun,1,louisa
7930,vulcan,534,99.147,Noun,1,vulcan
7931,fırtmak,534,99.148,Verb,1,fırt
7932,lost,534,99.148,Noun,1,lost
7933,imal,534,99.148,Noun,1,imal
7934,rani,534,99.149,Noun,1,rani
7935,kayış,534,99.149,Noun,1,kayışı
7936,hafiflemek,534,99.149,Noun,1,hafifletmek
7937,levy,534,99.15,Noun,1,levye
7938,şampiyona,533,99.15,Noun,1,şampiyonası
7939,tombala,533,99.15,Noun,1,tombala
7940,hyung,533,99.151,Noun,1,hyung
7941,richter,533,99.151,Noun,1,richter
7942,konoha,533,99.151,Noun,1,konoha
7943,özgeçmiş,533,99.151,Noun,1,özgeçmiş
7944,kaçar,533,99.152,Verb,1,kaçarım
7945,goku,532,99.152,Noun,1,goku
7946,orion,532,99.152,Noun,1,orion
7947,çağdaş,532,99.153,Adj,1,çağdaş
7948,london,532,99.153,Noun,1,london
7949,yığınla,532,99.153,Adj,1,yığınla
7950,manikür,532,99.154,Noun,1,manikür
7951,going,532,99.154,Noun,1,going
7952,nazaran,532,99.154,Adv,1,nazaran
7953,bucky,532,99.155,Noun,1,bucky
7954,gustav,531,99.155,Noun,1,gustav
7955,hailey,531,99.155,Noun,1,hailey
7956,ezbere,531,99.155,Adv,1,ezbere
7957,milly,531,99.156,Noun,1,milly
7958,kâinat,531,99.156,Noun,1,kainatın
7959,muhterem,530,99.156,Adj,1,muhterem
7960,lens,530,99.157,Noun,1,lens
7961,hogan,530,99.157,Noun,1,hogan
7962,akşamüstü,530,99.157,Adv,1,akşamüstü
7963,enzo,530,99.158,Noun,1,enzo
7964,kambur,530,99.158,Adj,1,kambur
7965,alejandro,530,99.158,Noun,1,alejandro
7966,peck,529,99.158,Noun,1,peck
7967,rohit,529,99.159,Noun,1,rohit
7968,micah,529,99.159,Noun,1,micah
7969,medusa,529,99.159,Noun,1,medusa
7970,columbus,529,99.16,Noun,1,columbus
7971,cemal,529,99.16,Noun,1,cemal
7972,dixie,529,99.16,Noun,1,dixie
7973,terörizm,529,99.161,Noun,1,terörizm
7974,moray,529,99.161,Noun,1,moray
7975,delilah,529,99.161,Noun,1,delilah
7976,war,529,99.162,Noun,1,war
7977,çekecek,528,99.162,Noun,1,çekeceğini
7978,mattie,528,99.162,Noun,1,mattie
7979,tencere,528,99.162,Noun,1,tencere
7980,sparky,528,99.163,Noun,1,sparky
7981,qi,528,99.163,Noun,1,qi
7982,hayırsever,528,99.163,Adj,1,hayırsever
7983,godfrey,527,99.164,Noun,1,godfrey
7984,ortaçağ,527,99.164,Noun,1,ortaçağ
7985,guru,527,99.164,Noun,1,guru
7986,damak,527,99.165,Noun,1,damak
7987,diskalifiye,526,99.165,Adj,1,diskalifiye
7988,objektif,526,99.165,Adj,1,objektif
7989,koşa,526,99.165,Adj,1,koşa
7990,gelişigüzel,526,99.166,Adv,1,gelişigüzel
7991,afgan,526,99.166,Noun,1,afgan
7992,yatay,526,99.166,Adj,1,yatay
7993,havayolu,525,99.167,Noun,1,havayolu
7994,nonoş,525,99.167,Noun,1,nonoş
7995,marisa,525,99.167,Noun,1,marisa
7996,four,525,99.168,Noun,1,four
7997,houdini,525,99.168,Noun,1,houdini
7998,rika,525,99.168,Noun,1,rika
7999,arınmak,525,99.168,Verb,1,arınma
8000,gayrimenkul,524,99.169,Noun,1,gayrimenkul
8001,yastık,524,99.169,Noun,1,yastığa
8002,sermek,524,99.169,Verb,1,ser
8003,püre,523,99.17,Noun,1,püresi
8004,kip,523,99.17,Adj,1,kip
8005,nikolai,523,99.17,Noun,1,nikolai
8006,kingsley,523,99.171,Noun,1,kingsley
8007,crowder,523,99.171,Noun,1,crowder
8008,mermer,523,99.171,Adj,1,mermer
8009,basar,523,99.171,Noun,1,basarım
8010,mert,523,99.172,Adj,1,mert
8011,kitle,523,99.172,Adj,1,kitlesel
8012,burrows,522,99.172,Noun,1,burrows
8013,della,522,99.173,Noun,1,della
8014,poli,522,99.173,Adj,1,polisiz
8015,bubi,522,99.173,Noun,1,bubi
8016,kirlenmek,522,99.174,Adj,1,kirlenmiş
8017,aktive,522,99.174,Noun,1,aktive
8018,novak,522,99.174,Noun,1,novak
8019,kaçınılmaz,522,99.174,Verb,1,kaçınılmazdı
8020,ilkbahar,522,99.175,Adv,1,İlkbahar
8021,davenport,521,99.175,Noun,1,davenport
8022,sinbad,521,99.175,Noun,1,sinbad
8023,haskell,521,99.176,Noun,1,haskell
8024,budapeşte,521,99.176,Noun,1,budapeşte
8025,atletik,521,99.176,Adj,1,atletik
8026,parks,521,99.177,Noun,1,parks
8027,bade,521,99.177,Noun,1,badem
8028,muriel,521,99.177,Noun,1,muriel
8029,münasebet,521,99.177,Adj,1,münasebetsiz
8030,vals,520,99.178,Noun,1,vals
8031,bonus,520,99.178,Noun,1,bonus
8032,hamburg,520,99.178,Noun,1,hamburg
8033,huang,520,99.179,Noun,1,huang
8034,ajay,520,99.179,Noun,1,ajay
8035,kurdele,519,99.179,Noun,1,kurdele
8036,donuk,519,99.18,Adj,1,donuk
8037,hamamböceği,519,99.18,Noun,1,hamamböceği
8038,roth,519,99.18,Noun,1,roth
8039,camilla,519,99.18,Noun,1,camilla
8040,moses,519,99.181,Noun,1,moses
8041,gibbons,519,99.181,Noun,1,gibbons
8042,saki,519,99.181,Noun,1,saki
8043,jimbo,519,99.182,Noun,1,jimbo
8044,nail,519,99.182,Adj,1,nail
8045,vişne,519,99.182,Noun,1,vişne
8046,escobar,518,99.183,Noun,1,escobar
8047,haldun,518,99.183,Noun,1,haldun
8048,demode,518,99.183,Adj,1,demode
8049,şuracıkta,518,99.183,Adv,1,şuracıkta
8050,end,518,99.184,Noun,1,end
8051,soul,518,99.184,Noun,1,soul
8052,psikiyatr,518,99.184,Noun,1,psikiyatr
8053,penn,518,99.185,Noun,1,penn
8054,pooja,517,99.185,Noun,1,pooja
8055,titanik,517,99.185,Noun,1,titanik
8056,nah,517,99.186,Interj,1,nah
8057,lekelemek,517,99.186,Verb,1,lekeler
8058,endonezya,517,99.186,Noun,1,endonezya
8059,yarasa,517,99.186,Noun,1,yarasalar
8060,onar,517,99.187,Verb,1,onarım
8061,bilmezlemek,517,99.187,Verb,1,bilmezler
8062,lexie,517,99.187,Noun,1,lexie
8063,yankı,517,99.188,Noun,1,yankı
8064,enrique,517,99.188,Noun,1,enrique
8065,çil,517,99.188,Adj,1,çilli
8066,waldo,516,99.188,Noun,1,waldo
8067,vasat,516,99.189,Adj,1,vasat
8068,gülücük,516,99.189,Noun,1,gülücük
8069,sırp,516,99.189,Noun,1,sırp
8070,sinatra,516,99.19,Noun,1,sinatra
8071,musevî,516,99.19,Noun,1,musevi
8072,nispeten,516,99.19,Adv,1,nispeten
8073,monsieur,516,99.191,Noun,1,monsieur
8074,koğuş,516,99.191,Noun,1,koğuş
8075,lung,515,99.191,Noun,1,lung
8076,terrance,515,99.191,Noun,1,terrance
8077,pınar,515,99.192,Noun,1,pınar
8078,şeffaf,515,99.192,Adj,1,şeffaf
8079,call,515,99.192,Noun,1,call
8080,hawking,515,99.193,Noun,1,hawking
8081,stars,515,99.193,Noun,1,stars
8082,arjun,515,99.193,Noun,1,arjun
8083,rab,515,99.194,Noun,1,rab
8084,farrell,514,99.194,Noun,1,farrell
8085,strange,514,99.194,Noun,1,strange
8086,sake,514,99.194,Noun,1,sake
8087,ripley,514,99.195,Noun,1,ripley
8088,iskender,514,99.195,Noun,1,İskender
8089,sargı,514,99.195,Noun,1,sargı
8090,horn,513,99.196,Noun,1,horn
8091,lowell,513,99.196,Noun,1,lowell
8092,arlo,513,99.196,Noun,1,arlo
8093,açacak,513,99.196,Noun,1,açacağını
8094,onurlanmak,513,99.197,Noun,1,onurlandırmak
8095,telepatik,513,99.197,Adj,1,telepatik
8096,mensup,513,99.197,Noun,1,mensupları
8097,dalgıç,512,99.198,Noun,1,dalgıç
8098,yayan,512,99.198,Adj,1,yayan
8099,mcqueen,512,99.198,Noun,1,mcqueen
8100,storm,512,99.199,Noun,1,storm
8101,bullak,512,99.199,Dup,1,bullak
8102,kraang,512,99.199,Noun,1,kraang
8103,rulo,512,99.199,Adj,1,rulo
8104,jing,512,99.2,Noun,1,jing
8105,davies,512,99.2,Noun,1,davies
8106,saptamak,512,99.2,Noun,1,saptamak
8107,kabarmak,512,99.201,Verb,1,kabardı
8108,cecilia,511,99.201,Noun,1,cecilia
8109,dakka,511,99.201,Noun,1,dakka
8110,istakoz,511,99.201,Noun,1,istakoz
8111,sabırla,511,99.202,Adv,1,sabırla
8112,bessie,511,99.202,Noun,1,bessie
8113,niki,511,99.202,Noun,1,niki
8114,insa,511,99.203,Noun,1,insanız
8115,ithaf,510,99.203,Noun,1,ithaf
8116,berta,510,99.203,Noun,1,berta
8117,usulca,510,99.204,Adv,1,usulca
8118,senkron,510,99.204,Adj,1,senkron
8119,judd,510,99.204,Noun,1,judd
8120,katrin,509,99.204,Noun,1,katrine
8121,empati,509,99.205,Noun,1,empati
8122,erika,509,99.205,Noun,1,erika
8123,viagra,509,99.205,Noun,1,viagra
8124,steiner,508,99.206,Noun,1,steiner
8125,dharma,508,99.206,Noun,1,dharma
8126,michelangelo,508,99.206,Noun,1,michelangelo
8127,woman,508,99.206,Noun,1,woman
8128,salyangoz,508,99.207,Noun,1,salyangoz
8129,muaf,508,99.207,Adj,1,muaf
8130,ismail,508,99.207,Noun,1,İsmail
8131,memorial,508,99.208,Noun,1,memorial
8132,hinata,507,99.208,Noun,1,hinata
8133,boys,507,99.208,Noun,1,boys
8134,tabaka,507,99.209,Noun,1,tabakası
8135,barlow,507,99.209,Noun,1,barlow
8136,haşin,507,99.209,Adv,1,haşin
8137,dane,507,99.209,Noun,1,dane
8138,mayonez,507,99.21,Noun,1,mayonez
8139,haiti,507,99.21,Noun,1,haiti
8140,lyon,507,99.21,Noun,1,lyon
8141,marcia,506,99.211,Noun,1,marcia
8142,matilda,506,99.211,Noun,1,matilda
8143,hostes,506,99.211,Noun,1,hostes
8144,soprano,506,99.211,Noun,1,soprano
8145,piyon,506,99.212,Noun,1,piyon
8146,görünüşte,506,99.212,Adv,1,görünüşte
8147,şınav,506,99.212,Noun,1,şınav
8148,arşiv,506,99.213,Noun,1,arşiv
8149,sunucu,506,99.213,Noun,1,sunucusu
8150,hakikat,506,99.213,Adv,1,hakikat
8151,kısmet,506,99.213,Interj,1,kısmet
8152,kuzeybatı,506,99.214,Adj,1,kuzeybatı
8153,velma,505,99.214,Noun,1,velma
8154,karamsar,505,99.214,Adj,1,karamsar
8155,lenore,505,99.215,Noun,1,lenore
8156,taslamak,505,99.215,Verb,1,taslama
8157,toksik,505,99.215,Noun,1,toksik
8158,pudra,505,99.215,Noun,1,pudra
8159,süpermarket,505,99.216,Noun,1,süpermarket
8160,idman,504,99.216,Noun,1,idman
8161,bach,504,99.216,Noun,1,bach
8162,voleybol,504,99.217,Noun,1,voleybol
8163,kablolamak,504,99.217,Verb,1,kablolar
8164,salâ,504,99.217,Noun,1,salam
8165,cunku,504,99.218,Noun,1,cunku
8166,eklem,504,99.218,Noun,1,eklem
8167,rönesans,504,99.218,Noun,1,rönesans
8168,egemen,504,99.218,Adj,1,egemen
8169,ayşe,504,99.219,Noun,1,ayşe
8170,ikilemek,504,99.219,Verb,1,İkile
8171,düzeltmen,504,99.219,Noun,1,düzeltmenin
8172,gergedan,503,99.22,Noun,1,gergedan
8173,minyatür,503,99.22,Noun,1,minyatür
8174,mango,503,99.22,Noun,1,mango
8175,sharm,503,99.22,Noun,1,sharma
8176,camden,503,99.221,Noun,1,camden
8177,yasemin,503,99.221,Adj,1,yasemin
8178,kalori,503,99.221,Noun,1,kalori
8179,ihtiyat,503,99.222,Adj,1,ihtiyatlı
8180,ernesto,503,99.222,Noun,1,ernesto
8181,dusty,503,99.222,Noun,1,dusty
8182,shaggy,503,99.222,Noun,1,shaggy
8183,kavun,503,99.223,Noun,1,kavun
8184,midye,502,99.223,Noun,1,midye
8185,sahra,502,99.223,Noun,1,sahra
8186,simit,502,99.224,Noun,1,simit
8187,yolsuz,502,99.224,Noun,1,yolsuzluk
8188,dostane,502,99.224,Adv,1,dostane
8189,lisan,502,99.224,Noun,1,lisansımı
8190,dürbün,502,99.225,Noun,1,dürbün
8191,efekt,502,99.225,Noun,1,efekt
8192,modellemek,501,99.225,Verb,1,modeller
8193,terri,501,99.226,Noun,1,terri
8194,elka,501,99.226,Noun,1,elka
8195,shot,501,99.226,Noun,1,shot
8196,au,501,99.226,Noun,1,au
8197,sindirim,501,99.227,Noun,1,sindirim
8198,laptop,501,99.227,Noun,1,laptop
8199,hilda,501,99.227,Noun,1,hilda
8200,boncuk,501,99.228,Noun,1,boncuk
8201,malt,501,99.228,Noun,1,malt
8202,mis,500,99.228,Noun,1,mis
8203,esen,500,99.228,Adj,1,esen
8204,orange,500,99.229,Noun,1,orange
8205,modifiye,500,99.229,Noun,1,modifiye
8206,athena,500,99.229,Noun,1,athena
8207,paspas,500,99.23,Noun,1,paspas
8208,larson,500,99.23,Noun,1,larson
8209,galaktik,500,99.23,Noun,1,galaktik
8210,bindirmek,500,99.231,Verb,1,bindirin
8211,kwon,499,99.231,Noun,1,kwon
8212,mühimmat,499,99.231,Noun,1,mühimmat
8213,grimes,499,99.231,Noun,1,grimes
8214,anubis,499,99.232,Noun,1,anubis
8215,tutacak,499,99.232,Noun,1,tutacağını
8216,gunn,499,99.232,Noun,1,gunn
8217,yıkım,499,99.233,Noun,1,yıkımı
8218,mazi,499,99.233,Noun,1,mazide
8219,selim,498,99.233,Adj,1,selim
8220,teşrif,498,99.233,Noun,1,teşrif
8221,ridge,498,99.234,Noun,1,ridge
8222,some,498,99.234,Noun,1,some
8223,şansölye,498,99.234,Noun,1,şansölye
8224,bes,498,99.235,Noun,1,bes
8225,bermuda,498,99.235,Noun,1,bermuda
8226,tweet,498,99.235,Noun,1,tweet
8227,geronimo,498,99.235,Noun,1,geronimo
8228,conway,498,99.236,Noun,1,conway
8229,çarpma,498,99.236,Noun,1,çarpması
8230,garret,497,99.236,Noun,1,garret
8231,driscoll,497,99.237,Noun,1,driscoll
8232,juanita,497,99.237,Noun,1,juanita
8233,sosyopat,497,99.237,Noun,1,sosyopat
8234,müşterek,497,99.237,Adj,1,müşterek
8235,suistimal,497,99.238,Noun,1,suistimal
8236,luisa,497,99.238,Noun,1,luisa
8237,mann,497,99.238,Noun,1,mann
8238,bekman,497,99.239,Noun,1,bekman
8239,teşhir,497,99.239,Noun,1,teşhir
8240,finlandiya,497,99.239,Noun,1,finlandiya
8241,temkin,497,99.239,Adj,1,temkinli
8242,mildred,497,99.24,Noun,1,mildred
8243,romero,497,99.24,Noun,1,romero
8244,gıpta,497,99.24,Noun,1,gıpta
8245,rover,497,99.241,Noun,1,rover
8246,sönük,497,99.241,Adj,1,sönük
8247,katedral,497,99.241,Noun,1,katedral
8248,cisco,496,99.241,Noun,1,cisco
8249,uther,496,99.242,Noun,1,uther
8250,rebekah,496,99.242,Noun,1,rebekah
8251,ukrayna,496,99.242,Noun,1,ukrayna
8252,deşik,496,99.243,Adj,1,deşik
8253,brighton,496,99.243,Noun,1,brighton
8254,bradford,496,99.243,Noun,1,bradford
8255,melvin,496,99.243,Noun,1,melvin
8256,küllemek,496,99.244,Verb,1,küller
8257,omurga,495,99.244,Noun,1,omurga
8258,pu,495,99.244,Noun,1,pu
8259,nekadar,495,99.245,Noun,1,nekadar
8260,grafik,495,99.245,Noun,1,grafik
8261,bandaj,495,99.245,Noun,1,bandaj
8262,dekorasyon,495,99.245,Noun,1,dekorasyon
8263,hâkimiyet,495,99.246,Noun,1,hakimiyeti
8264,three,494,99.246,Noun,1,three
8265,turkish,494,99.246,Noun,1,turkish
8266,langston,494,99.247,Noun,1,langston
8267,kaoru,494,99.247,Noun,1,kaoru
8268,yunanca,494,99.247,Adj,1,yunanca
8269,döküntü,494,99.247,Adj,1,döküntü
8270,elisabeth,494,99.248,Noun,1,elisabeth
8271,bizce,494,99.248,Adv,1,bizce
8272,merkür,494,99.248,Noun,1,merkür
8273,rouge,493,99.248,Noun,1,rouge
8274,sofistike,493,99.249,Adj,1,sofistike
8275,scarlet,493,99.249,Noun,1,scarlet
8276,noble,493,99.249,Noun,1,noble
8277,umarim,493,99.25,Noun,1,umarim
8278,yeşim,492,99.25,Noun,1,yeşim
8279,matrix,492,99.25,Noun,1,matrix
8280,bilal,492,99.25,Noun,1,bilal
8281,crusher,492,99.251,Noun,1,crusher
8282,janey,492,99.251,Noun,1,janey
8283,motivasyon,492,99.251,Noun,1,motivasyon
8284,jeolojik,492,99.252,Adj,1,jeolojik
8285,hung,492,99.252,Noun,1,hung
8286,deyim,492,99.252,Noun,1,deyimiyle
8287,uranyum,491,99.252,Noun,1,uranyum
8288,jeffries,491,99.253,Noun,1,jeffries
8289,court,491,99.253,Noun,1,court
8290,yeridir,491,99.253,Noun,1,yeridir
8291,field,491,99.254,Noun,1,field
8292,england,491,99.254,Noun,1,england
8293,kesişmek,491,99.254,Adj,1,kesiştiği
8294,konut,490,99.254,Noun,1,konut
8295,barker,490,99.255,Noun,1,barker
8296,carlisle,490,99.255,Noun,1,carlisle
8297,true,490,99.255,Noun,1,true
8298,lennon,490,99.256,Noun,1,lennon
8299,melody,490,99.256,Noun,1,melody
8300,stalingrad,490,99.256,Noun,1,stalingrad
8301,beslenen,490,99.256,Adj,1,beslenen
8302,antoinette,489,99.257,Noun,1,antoinette
8303,manson,489,99.257,Noun,1,manson
8304,osborne,489,99.257,Noun,1,osborne
8305,moody,489,99.258,Noun,1,moody
8306,krist,489,99.258,Noun,1,kristin
8307,elisa,489,99.258,Noun,1,elisa
8308,kylie,489,99.258,Noun,1,kylie
8309,hang,489,99.259,Noun,1,hang
8310,macy,489,99.259,Noun,1,macy
8311,tornavida,488,99.259,Noun,1,tornavida
8312,tell,488,99.259,Noun,1,tell
8313,whistler,488,99.26,Noun,1,whistler
8314,denetlemek,488,99.26,Verb,1,denetleme
8315,cadaloz,488,99.26,Adj,1,cadaloz
8316,clifford,488,99.261,Noun,1,clifford
8317,kurtadam,488,99.261,Noun,1,kurtadam
8318,doğma,488,99.261,Adj,1,doğma
8319,belediye,488,99.261,Noun,1,belediyeye
8320,anket,487,99.262,Noun,1,anket
8321,beecher,487,99.262,Noun,1,beecher
8322,cullen,487,99.262,Noun,1,cullen
8323,cami,487,99.263,Adj,1,cami
8324,larkin,487,99.263,Noun,1,larkin
8325,kıt,487,99.263,Adj,1,kıt
8326,merhem,487,99.263,Noun,1,merhem
8327,istikrar,487,99.264,Adj,1,istikrarlı
8328,denizaşırı,486,99.264,Adj,1,denizaşırı
8329,georges,486,99.264,Noun,1,georges
8330,jfk,486,99.265,Noun,1,jfk
8331,center,486,99.265,Noun,1,center
8332,işadamı,486,99.265,Noun,1,işadamı
8333,brothers,486,99.265,Noun,1,brothers
8334,port,485,99.266,Noun,1,port
8335,öğreti,485,99.266,Noun,1,öğretim
8336,bono,485,99.266,Noun,1,bono
8337,şempanze,485,99.266,Noun,1,şempanze
8338,alabalık,485,99.267,Noun,1,alabalık
8339,johan,485,99.267,Noun,1,johan
8340,kanaat,485,99.267,Noun,1,kanaat
8341,bitik,485,99.268,Adj,1,bitik
8342,rohan,484,99.268,Noun,1,rohan
8343,richardson,484,99.268,Noun,1,richardson
8344,ekg,484,99.268,Noun,1,ekg
8345,georgetown,484,99.269,Noun,1,georgetown
8346,cosmo,484,99.269,Noun,1,cosmo
8347,cy,484,99.269,Noun,1,cy
8348,zulüm,484,99.27,Noun,1,zulüm
8349,sunbae,484,99.27,Noun,1,sunbae
8350,sana,484,99.27,Noun,1,sanada
8351,turn,484,99.27,Noun,1,turna
8352,puf,483,99.271,Interj,1,puf
8353,pandora,483,99.271,Noun,1,pandora
8354,wolverine,483,99.271,Noun,1,wolverine
8355,porsiyon,483,99.271,Noun,1,porsiyon
8356,lotte,483,99.272,Noun,1,lotte
8357,mateo,483,99.272,Noun,1,mateo
8358,cannon,483,99.272,Noun,1,cannon
8359,gandhi,483,99.273,Noun,1,gandhi
8360,akut,483,99.273,Adj,1,akut
8361,hernandez,483,99.273,Noun,1,hernandez
8362,mikhail,483,99.273,Noun,1,mikhail
8363,kauçuk,483,99.274,Adj,1,kauçuk
8364,toka,483,99.274,Noun,1,tokası
8365,rizzoli,482,99.274,Noun,1,rizzoli
8366,gösterim,482,99.275,Noun,1,gösterimi
8367,pretty,482,99.275,Noun,1,pretty
8368,lecter,482,99.275,Noun,1,lecter
8369,cavanaugh,482,99.275,Noun,1,cavanaugh
8370,anson,482,99.276,Noun,1,anson
8371,gupta,482,99.276,Noun,1,gupta
8372,şarapnel,482,99.276,Noun,1,şarapnel
8373,yıpranmak,482,99.276,Adj,1,yıpranmış
8374,bertaraf,482,99.277,Adj,1,bertaraf
8375,everest,482,99.277,Noun,1,everest
8376,paketlemek,482,99.277,Adv,1,paketleyip
8377,çekişmek,482,99.278,Verb,1,çekişme
8378,darlene,481,99.278,Noun,1,darlene
8379,deste,481,99.278,Noun,1,deste
8380,jakuzi,481,99.278,Noun,1,jakuzi
8381,anomali,481,99.279,Noun,1,anomali
8382,kıpkırmızı,481,99.279,Adj,1,kıpkırmızı
8383,estelle,481,99.279,Noun,1,estelle
8384,yokuş,481,99.28,Adj,1,yokuş
8385,key,481,99.28,Noun,1,key
8386,azat,480,99.28,Adj,1,azat
8387,güneybatı,480,99.28,Adj,1,güneybatı
8388,gazi,480,99.281,Noun,1,gazi
8389,atölye,480,99.281,Noun,1,atölye
8390,bulmaca,480,99.281,Noun,1,bulmacanın
8391,asal,480,99.281,Noun,1,asalım
8392,kırbaç,479,99.282,Noun,1,kırbaç
8393,sonar,479,99.282,Noun,1,sonar
8394,parrish,479,99.282,Noun,1,parrish
8395,hindu,479,99.283,Noun,1,hindu
8396,hagen,479,99.283,Noun,1,hagen
8397,maddox,478,99.283,Noun,1,maddox
8398,bülten,478,99.283,Noun,1,bülteni
8399,bajor,478,99.284,Noun,1,bajor
8400,anaokulu,478,99.284,Noun,1,anaokulu
8401,buyuk,478,99.284,Noun,1,buyuk
8402,merrick,478,99.284,Noun,1,merrick
8403,lotus,478,99.285,Noun,1,lotus
8404,kron,478,99.285,Noun,1,kron
8405,need,478,99.285,Noun,1,need
8406,imparatoriçe,478,99.286,Noun,1,İmparatoriçe
8407,carmichael,477,99.286,Noun,1,carmichael
8408,derinlemesine,477,99.286,Adv,1,derinlemesine
8409,yakut,477,99.286,Adj,1,yakut
8410,buckingham,477,99.287,Noun,1,buckingham
8411,cayır,477,99.287,Dup,1,cayır
8412,chavez,477,99.287,Noun,1,chavez
8413,şaman,477,99.288,Noun,1,şaman
8414,târık,477,99.288,Noun,1,tarık
8415,seoul,476,99.288,Noun,1,seoul
8416,samir,476,99.288,Noun,1,samir
8417,major,476,99.289,Noun,1,major
8418,addy,476,99.289,Noun,1,addy
8419,baston,476,99.289,Noun,1,baston
8420,güpegündüz,476,99.289,Adv,1,güpegündüz
8421,pervane,476,99.29,Adj,1,pervane
8422,manşet,476,99.29,Noun,1,manşet
8423,faal,476,99.29,Adj,1,faal
8424,olsen,476,99.291,Noun,1,olsen
8425,away,476,99.291,Noun,1,away
8426,silindir,476,99.291,Noun,1,silindir
8427,kongo,476,99.291,Noun,1,kongo
8428,shep,475,99.292,Noun,1,shep
8429,reich,475,99.292,Noun,1,reich
8430,eskimo,475,99.292,Noun,1,eskimo
8431,ankesör,475,99.292,Adj,1,ankesörlü
8432,carmine,475,99.293,Noun,1,carmine
8433,felipe,475,99.293,Noun,1,felipe
8434,lim,475,99.293,Noun,1,lim
8435,gillian,475,99.294,Noun,1,gillian
8436,hepatit,475,99.294,Noun,1,hepatit
8437,insancıl,475,99.294,Adj,1,insancıl
8438,kuzeydoğu,475,99.294,Adj,1,kuzeydoğu
8439,moretti,475,99.295,Noun,1,moretti
8440,gunnar,475,99.295,Noun,1,gunnar
8441,cortez,475,99.295,Noun,1,cortez
8442,sökülmek,475,99.295,Verb,1,sökül
8443,manipüle,474,99.296,Noun,1,manipüle
8444,tepelemek,474,99.296,Verb,1,tepeler
8445,ışıklamak,474,99.296,Verb,1,ışıkla
8446,sunum,474,99.297,Noun,1,sunumu
8447,pepe,474,99.297,Adj,1,pepe
8448,bean,474,99.297,Noun,1,bean
8449,parola,474,99.297,Noun,1,parola
8450,karbondioksit,474,99.298,Noun,1,karbondioksit
8451,lassiter,474,99.298,Noun,1,lassiter
8452,marangoz,474,99.298,Noun,1,marangoz
8453,conor,474,99.298,Noun,1,conor
8454,birliktelik,473,99.299,Noun,1,birliktelik
8455,zurna,473,99.299,Noun,1,zurna
8456,orkide,473,99.299,Noun,1,orkide
8457,trans,473,99.3,Noun,1,trans
8458,cenap,473,99.3,Noun,1,cenapları
8459,yune,473,99.3,Noun,1,yune
8460,vahşet,473,99.3,Noun,1,vahşet
8461,metin,473,99.301,Noun,1,metni
8462,gıdıklamak,473,99.301,Verb,1,gıdıklanıyorum
8463,alai,472,99.301,Noun,1,alain
8464,sunset,472,99.301,Noun,1,sunset
8465,best,472,99.302,Noun,1,best
8466,rafe,472,99.302,Noun,1,rafe
8467,frengi,472,99.302,Noun,1,frengi
8468,veer,472,99.303,Noun,1,veer
8469,speed,472,99.303,Noun,1,speed
8470,rame,472,99.303,Noun,1,ramen
8471,yamyam,472,99.303,Adj,1,yamyam
8472,soyut,472,99.304,Adj,1,soyut
8473,çırpmak,472,99.304,Verb,1,çırp
8474,tavlamak,472,99.304,Noun,1,tavlamak
8475,pinokyo,471,99.304,Noun,1,pinokyo
8476,armand,471,99.305,Noun,1,armand
8477,cahill,471,99.305,Noun,1,cahill
8478,fong,471,99.305,Noun,1,fong
8479,ramos,471,99.305,Noun,1,ramos
8480,catalina,470,99.306,Noun,1,catalina
8481,ürkek,470,99.306,Adj,1,ürkek
8482,utmak,470,99.306,Adj,1,utan
8483,poole,470,99.307,Noun,1,poole
8484,donnelly,470,99.307,Noun,1,donnelly
8485,dempsey,470,99.307,Noun,1,dempsey
8486,sabi,470,99.307,Noun,1,sabine
8487,darby,470,99.308,Noun,1,darby
8488,sapasağlam,470,99.308,Adv,1,sapasağlam
8489,trixie,470,99.308,Noun,1,trixie
8490,dere,470,99.308,Noun,1,derede
8491,yalın,469,99.309,Adj,1,yalın
8492,santim,469,99.309,Noun,1,santimlik
8493,nichols,469,99.309,Noun,1,nichols
8494,dame,469,99.31,Noun,1,dame
8495,vallaha,469,99.31,Interj,1,vallaha
8496,nemo,469,99.31,Noun,1,nemo
8497,sanjana,469,99.31,Noun,1,sanjana
8498,braddock,469,99.311,Noun,1,braddock
8499,mızmız,469,99.311,Adj,1,mızmız
8500,umu,468,99.311,Noun,1,umu
8501,çarçur,468,99.311,Noun,1,çarçur
8502,tampa,468,99.312,Noun,1,tampa
8503,tenezzül,468,99.312,Noun,1,tenezzül
8504,chul,468,99.312,Noun,1,chul
8505,stok,467,99.312,Noun,1,stok
8506,rayna,467,99.313,Noun,1,rayna
8507,always,467,99.313,Noun,1,always
8508,odessa,467,99.313,Noun,1,odessa
8509,rigsby,467,99.314,Noun,1,rigsby
8510,vikram,467,99.314,Noun,1,vikram
8511,mayer,467,99.314,Noun,1,mayer
8512,starbucks,467,99.314,Noun,1,starbucks
8513,çığırmak,466,99.315,Verb,1,çığır
8514,paxton,466,99.315,Noun,1,paxton
8515,spears,466,99.315,Noun,1,spears
8516,vinny,466,99.315,Noun,1,vinny
8517,emery,466,99.316,Noun,1,emery
8518,kaykay,466,99.316,Noun,1,kaykay
8519,rivera,466,99.316,Noun,1,rivera
8520,chamberlain,465,99.317,Noun,1,chamberlain
8521,fuhuş,465,99.317,Noun,1,fuhuş
8522,game,465,99.317,Noun,1,game
8523,crawley,465,99.317,Noun,1,crawley
8524,barcelo,465,99.318,Noun,1,barcelona
8525,klübü,465,99.318,Noun,1,klübü
8526,agatha,465,99.318,Noun,1,agatha
8527,belfast,465,99.318,Noun,1,belfast
8528,patsy,465,99.319,Noun,1,patsy
8529,ikişer,465,99.319,Num,1,ikişer
8530,tesadüfi,464,99.319,Adv,1,tesadüfi
8531,kanunen,464,99.319,Adv,1,kanunen
8532,leviathan,464,99.32,Noun,1,leviathan
8533,sayfalamak,464,99.32,Verb,1,sayfalar
8534,bridge,464,99.32,Noun,1,bridge
8535,momo,464,99.321,Noun,1,momo
8536,wilma,463,99.321,Noun,1,wilma
8537,venezuelâ,463,99.321,Noun,1,venezuela
8538,yanay,463,99.321,Noun,1,yanayım
8539,traktör,463,99.322,Noun,1,traktör
8540,depolamak,463,99.322,Verb,1,depolama
8541,uss,463,99.322,Noun,1,uss
8542,boomer,463,99.322,Noun,1,boomer
8543,umumî,463,99.323,Adj,1,umumi
8544,seong,463,99.323,Noun,1,seong
8545,bartlett,463,99.323,Noun,1,bartlett
8546,henrik,463,99.323,Noun,1,henrik
8547,keklemek,463,99.324,Verb,1,kekler
8548,simms,463,99.324,Noun,1,simms
8549,öylesi,462,99.324,Adj,1,öylesi
8550,alerjik,462,99.325,Adj,1,alerjik
8551,dergilemek,462,99.325,Verb,1,dergiler
8552,caprica,462,99.325,Noun,1,caprica
8553,dezenfekte,462,99.325,Adj,1,dezenfekte
8554,cincinnati,462,99.326,Noun,1,cincinnati
8555,break,462,99.326,Noun,1,break
8556,bourne,462,99.326,Noun,1,bourne
8557,benlik,462,99.326,Noun,1,benlik
8558,much,462,99.327,Noun,1,much
8559,georgina,462,99.327,Noun,1,georgina
8560,vakum,461,99.327,Adj,1,vakum
8561,munch,461,99.327,Noun,1,munch
8562,bubba,461,99.328,Noun,1,bubba
8563,konsept,461,99.328,Noun,1,konsept
8564,guido,460,99.328,Noun,1,guido
8565,mussolini,460,99.328,Noun,1,mussolini
8566,bosna,460,99.329,Noun,1,bosna
8567,çevrelemek,460,99.329,Adj,1,çevreleyen
8568,galileo,460,99.329,Noun,1,galileo
8569,moriarty,460,99.33,Noun,1,moriarty
8570,gabi,460,99.33,Adj,1,gabi
8571,davidson,460,99.33,Noun,1,davidson
8572,korucu,460,99.33,Noun,1,korucu
8573,taşırmak,460,99.331,Verb,1,taşırdı
8574,haçlı,459,99.331,Noun,1,haçlı
8575,bess,459,99.331,Noun,1,bess
8576,norfolk,459,99.331,Noun,1,norfolk
8577,rosalie,459,99.332,Noun,1,rosalie
8578,dişemek,459,99.332,Verb,1,dişe
8579,eğri,459,99.332,Adj,1,eğri
8580,tijuana,459,99.332,Noun,1,tijuana
8581,jp,459,99.333,Noun,1,jp
8582,hendrix,459,99.333,Noun,1,hendrix
8583,pietro,458,99.333,Noun,1,pietro
8584,bug,458,99.334,Noun,1,bug
8585,burjuva,458,99.334,Adj,1,burjuva
8586,janis,458,99.334,Noun,1,janis
8587,hiroshi,458,99.334,Noun,1,hiroshi
8588,captain,458,99.335,Noun,1,captain
8589,robertson,458,99.335,Noun,1,robertson
8590,bernstein,458,99.335,Noun,1,bernstein
8591,karina,458,99.335,Noun,1,karina
8592,kendra,457,99.336,Noun,1,kendra
8593,demet,457,99.336,Noun,1,demet
8594,vida,457,99.336,Noun,1,vida
8595,kaynar,457,99.336,Adj,1,kaynar
8596,ermeni,457,99.337,Noun,1,ermeni
8597,petersburg,457,99.337,Noun,1,petersburg
8598,mimarî,457,99.337,Adj,1,mimari
8599,dumanlamak,457,99.337,Verb,1,dumanlar
8600,mccall,456,99.338,Noun,1,mccall
8601,met,456,99.338,Noun,1,met
8602,rommel,456,99.338,Noun,1,rommel
8603,could,456,99.339,Noun,1,could
8604,private,456,99.339,Noun,1,private
8605,kelsey,456,99.339,Noun,1,kelsey
8606,silahşör,456,99.339,Noun,1,silahşör
8607,çekiçlemek,456,99.34,Verb,1,çekiçle
8608,chae,456,99.34,Noun,1,chae
8609,rosto,456,99.34,Noun,1,rosto
8610,bradshaw,456,99.34,Noun,1,bradshaw
8611,thunder,455,99.341,Noun,1,thunder
8612,sergio,455,99.341,Noun,1,sergio
8613,salya,455,99.341,Noun,1,salya
8614,göçebe,455,99.341,Adj,1,göçebe
8615,özetlemek,455,99.342,Verb,1,özetle
8616,porselen,454,99.342,Adj,1,porselen
8617,graves,454,99.342,Noun,1,graves
8618,misyoner,454,99.342,Noun,1,misyoner
8619,knope,454,99.343,Noun,1,knope
8620,kameraman,454,99.343,Noun,1,kameraman
8621,gözardı,453,99.343,Noun,1,gözardı
8622,gişe,453,99.343,Noun,1,gişe
8623,pacific,453,99.344,Noun,1,pacific
8624,moira,453,99.344,Noun,1,moira
8625,yurttaş,453,99.344,Noun,1,yurttaş
8626,amansız,453,99.345,Adj,1,amansız
8627,hermes,453,99.345,Noun,1,hermes
8628,lolipop,453,99.345,Noun,1,lolipop
8629,gelgit,453,99.345,Noun,1,gelgit
8630,ayrica,453,99.346,Noun,1,ayrica
8631,kıtır,453,99.346,Dup,1,kıtır
8632,pansiyon,453,99.346,Noun,1,pansiyon
8633,ching,453,99.346,Noun,1,ching
8634,travesti,453,99.347,Noun,1,travesti
8635,hükmetmek,453,99.347,Noun,1,hükmetmek
8636,huzurevi,453,99.347,Noun,1,huzurevi
8637,kelvin,452,99.347,Noun,1,kelvin
8638,lyndsey,452,99.348,Noun,1,lyndsey
8639,burgess,452,99.348,Noun,1,burgess
8640,benek,452,99.348,Adj,1,benekli
8641,portatif,452,99.348,Adj,1,portatif
8642,osaka,452,99.349,Noun,1,osaka
8643,esposito,451,99.349,Noun,1,esposito
8644,drive,451,99.349,Noun,1,drive
8645,cher,451,99.349,Noun,1,cher
8646,castor,451,99.35,Noun,1,castor
8647,heck,451,99.35,Noun,1,heck
8648,kalleş,451,99.35,Adj,1,kalleş
8649,okey,450,99.35,Noun,1,okey
8650,link,450,99.351,Noun,1,link
8651,ruthie,450,99.351,Noun,1,ruthie
8652,bere,450,99.351,Noun,1,bere
8653,gareth,450,99.352,Noun,1,gareth
8654,begüm,450,99.352,Noun,1,begüm
8655,shue,450,99.352,Noun,1,shue
8656,enfekte,450,99.352,Noun,1,enfekte
8657,tolerans,449,99.353,Noun,1,tolerans
8658,caymak,449,99.353,Noun,1,cayman
8659,jutsu,449,99.353,Noun,1,jutsu
8660,onarmak,449,99.353,Noun,1,onarmak
8661,yoda,449,99.354,Noun,1,yoda
8662,dank,449,99.354,Noun,1,dank
8663,knicks,449,99.354,Noun,1,knicks
8664,hanedan,449,99.354,Noun,1,hanedanlığı
8665,yayın,449,99.355,Noun,1,yayıncı
8666,merasim,449,99.355,Noun,1,merasimi
8667,evermek,448,99.355,Verb,1,ever
8668,burç,448,99.355,Noun,1,burcu
8669,kestane,448,99.356,Noun,1,kestane
8670,chucky,448,99.356,Noun,1,chucky
8671,calder,448,99.356,Noun,1,calder
8672,russel,448,99.356,Noun,1,russel
8673,burbon,448,99.357,Noun,1,burbon
8674,yama,448,99.357,Noun,1,yamada
8675,alfabe,448,99.357,Noun,1,alfabesi
8676,faraday,447,99.357,Noun,1,faraday
8677,bozgun,447,99.358,Noun,1,bozguna
8678,lucrezia,447,99.358,Noun,1,lucrezia
8679,kanguru,447,99.358,Noun,1,kanguru
8680,marwan,447,99.358,Noun,1,marwan
8681,hathaway,447,99.359,Noun,1,hathaway
8682,mouse,446,99.359,Noun,1,mouse
8683,stig,446,99.359,Noun,1,stig
8684,savage,446,99.36,Noun,1,savage
8685,chopper,446,99.36,Noun,1,chopper
8686,milwaukee,446,99.36,Noun,1,milwaukee
8687,batarya,446,99.36,Noun,1,batarya
8688,atlas,446,99.361,Noun,1,atlas
8689,carpenter,446,99.361,Noun,1,carpenter
8690,tutkal,446,99.361,Noun,1,tutkal
8691,şanghay,446,99.361,Noun,1,şanghay
8692,özdemir,446,99.362,Noun,1,özdemir
8693,holding,446,99.362,Noun,1,holding
8694,duyu,446,99.362,Adj,1,duyusal
8695,yaradan,445,99.362,Noun,1,yaradan
8696,teleskop,445,99.363,Noun,1,teleskop
8697,giyinik,445,99.363,Adj,1,giyinik
8698,kessler,445,99.363,Noun,1,kessler
8699,omaha,445,99.363,Noun,1,omaha
8700,yates,445,99.364,Noun,1,yates
8701,cesare,445,99.364,Noun,1,cesare
8702,patent,445,99.364,Noun,1,patent
8703,tartmak,445,99.364,Verb,1,tart
8704,üçkâğıt,445,99.365,Noun,1,üçkağıtçı
8705,kaftan,445,99.365,Noun,1,kaftan
8706,mikroskobik,445,99.365,Adj,1,mikroskobik
8707,ailecek,445,99.365,Adv,1,ailecek
8708,igor,445,99.366,Noun,1,igor
8709,doğay,444,99.366,Noun,1,doğayı
8710,bronson,444,99.366,Noun,1,bronson
8711,nottingham,444,99.366,Noun,1,nottingham
8712,beyrut,444,99.367,Noun,1,beyrut
8713,delaney,444,99.367,Noun,1,delaney
8714,başmüfettiş,444,99.367,Noun,1,başmüfettiş
8715,cartwright,444,99.367,Noun,1,cartwright
8716,palmiye,444,99.368,Noun,1,palmiye
8717,yorumlamak,444,99.368,Verb,1,yorumlar
8718,ikamet,444,99.368,Noun,1,ikamet
8719,lexington,443,99.368,Noun,1,lexington
8720,hatch,443,99.369,Noun,1,hatch
8721,nazir,443,99.369,Adj,1,nazir
8722,cellat,442,99.369,Adj,1,cellat
8723,gill,442,99.369,Noun,1,gill
8724,tracey,442,99.37,Noun,1,tracey
8725,bristol,442,99.37,Noun,1,bristol
8726,dâhiyane,442,99.37,Adv,1,dahiyane
8727,mcgarrett,442,99.371,Noun,1,mcgarrett
8728,fatma,442,99.371,Noun,1,fatma
8729,mecburen,442,99.371,Adv,1,mecburen
8730,lockwood,442,99.371,Noun,1,lockwood
8731,bilen,442,99.372,Noun,1,bilenler
8732,kobe,441,99.372,Noun,1,kobe
8733,proctor,441,99.372,Noun,1,proctor
8734,didi,441,99.372,Noun,1,didi
8735,mahmut,441,99.373,Noun,1,mahmut
8736,om,441,99.373,Noun,1,om
8737,joanie,441,99.373,Noun,1,joanie
8738,law,441,99.373,Noun,1,law
8739,rochester,441,99.374,Noun,1,rochester
8740,watts,441,99.374,Noun,1,watts
8741,dalgın,441,99.374,Adj,1,dalgın
8742,sato,441,99.374,Noun,1,sato
8743,priscilla,440,99.375,Noun,1,priscilla
8744,liret,440,99.375,Noun,1,liret
8745,hâlihazırda,440,99.375,Adv,1,halihazırda
8746,shagrathian,440,99.375,Noun,1,shagrathian
8747,sülfür,440,99.376,Noun,1,sülfür
8748,zürih,440,99.376,Noun,1,zürih
8749,galon,440,99.376,Noun,1,galon
8750,zamani,440,99.376,Noun,1,zamani
8751,çıngırak,440,99.377,Adj,1,çıngıraklı
8752,mers,439,99.377,Noun,1,mersi
8753,mcmanus,439,99.377,Noun,1,mcmanus
8754,borsa,439,99.377,Noun,1,borsada
8755,çırak,439,99.378,Noun,1,çırak
8756,bowie,439,99.378,Noun,1,bowie
8757,vural,439,99.378,Noun,1,vuralım
8758,kendrick,439,99.378,Noun,1,kendrick
8759,mineral,439,99.379,Adj,1,mineral
8760,co,439,99.379,Noun,1,co
8761,hapsetmek,439,99.379,Adj,1,hapsedilmiş
8762,viper,438,99.379,Noun,1,viper
8763,pavel,438,99.38,Noun,1,pavel
8764,delgado,438,99.38,Noun,1,delgado
8765,roxy,438,99.38,Noun,1,roxy
8766,mendoza,438,99.38,Noun,1,mendoza
8767,tayfa,438,99.381,Noun,1,tayfası
8768,kurulamak,438,99.381,Verb,1,kurula
8769,marquez,438,99.381,Noun,1,marquez
8770,parşömen,438,99.381,Noun,1,parşömen
8771,muhalefet,437,99.382,Noun,1,muhalefet
8772,fayed,437,99.382,Noun,1,fayed
8773,azınlık,437,99.382,Noun,1,azınlık
8774,yamalak,437,99.382,Dup,1,yamalak
8775,hampshire,437,99.383,Noun,1,hampshire
8776,dinar,437,99.383,Noun,1,dinar
8777,albany,437,99.383,Noun,1,albany
8778,shield,437,99.383,Noun,1,shield
8779,ücra,436,99.384,Adj,1,ücra
8780,alıngan,436,99.384,Adj,1,alıngan
8781,lazarus,436,99.384,Noun,1,lazarus
8782,haylaz,436,99.384,Adj,1,haylaz
8783,loomis,436,99.385,Noun,1,loomis
8784,yüzlerce,436,99.385,Noun,1,yüzlercesi
8785,hammer,436,99.385,Noun,1,hammer
8786,thad,436,99.385,Noun,1,thad
8787,roxanne,435,99.386,Noun,1,roxanne
8788,susam,435,99.386,Noun,1,susam
8789,hauser,435,99.386,Noun,1,hauser
8790,kern,435,99.386,Noun,1,kern
8791,thorn,435,99.387,Noun,1,thorn
8792,babe,435,99.387,Noun,1,babe
8793,kobay,435,99.387,Noun,1,kobay
8794,tera,435,99.387,Noun,1,tera
8795,apophis,435,99.388,Noun,1,apophis
8796,briç,435,99.388,Noun,1,briç
8797,mace,435,99.388,Noun,1,mace
8798,vader,435,99.388,Noun,1,vader
8799,hendricks,435,99.389,Noun,1,hendricks
8800,dakik,435,99.389,Adj,1,dakik
8801,acemi,435,99.389,Noun,1,acemiler
8802,omurilik,434,99.389,Noun,1,omurilik
8803,tun,434,99.39,Noun,1,tuna
8804,papi,434,99.39,Noun,1,papi
8805,kefaret,434,99.39,Noun,1,kefaret
8806,hepten,434,99.39,Adv,1,hepten
8807,fat,434,99.391,Noun,1,fat
8808,kil,434,99.391,Noun,1,kil
8809,harrington,434,99.391,Noun,1,harrington
8810,ninni,434,99.391,Interj,1,ninni
8811,ölçmek,433,99.392,Noun,1,ölçmek
8812,markus,433,99.392,Noun,1,markus
8813,brifing,433,99.392,Noun,1,brifing
8814,albuquerque,433,99.392,Noun,1,albuquerque
8815,zümrüt,433,99.393,Adj,1,zümrüt
8816,tricia,433,99.393,Noun,1,tricia
8817,oranlamak,433,99.393,Verb,1,oranla
8818,meyers,432,99.393,Noun,1,meyers
8819,parish,432,99.394,Noun,1,parish
8820,ütü,432,99.394,Noun,1,ütü
8821,itişmek,432,99.394,Verb,1,itiş
8822,bae,432,99.394,Noun,1,bae
8823,willard,432,99.395,Noun,1,willard
8824,allahtan,432,99.395,Adv,1,allahtan
8825,newark,432,99.395,Noun,1,newark
8826,koordine,432,99.395,Adj,1,koordine
8827,zıvana,432,99.396,Noun,1,zıvanadan
8828,strateji,432,99.396,Noun,1,stratejisi
8829,fanatik,432,99.396,Adj,1,fanatik
8830,fielding,432,99.396,Noun,1,fielding
8831,dustin,431,99.397,Noun,1,dustin
8832,pritchard,431,99.397,Noun,1,pritchard
8833,bunalmak,431,99.397,Adj,1,bunaltıcı
8834,connors,431,99.397,Noun,1,connors
8835,annette,431,99.398,Noun,1,annette
8836,forbes,431,99.398,Noun,1,forbes
8837,tadilât,431,99.398,Noun,1,tadilat
8838,gertrude,431,99.398,Noun,1,gertrude
8839,girdap,431,99.399,Noun,1,girdap
8840,ışınlamak,431,99.399,Verb,1,ışınlama
8841,reji,430,99.399,Noun,1,rejim
8842,yapışık,430,99.399,Adj,1,yapışık
8843,brook,430,99.4,Noun,1,brook
8844,flores,430,99.4,Noun,1,flores
8845,linç,430,99.4,Noun,1,linç
8846,buluş,430,99.4,Noun,1,buluşun
8847,arturo,430,99.401,Noun,1,arturo
8848,ortam,430,99.401,Noun,1,ortamında
8849,robby,430,99.401,Noun,1,robby
8850,deanna,430,99.401,Noun,1,deanna
8851,erdem,430,99.402,Noun,1,erdem
8852,barselona,429,99.402,Noun,1,barselona
8853,himmler,429,99.402,Noun,1,himmler
8854,tahsil,429,99.402,Noun,1,tahsil
8855,paydos,429,99.403,Interj,1,paydos
8856,only,429,99.403,Noun,1,only
8857,frobisher,429,99.403,Noun,1,frobisher
8858,yorkshire,429,99.403,Noun,1,yorkshire
8859,ebay,429,99.404,Noun,1,ebay
8860,kei,429,99.404,Noun,1,kei
8861,baler,429,99.404,Noun,1,balerin
8862,istifade,428,99.404,Noun,1,istifade
8863,platin,428,99.405,Noun,1,platin
8864,marko,428,99.405,Noun,1,marko
8865,seramik,428,99.405,Adj,1,seramik
8866,thing,428,99.405,Noun,1,thing
8867,tercihen,428,99.405,Adv,1,tercihen
8868,nero,428,99.406,Noun,1,nero
8869,sarmaşık,428,99.406,Noun,1,sarmaşık
8870,eeee,428,99.406,Noun,1,eeee
8871,mahrem,427,99.406,Adj,1,mahrem
8872,heil,427,99.407,Noun,1,heil
8873,lafayette,427,99.407,Noun,1,lafayette
8874,motorsiklet,427,99.407,Noun,1,motorsiklet
8875,kardasya,427,99.407,Noun,1,kardasya
8876,ferris,427,99.408,Noun,1,ferris
8877,üsteğmen,427,99.408,Noun,1,üsteğmen
8878,teneffüs,427,99.408,Noun,1,teneffüs
8879,oval,427,99.408,Adj,1,oval
8880,yoklamak,427,99.409,Verb,1,yoklama
8881,payne,426,99.409,Noun,1,payne
8882,sıhhiye,426,99.409,Noun,1,sıhhiye
8883,hell,426,99.409,Noun,1,hell
8884,berg,426,99.41,Noun,1,berg
8885,full,426,99.41,Noun,1,full
8886,fiyaka,426,99.41,Adj,1,fiyakalı
8887,hologram,426,99.41,Noun,1,hologram
8888,harmony,426,99.411,Noun,1,harmony
8889,nucky,425,99.411,Noun,1,nucky
8890,wakefield,425,99.411,Noun,1,wakefield
8891,suzuki,425,99.411,Noun,1,suzuki
8892,ihraç,425,99.412,Noun,1,ihraç
8893,schneider,425,99.412,Noun,1,schneider
8894,ernst,425,99.412,Noun,1,ernst
8895,pırlanta,425,99.412,Adj,1,pırlanta
8896,iha,425,99.413,Noun,1,İha
8897,akü,425,99.413,Noun,1,akü
8898,tiny,424,99.413,Noun,1,tiny
8899,rourke,424,99.413,Noun,1,rourke
8900,keaton,424,99.414,Noun,1,keaton
8901,alçakgönüllü,424,99.414,Adj,1,alçakgönüllü
8902,curt,424,99.414,Dup,1,curt
8903,leary,424,99.414,Noun,1,leary
8904,tepetaklak,424,99.415,Adv,1,tepetaklak
8905,snake,424,99.415,Noun,1,snake
8906,kirpi,424,99.415,Noun,1,kirpi
8907,dunbar,424,99.415,Noun,1,dunbar
8908,gözdağı,424,99.416,Noun,1,gözdağı
8909,cabas,423,99.416,Noun,1,cabası
8910,trick,423,99.416,Noun,1,trick
8911,hasret,423,99.416,Noun,1,hasret
8912,bluz,423,99.416,Noun,1,bluz
8913,underwood,423,99.417,Noun,1,underwood
8914,cassius,423,99.417,Noun,1,cassius
8915,ovmak,423,99.417,Verb,1,ov
8916,mueller,423,99.417,Noun,1,mueller
8917,kimura,423,99.418,Noun,1,kimura
8918,sound,423,99.418,Noun,1,sound
8919,mülkiyet,423,99.418,Noun,1,mülkiyet
8920,hancock,423,99.418,Noun,1,hancock
8921,pak,422,99.419,Adj,1,pak
8922,salatalık,422,99.419,Adj,1,salatalık
8923,gandalf,422,99.419,Noun,1,gandalf
8924,levha,422,99.419,Noun,1,levha
8925,francesco,422,99.42,Noun,1,francesco
8926,günışığı,422,99.42,Noun,1,günışığı
8927,willoughby,422,99.42,Noun,1,willoughby
8928,liang,422,99.42,Noun,1,liang
8929,suk,422,99.421,Noun,1,suk
8930,eagle,422,99.421,Noun,1,eagle
8931,pluto,421,99.421,Noun,1,pluto
8932,şen,421,99.421,Adj,1,şen
8933,mors,421,99.422,Noun,1,mors
8934,church,421,99.422,Noun,1,church
8935,minnacık,421,99.422,Adj,1,minnacık
8936,rhode,421,99.422,Noun,1,rhode
8937,glâdyatör,420,99.423,Noun,1,gladyatör
8938,anakin,420,99.423,Noun,1,anakin
8939,travers,420,99.423,Noun,1,travers
8940,adamakıllı,420,99.423,Adv,1,adamakıllı
8941,miki,420,99.424,Noun,1,miki
8942,divxplanet,420,99.424,Noun,1,divxplanet
8943,townsend,420,99.424,Noun,1,townsend
8944,vijay,419,99.424,Noun,1,vijay
8945,romulan,419,99.424,Noun,1,romulan
8946,dönek,419,99.425,Adj,1,dönek
8947,coğrafya,419,99.425,Noun,1,coğrafya
8948,muhafazakâr,419,99.425,Adj,1,muhafazakar
8949,zelda,419,99.425,Noun,1,zelda
8950,elmer,419,99.426,Noun,1,elmer
8951,step,419,99.426,Noun,1,step
8952,altılı,419,99.426,Adj,1,altılı
8953,pot,419,99.426,Noun,1,pot
8954,banner,419,99.427,Noun,1,banner
8955,tempo,419,99.427,Noun,1,tempo
8956,mışıl,419,99.427,Dup,1,mışıl
8957,tk,418,99.427,Noun,1,tk
8958,yamamak,418,99.428,Verb,1,yama
8959,çağrışmak,418,99.428,Verb,1,çağrıştırıyor
8960,chaz,418,99.428,Noun,1,chaz
8961,ferah,418,99.428,Adj,1,ferah
8962,tiz,418,99.429,Adj,1,tiz
8963,araştırman,418,99.429,Noun,1,araştırmanı
8964,anwar,418,99.429,Noun,1,anwar
8965,hidrolik,418,99.429,Adj,1,hidrolik
8966,jolly,418,99.43,Noun,1,jolly
8967,nötron,418,99.43,Noun,1,nötron
8968,abs,418,99.43,Noun,1,abs
8969,tobi,418,99.43,Noun,1,tobin
8970,almeida,417,99.431,Noun,1,almeida
8971,eppes,417,99.431,Noun,1,eppes
8972,mako,417,99.431,Noun,1,mako
8973,mccann,417,99.431,Noun,1,mccann
8974,geordi,417,99.431,Noun,1,geordi
8975,murph,417,99.432,Noun,1,murph
8976,kanarya,417,99.432,Noun,1,kanarya
8977,fire,417,99.432,Adj,1,fire
8978,ravi,417,99.432,Noun,1,ravi
8979,helyum,417,99.433,Noun,1,helyum
8980,brenner,417,99.433,Noun,1,brenner
8981,lösemi,416,99.433,Noun,1,lösemi
8982,osmanlı,416,99.433,Adj,1,osmanlı
8983,gerillâ,416,99.434,Noun,1,gerilla
8984,crow,416,99.434,Noun,1,crow
8985,compton,416,99.434,Noun,1,compton
8986,raquel,416,99.434,Noun,1,raquel
8987,meblâğ,416,99.435,Noun,1,meblağ
8988,klip,416,99.435,Noun,1,klip
8989,marshal,416,99.435,Noun,1,marshal
8990,esirgemek,416,99.435,Verb,1,esirgeme
8991,kenji,415,99.436,Noun,1,kenji
8992,kahn,415,99.436,Noun,1,kahn
8993,gregor,415,99.436,Noun,1,gregor
8994,tabiat,415,99.436,Noun,1,tabiat
8995,swift,415,99.436,Noun,1,swift
8996,keza,415,99.437,Adv,1,keza
8997,shorty,415,99.437,Noun,1,shorty
8998,vs,415,99.437,Noun,1,vs
8999,kundaklamak,414,99.437,Verb,1,kundaklama
9000,ludwig,414,99.438,Noun,1,ludwig
9001,kapoor,414,99.438,Noun,1,kapoor
9002,seinfeld,414,99.438,Noun,1,seinfeld
9003,crusoe,414,99.438,Noun,1,crusoe
9004,augustus,414,99.439,Noun,1,augustus
9005,fairfax,414,99.439,Noun,1,fairfax
9006,muirfield,414,99.439,Noun,1,muirfield
9007,sameer,414,99.439,Noun,1,sameer
9008,hampton,414,99.44,Noun,1,hampton
9009,napoleon,413,99.44,Noun,1,napoleon
9010,scottie,413,99.44,Noun,1,scottie
9011,bufalo,413,99.44,Noun,1,bufalo
9012,altman,413,99.441,Noun,1,altman
9013,steril,413,99.441,Adj,1,steril
9014,sandal,413,99.441,Noun,1,sandal
9015,kökten,413,99.441,Adj,1,kökten
9016,raines,413,99.441,Noun,1,raines
9017,dodd,412,99.442,Noun,1,dodd
9018,cheon,412,99.442,Noun,1,cheon
9019,riggs,412,99.442,Noun,1,riggs
9020,alelâde,412,99.442,Noun,1,alelade
9021,lancaster,412,99.443,Noun,1,lancaster
9022,deep,412,99.443,Noun,1,deep
9023,safkan,412,99.443,Adj,1,safkan
9024,channel,412,99.443,Noun,1,channel
9025,entrika,412,99.444,Noun,1,entrika
9026,müteahhit,412,99.444,Noun,1,müteahhit
9027,facia,412,99.444,Noun,1,facia
9028,fraser,412,99.444,Noun,1,fraser
9029,terra,412,99.445,Noun,1,terra
9030,zambak,412,99.445,Noun,1,zambak
9031,zinde,411,99.445,Adj,1,zinde
9032,clarice,411,99.445,Noun,1,clarice
9033,eisenhower,411,99.446,Noun,1,eisenhower
9034,shake,411,99.446,Noun,1,shake
9035,terlik,411,99.446,Noun,1,terlik
9036,rolling,411,99.446,Noun,1,rolling
9037,hiper,411,99.446,Adj,1,hiper
9038,puck,411,99.447,Noun,1,puck
9039,shell,411,99.447,Noun,1,shell
9040,rolex,411,99.447,Noun,1,rolex
9041,zürafa,411,99.447,Noun,1,zürafa
9042,kapitalist,411,99.448,Noun,1,kapitalist
9043,food,411,99.448,Noun,1,food
9044,tabiiki,411,99.448,Noun,1,tabiiki
9045,fitch,411,99.448,Noun,1,fitch
9046,hortlak,411,99.449,Adj,1,hortlak
9047,meşale,411,99.449,Noun,1,meşale
9048,birdaha,410,99.449,Noun,1,birdaha
9049,juarez,410,99.449,Noun,1,juarez
9050,kamuoyu,410,99.45,Noun,1,kamuoyu
9051,bolivya,410,99.45,Noun,1,bolivya
9052,öğrenim,410,99.45,Noun,1,öğrenim
9053,babaanne,410,99.45,Noun,1,babaanne
9054,tıpa,410,99.45,Noun,1,tıpa
9055,lowe,410,99.451,Noun,1,lowe
9056,jong,410,99.451,Noun,1,jong
9057,gaines,410,99.451,Noun,1,gaines
9058,browning,409,99.451,Noun,1,browning
9059,purcell,409,99.452,Noun,1,purcell
9060,toksikoloji,409,99.452,Noun,1,toksikoloji
9061,boca,409,99.452,Noun,1,boca
9062,nashville,409,99.452,Noun,1,nashville
9063,antony,409,99.453,Noun,1,antony
9064,kâfir,409,99.453,Interj,1,kafir
9065,moğol,409,99.453,Noun,1,moğol
9066,hercule,408,99.453,Noun,1,hercule
9067,saçık,408,99.454,Adj,1,saçık
9068,scanlon,408,99.454,Noun,1,scanlon
9069,carmela,408,99.454,Noun,1,carmela
9070,illegal,408,99.454,Adj,1,illegal
9071,mendez,408,99.454,Noun,1,mendez
9072,oyum,408,99.455,Noun,1,oyumu
9073,tucson,408,99.455,Noun,1,tucson
9074,araf,407,99.455,Noun,1,araf
9075,silvia,407,99.455,Noun,1,silvia
9076,parkinson,407,99.456,Noun,1,parkinson
9077,tahiti,407,99.456,Noun,1,tahiti
9078,diyalog,407,99.456,Noun,1,diyalog
9079,maguire,407,99.456,Noun,1,maguire
9080,davy,407,99.457,Noun,1,davy
9081,alfonso,407,99.457,Noun,1,alfonso
9082,lund,407,99.457,Noun,1,lund
9083,jnrmnt,407,99.457,Noun,1,jnrmnt
9084,quincy,407,99.458,Noun,1,quincy
9085,andreas,407,99.458,Noun,1,andreas
9086,radha,407,99.458,Noun,1,radha
9087,pollock,407,99.458,Noun,1,pollock
9088,franks,407,99.458,Noun,1,franks
9089,hafiften,407,99.459,Adv,1,hafiften
9090,perva,407,99.459,Adj,1,pervasız
9091,ozan,407,99.459,Noun,1,ozan
9092,windsor,406,99.459,Noun,1,windsor
9093,bellamy,406,99.46,Noun,1,bellamy
9094,emilie,406,99.46,Noun,1,emilie
9095,kısık,406,99.46,Adj,1,kısık
9096,algın,406,99.46,Noun,1,algınlığı
9097,solis,406,99.461,Noun,1,solis
9098,navarro,406,99.461,Noun,1,navarro
9099,tully,406,99.461,Noun,1,tully
9100,fildişi,406,99.461,Adj,1,fildişi
9101,dougal,406,99.461,Noun,1,dougal
9102,fast,406,99.462,Noun,1,fast
9103,rudolph,406,99.462,Noun,1,rudolph
9104,juice,405,99.462,Noun,1,juice
9105,korece,405,99.462,Adj,1,korece
9106,shogun,405,99.463,Noun,1,shogun
9107,myrtle,405,99.463,Noun,1,myrtle
9108,montague,405,99.463,Noun,1,montague
9109,varil,405,99.463,Noun,1,varil
9110,vero,405,99.464,Noun,1,verona
9111,smash,405,99.464,Noun,1,smash
9112,marul,405,99.464,Noun,1,marul
9113,gamma,405,99.464,Noun,1,gamma
9114,montaj,405,99.465,Noun,1,montaj
9115,cola,405,99.465,Noun,1,cola
9116,çalkalamak,404,99.465,Verb,1,çalkala
9117,ante,404,99.465,Noun,1,anten
9118,sampson,404,99.465,Noun,1,sampson
9119,kapuçino,404,99.466,Noun,1,kapuçino
9120,kapanık,404,99.466,Adj,1,kapanık
9121,soho,404,99.466,Noun,1,soho
9122,askerî,403,99.466,Noun,1,askeriye
9123,samimiyet,403,99.467,Noun,1,samimiyet
9124,valium,403,99.467,Noun,1,valium
9125,peabody,403,99.467,Noun,1,peabody
9126,braverman,403,99.467,Noun,1,braverman
9127,geum,403,99.468,Noun,1,geum
9128,myung,403,99.468,Noun,1,myung
9129,crown,403,99.468,Noun,1,crown
9130,çarşaflamak,403,99.468,Verb,1,çarşaflar
9131,saber,403,99.468,Noun,1,saber
9132,diplomat,403,99.469,Noun,1,diplomat
9133,kuçu,403,99.469,Dup,1,kuçu
9134,aroma,402,99.469,Adj,1,aromalı
9135,bacı,402,99.469,Noun,1,bacım
9136,baltar,402,99.47,Noun,1,baltar
9137,seamus,402,99.47,Noun,1,seamus
9138,birarada,402,99.47,Adv,1,birarada
9139,scylla,402,99.47,Noun,1,scylla
9140,arkady,402,99.471,Noun,1,arkady
9141,poseidon,402,99.471,Noun,1,poseidon
9142,bulgulamak,402,99.471,Verb,1,bulgular
9143,jumper,401,99.471,Noun,1,jumper
9144,mortimer,401,99.471,Noun,1,mortimer
9145,peralta,401,99.472,Noun,1,peralta
9146,soykırım,401,99.472,Noun,1,soykırım
9147,hamster,401,99.472,Noun,1,hamster
9148,lanie,401,99.472,Noun,1,lanie
9149,kütle,401,99.473,Noun,1,kütlesi
9150,franny,400,99.473,Noun,1,franny
9151,disipline,400,99.473,Adj,1,disipline
9152,francois,400,99.473,Noun,1,francois
9153,döşek,400,99.474,Noun,1,döşeğinde
9154,arya,400,99.474,Noun,1,aryan
9155,costello,400,99.474,Noun,1,costello
9156,glass,400,99.474,Noun,1,glass
9157,köri,400,99.474,Noun,1,köri
9158,dekor,399,99.475,Noun,1,dekor
9159,phelps,399,99.475,Noun,1,phelps
9160,daniska,399,99.475,Noun,1,daniskası
9161,müdahele,399,99.475,Noun,1,müdahele
9162,schultz,399,99.476,Noun,1,schultz
9163,olympia,399,99.476,Noun,1,olympia
9164,pink,399,99.476,Noun,1,pink
9165,mets,399,99.476,Noun,1,mets
9166,altuzay,399,99.477,Noun,1,altuzay
9167,halil,399,99.477,Noun,1,halil
9168,forrester,398,99.477,Noun,1,forrester
9169,ferdinand,398,99.477,Noun,1,ferdinand
9170,peso,398,99.477,Noun,1,peso
9171,sübyan,398,99.478,Noun,1,sübyancı
9172,tac,398,99.478,Noun,1,tac
9173,armando,398,99.478,Noun,1,armando
9174,mahsus,397,99.478,Adj,1,mahsus
9175,chino,397,99.479,Noun,1,chino
9176,karo,397,99.479,Noun,1,karo
9177,bihaber,397,99.479,Adj,1,bihaber
9178,bülbül,397,99.479,Noun,1,bülbül
9179,çuvallamak,397,99.479,Verb,1,çuvalladım
9180,belinda,397,99.48,Noun,1,belinda
9181,tsunami,397,99.48,Noun,1,tsunami
9182,simeon,397,99.48,Noun,1,simeon
9183,farnsworth,397,99.48,Noun,1,farnsworth
9184,fisk,396,99.481,Noun,1,fisk
9185,tech,396,99.481,Noun,1,tech
9186,guthrie,396,99.481,Noun,1,guthrie
9187,dürtü,396,99.481,Noun,1,dürtü
9188,marcello,396,99.482,Noun,1,marcello
9189,goodwin,396,99.482,Noun,1,goodwin
9190,kemp,396,99.482,Noun,1,kemp
9191,brain,396,99.482,Noun,1,brain
9192,çüş,396,99.482,Interj,1,çüş
9193,volvo,395,99.483,Noun,1,volvo
9194,tania,395,99.483,Noun,1,tania
9195,akvaryum,395,99.483,Noun,1,akvaryum
9196,muzdarip,395,99.483,Adj,1,muzdarip
9197,brutus,395,99.484,Noun,1,brutus
9198,hoşgör,395,99.484,Noun,1,hoşgörü
9199,regl,395,99.484,Noun,1,regl
9200,ıkınmak,395,99.484,Verb,1,ıkın
9201,easy,395,99.484,Noun,1,easy
9202,antrenör,395,99.485,Noun,1,antrenör
9203,feminist,394,99.485,Noun,1,feminist
9204,mormon,394,99.485,Noun,1,mormon
9205,sülük,394,99.485,Noun,1,sülük
9206,cbs,394,99.486,Noun,1,cbs
9207,ik,394,99.486,Noun,1,ik
9208,patika,394,99.486,Noun,1,patika
9209,frederic,394,99.486,Noun,1,frederic
9210,burma,394,99.487,Adj,1,burma
9211,karındeşen,393,99.487,Noun,1,karındeşen
9212,ekber,393,99.487,Noun,1,ekber
9213,artistik,393,99.487,Adj,1,artistik
9214,corinne,393,99.487,Noun,1,corinne
9215,ci,393,99.488,Noun,1,ci
9216,gür,393,99.488,Adj,1,gür
9217,ange,393,99.488,Noun,1,ange
9218,marple,393,99.488,Noun,1,marple
9219,horton,393,99.489,Noun,1,horton
9220,android,392,99.489,Noun,1,android
9221,macbeth,392,99.489,Noun,1,macbeth
9222,char,392,99.489,Noun,1,char
9223,fidel,392,99.489,Noun,1,fidel
9224,killian,392,99.49,Noun,1,killian
9225,land,392,99.49,Noun,1,land
9226,fair,392,99.49,Noun,1,fair
9227,dalia,392,99.49,Noun,1,dalia
9228,maket,392,99.491,Noun,1,maket
9229,tarihlemek,392,99.491,Verb,1,tarihler
9230,normandiya,392,99.491,Noun,1,normandiya
9231,vancouver,392,99.491,Noun,1,vancouver
9232,ocean,392,99.491,Noun,1,ocean
9233,cengiz,392,99.492,Noun,1,cengiz
9234,god,391,99.492,Noun,1,god
9235,rowan,391,99.492,Noun,1,rowan
9236,goldie,391,99.492,Noun,1,goldie
9237,atomik,391,99.493,Adj,1,atomik
9238,çello,391,99.493,Noun,1,çello
9239,döşemek,391,99.493,Verb,1,döşeme
9240,kapan,391,99.493,Noun,1,kapanı
9241,laila,391,99.494,Noun,1,laila
9242,ridley,391,99.494,Noun,1,ridley
9243,alphonse,391,99.494,Noun,1,alphonse
9244,fulton,391,99.494,Noun,1,fulton
9245,faz,391,99.494,Noun,1,faz
9246,nasip,390,99.495,Noun,1,nasip
9247,hadis,390,99.495,Noun,1,hadise
9248,mtv,390,99.495,Noun,1,mtv
9249,yelmek,390,99.495,Verb,1,yel
9250,sylvie,390,99.496,Noun,1,sylvie
9251,delaware,390,99.496,Noun,1,delaware
9252,celi,390,99.496,Noun,1,celine
9253,ibranî,390,99.496,Noun,1,İbranice
9254,last,389,99.496,Noun,1,last
9255,kireç,389,99.497,Noun,1,kireç
9256,inşaa,389,99.497,Noun,1,inşaa
9257,kiss,389,99.497,Noun,1,kiss
9258,ros,389,99.497,Noun,1,ros
9259,reality,389,99.498,Noun,1,reality
9260,aloha,389,99.498,Noun,1,aloha
9261,dot,389,99.498,Noun,1,dot
9262,elektroşok,389,99.498,Noun,1,elektroşok
9263,sutter,388,99.498,Noun,1,sutter
9264,zampara,388,99.499,Adj,1,zampara
9265,curly,388,99.499,Noun,1,curly
9266,çavdar,388,99.499,Noun,1,çavdar
9267,sands,388,99.499,Noun,1,sands
9268,yakin,388,99.5,Noun,1,yakin
9269,arkansas,388,99.5,Noun,1,arkansas
9270,münakaşa,388,99.5,Noun,1,münakaşa
9271,tofu,388,99.5,Noun,1,tofu
9272,ness,388,99.5,Noun,1,ness
9273,cereyan,387,99.501,Noun,1,cereyan
9274,asher,387,99.501,Noun,1,asher
9275,davut,387,99.501,Noun,1,davut
9276,katık,387,99.501,Adj,1,katıksız
9277,crixus,387,99.502,Noun,1,crixus
9278,klozet,387,99.502,Noun,1,klozet
9279,birkhoff,387,99.502,Noun,1,birkhoff
9280,lübnan,387,99.502,Noun,1,lübnan
9281,cedric,387,99.502,Noun,1,cedric
9282,tomar,387,99.503,Noun,1,tomar
9283,magnum,387,99.503,Noun,1,magnum
9284,hadley,386,99.503,Noun,1,hadley
9285,spring,386,99.503,Noun,1,spring
9286,kisa,386,99.504,Noun,1,kisa
9287,kaktüs,386,99.504,Noun,1,kaktüs
9288,run,386,99.504,Noun,1,run
9289,mahoney,386,99.504,Noun,1,mahoney
9290,piyanist,386,99.504,Noun,1,piyanist
9291,merlyn,386,99.505,Noun,1,merlyn
9292,gras,386,99.505,Noun,1,gras
9293,ciao,386,99.505,Noun,1,ciao
9294,micky,386,99.505,Noun,1,micky
9295,ellison,385,99.506,Noun,1,ellison
9296,mount,385,99.506,Noun,1,mount
9297,buddha,385,99.506,Noun,1,buddha
9298,mcbride,385,99.506,Noun,1,mcbride
9299,gd,385,99.506,Noun,1,gd
9300,titanyum,385,99.507,Noun,1,titanyum
9301,box,385,99.507,Noun,1,box
9302,jonesy,385,99.507,Noun,1,jonesy
9303,selamün,385,99.507,Noun,1,selamün
9304,kaşmir,385,99.508,Adj,1,kaşmir
9305,senkronize,385,99.508,Noun,1,senkronize
9306,lelouch,385,99.508,Noun,1,lelouch
9307,moreau,385,99.508,Noun,1,moreau
9308,rutherford,384,99.508,Noun,1,rutherford
9309,sparks,384,99.509,Noun,1,sparks
9310,cezbetmek,384,99.509,Adj,1,cezbedici
9311,glory,384,99.509,Noun,1,glory
9312,görünmez,384,99.509,Noun,1,görünmezlik
9313,wilhelm,384,99.51,Noun,1,wilhelm
9314,paragraf,384,99.51,Noun,1,paragraf
9315,joffrey,384,99.51,Noun,1,joffrey
9316,egan,384,99.51,Noun,1,egan
9317,vodka,384,99.51,Noun,1,vodka
9318,denizkızı,384,99.511,Noun,1,denizkızı
9319,alexei,384,99.511,Noun,1,alexei
9320,nitrojen,383,99.511,Noun,1,nitrojen
9321,bali,383,99.511,Noun,1,bali
9322,suçüstü,383,99.512,Adv,1,suçüstü
9323,tahra,383,99.512,Noun,1,tahran
9324,güçlükle,383,99.512,Adv,1,güçlükle
9325,birleşim,383,99.512,Noun,1,birleşimi
9326,room,383,99.512,Noun,1,room
9327,yumru,383,99.513,Adj,1,yumru
9328,yy,383,99.513,Noun,1,yy
9329,lucinda,383,99.513,Noun,1,lucinda
9330,worth,383,99.513,Noun,1,worth
9331,alenen,383,99.513,Adv,1,alenen
9332,pipo,383,99.514,Noun,1,pipo
9333,shinji,382,99.514,Noun,1,shinji
9334,doreen,382,99.514,Noun,1,doreen
9335,trav,382,99.514,Noun,1,trav
9336,prostat,382,99.515,Noun,1,prostat
9337,wickham,382,99.515,Noun,1,wickham
9338,duff,382,99.515,Noun,1,duff
9339,alım,382,99.515,Adj,1,alımlı
9340,zeynep,382,99.515,Noun,1,zeynep
9341,sarkık,382,99.516,Adj,1,sarkık
9342,kruger,382,99.516,Noun,1,kruger
9343,gotik,381,99.516,Noun,1,gotik
9344,vicodin,381,99.516,Noun,1,vicodin
9345,kojiro,381,99.517,Noun,1,kojiro
9346,dalavere,381,99.517,Noun,1,dalavere
9347,protez,381,99.517,Adj,1,protez
9348,civciv,381,99.517,Noun,1,civciv
9349,tefeci,381,99.517,Noun,1,tefeci
9350,ryland,381,99.518,Noun,1,ryland
9351,botanik,381,99.518,Noun,1,botanik
9352,stevenson,380,99.518,Noun,1,stevenson
9353,pelant,380,99.518,Noun,1,pelant
9354,honolulu,380,99.519,Noun,1,honolulu
9355,niagara,380,99.519,Noun,1,niagara
9356,voodoo,380,99.519,Noun,1,voodoo
9357,kasper,380,99.519,Noun,1,kasper
9358,eloise,380,99.519,Noun,1,eloise
9359,savas,380,99.52,Noun,1,savas
9360,french,379,99.52,Noun,1,french
9361,frenlemek,379,99.52,Verb,1,frenler
9362,malloy,379,99.52,Noun,1,malloy
9363,madagaskar,379,99.521,Noun,1,madagaskar
9364,alfabetik,379,99.521,Adj,1,alfabetik
9365,nebze,379,99.521,Noun,1,nebze
9366,asalak,379,99.521,Adj,1,asalak
9367,palace,379,99.521,Noun,1,palace
9368,livia,379,99.522,Noun,1,livia
9369,mcdeere,378,99.522,Noun,1,mcdeere
9370,parmaklamak,378,99.522,Verb,1,parmakla
9371,creed,378,99.522,Noun,1,creed
9372,alyssa,378,99.522,Noun,1,alyssa
9373,lights,378,99.523,Noun,1,lights
9374,leopold,378,99.523,Noun,1,leopold
9375,ciddiyet,378,99.523,Noun,1,ciddiyetini
9376,bodur,378,99.523,Adj,1,bodur
9377,çizelge,378,99.524,Noun,1,çizelgesi
9378,selena,378,99.524,Noun,1,selena
9379,javi,377,99.524,Noun,1,javi
9380,feribot,377,99.524,Noun,1,feribot
9381,hırçın,377,99.524,Adj,1,hırçın
9382,manu,377,99.525,Noun,1,manu
9383,mcnally,377,99.525,Noun,1,mcnally
9384,çömlek,377,99.525,Noun,1,çömlek
9385,khalid,377,99.525,Noun,1,khalid
9386,archibald,376,99.526,Noun,1,archibald
9387,roswell,376,99.526,Noun,1,roswell
9388,kato,376,99.526,Noun,1,kato
9389,otantik,376,99.526,Adj,1,otantik
9390,sağanak,376,99.526,Noun,1,sağanak
9391,leğen,376,99.527,Noun,1,leğen
9392,enstrüman,376,99.527,Noun,1,enstrüman
9393,esinti,376,99.527,Noun,1,esinti
9394,mecburî,376,99.527,Adj,1,mecburi
9395,shrek,376,99.527,Noun,1,shrek
9396,elmacık,376,99.528,Noun,1,elmacık
9397,arif,376,99.528,Adj,1,arif
9398,hitchcock,376,99.528,Noun,1,hitchcock
9399,avm,376,99.528,Noun,1,avm
9400,nicola,376,99.529,Noun,1,nicola
9401,denim,375,99.529,Noun,1,denim
9402,uyluk,375,99.529,Noun,1,uyluk
9403,ahsoka,375,99.529,Noun,1,ahsoka
9404,stand,375,99.529,Noun,1,stand
9405,pala,375,99.53,Noun,1,pala
9406,alçı,375,99.53,Adj,1,alçı
9407,muharebe,375,99.53,Noun,1,muharebe
9408,niko,375,99.53,Noun,1,niko
9409,verde,375,99.53,Noun,1,verde
9410,morning,374,99.531,Noun,1,morning
9411,jeju,374,99.531,Noun,1,jeju
9412,sheriff,374,99.531,Noun,1,sheriff
9413,something,374,99.531,Noun,1,something
9414,şarlatan,374,99.532,Noun,1,şarlatan
9415,şam,374,99.532,Noun,1,şam
9416,carr,374,99.532,Noun,1,carr
9417,mandela,374,99.532,Noun,1,mandela
9418,hutch,374,99.532,Noun,1,hutch
9419,mystic,374,99.533,Noun,1,mystic
9420,zırvalamak,374,99.533,Noun,1,zırvalamayı
9421,schwartz,374,99.533,Noun,1,schwartz
9422,patti,374,99.533,Noun,1,patti
9423,sualtı,374,99.533,Noun,1,sualtı
9424,ziyan,374,99.534,Noun,1,ziyanı
9425,hayvanî,373,99.534,Noun,1,hayvani
9426,potts,373,99.534,Noun,1,potts
9427,vasquez,373,99.534,Noun,1,vasquez
9428,nikotin,373,99.535,Noun,1,nikotin
9429,sözlük,373,99.535,Noun,1,sözlük
9430,kwan,373,99.535,Noun,1,kwan
9431,branch,373,99.535,Noun,1,branch
9432,holloway,373,99.535,Noun,1,holloway
9433,kıymık,373,99.536,Noun,1,kıymık
9434,bozuntu,373,99.536,Noun,1,bozuntusu
9435,give,373,99.536,Noun,1,give
9436,eagles,373,99.536,Noun,1,eagles
9437,çöküşmek,373,99.536,Verb,1,çöküş
9438,titrek,373,99.537,Adj,1,titrek
9439,hut,372,99.537,Noun,1,hut
9440,bedford,372,99.537,Noun,1,bedford
9441,kısalmak,372,99.537,Noun,1,kısaltması
9442,guinevere,372,99.538,Noun,1,guinevere
9443,ağırlamak,372,99.538,Noun,1,ağırlamak
9444,göstermelik,372,99.538,Adj,1,göstermelik
9445,put,372,99.538,Noun,1,put
9446,string,372,99.538,Noun,1,string
9447,abbs,372,99.539,Noun,1,abbs
9448,nafile,372,99.539,Adv,1,nafile
9449,clancy,372,99.539,Noun,1,clancy
9450,winslow,372,99.539,Noun,1,winslow
9451,kali,372,99.539,Noun,1,kali
9452,muhtar,371,99.54,Adj,1,muhtar
9453,gage,371,99.54,Noun,1,gage
9454,çeşme,371,99.54,Noun,1,çeşme
9455,mcguire,371,99.54,Noun,1,mcguire
9456,frankfurt,371,99.541,Noun,1,frankfurt
9457,mantarlamak,371,99.541,Verb,1,mantarlar
9458,pulitzer,371,99.541,Noun,1,pulitzer
9459,candice,371,99.541,Noun,1,candice
9460,fâni,371,99.541,Adj,1,fani
9461,boss,371,99.542,Noun,1,boss
9462,frazier,371,99.542,Noun,1,frazier
9463,çıkarcı,371,99.542,Adj,1,çıkarcı
9464,çömez,371,99.542,Noun,1,çömez
9465,monsenyör,371,99.542,Noun,1,monsenyör
9466,heinrich,371,99.543,Noun,1,heinrich
9467,group,371,99.543,Noun,1,group
9468,tıklım,371,99.543,Dup,1,tıklım
9469,scotland,370,99.543,Noun,1,scotland
9470,vivien,370,99.544,Noun,1,vivien
9471,zhou,370,99.544,Noun,1,zhou
9472,alonzo,370,99.544,Noun,1,alonzo
9473,münazara,370,99.544,Noun,1,münazara
9474,mathias,370,99.544,Noun,1,mathias
9475,başbelası,370,99.545,Adj,1,başbelası
9476,recep,370,99.545,Noun,1,recep
9477,nadide,370,99.545,Adj,1,nadide
9478,testis,370,99.545,Noun,1,testis
9479,five,370,99.545,Noun,1,five
9480,garry,370,99.546,Noun,1,garry
9481,brokoli,370,99.546,Noun,1,brokoli
9482,barnett,370,99.546,Noun,1,barnett
9483,live,370,99.546,Noun,1,live
9484,şaban,370,99.547,Noun,1,şaban
9485,beat,370,99.547,Noun,1,beat
9486,ispiyon,370,99.547,Noun,1,ispiyoncu
9487,gaston,370,99.547,Noun,1,gaston
9488,minnie,370,99.547,Noun,1,minnie
9489,joaquin,369,99.548,Noun,1,joaquin
9490,lukas,369,99.548,Noun,1,lukas
9491,tinker,369,99.548,Noun,1,tinker
9492,dolambaç,369,99.548,Adj,1,dolambaçlı
9493,dominique,369,99.548,Noun,1,dominique
9494,trina,369,99.549,Noun,1,trina
9495,bloody,369,99.549,Noun,1,bloody
9496,sırasıyla,369,99.549,Adv,1,sırasıyla
9497,sushi,369,99.549,Noun,1,sushi
9498,cebin,369,99.549,Noun,1,cebini
9499,cornelia,368,99.55,Noun,1,cornelia
9500,notre,368,99.55,Noun,1,notre
9501,evvet,368,99.55,Noun,1,evvet
9502,water,368,99.55,Noun,1,water
9503,sâri,368,99.551,Adj,1,sari
9504,fantazi,368,99.551,Noun,1,fantazi
9505,jacky,368,99.551,Noun,1,jacky
9506,ca,368,99.551,Noun,1,ca
9507,dolar,368,99.551,Noun,1,dolarlar
9508,ortiz,368,99.552,Noun,1,ortiz
9509,defiance,368,99.552,Noun,1,defiance
9510,ortadoğu,368,99.552,Noun,1,ortadoğu
9511,bende,368,99.552,Noun,1,bendeniz
9512,rambo,368,99.552,Noun,1,rambo
9513,branson,368,99.553,Noun,1,branson
9514,misa,368,99.553,Noun,1,misa
9515,cold,367,99.553,Noun,1,cold
9516,trisha,367,99.553,Noun,1,trisha
9517,muhalif,367,99.553,Adj,1,muhalif
9518,prodüksiyon,367,99.554,Noun,1,prodüksiyon
9519,yavan,367,99.554,Adj,1,yavan
9520,artemis,367,99.554,Noun,1,artemis
9521,bitişik,367,99.554,Adj,1,bitişik
9522,kanca,367,99.555,Noun,1,kancayı
9523,zımba,366,99.555,Noun,1,zımba
9524,today,366,99.555,Noun,1,today
9525,ahit,366,99.555,Noun,1,ahit
9526,balmumu,366,99.555,Noun,1,balmumu
9527,sami,366,99.556,Adj,1,sami
9528,moby,366,99.556,Noun,1,moby
9529,ceyla,366,99.556,Noun,1,ceylan
9530,stack,366,99.556,Noun,1,stack
9531,telâşlanmak,366,99.556,Verb,1,telaşlanma
9532,sons,365,99.557,Noun,1,sons
9533,orpheus,365,99.557,Noun,1,orpheus
9534,augustin,365,99.557,Noun,1,augustine
9535,strike,365,99.557,Noun,1,strike
9536,blunt,365,99.557,Noun,1,blunt
9537,hardman,365,99.558,Noun,1,hardman
9538,mozzie,365,99.558,Noun,1,mozzie
9539,farmer,365,99.558,Noun,1,farmer
9540,suv,364,99.558,Noun,1,suv
9541,tamirat,364,99.559,Noun,1,tamirat
9542,tariq,364,99.559,Noun,1,tariq
9543,gyu,364,99.559,Noun,1,gyu
9544,ö,364,99.559,Noun,1,ö
9545,düşlemek,364,99.559,Verb,1,düşler
9546,fallon,364,99.56,Noun,1,fallon
9547,prometheus,364,99.56,Noun,1,prometheus
9548,ruble,364,99.56,Noun,1,ruble
9549,paslanmak,363,99.56,Adj,1,paslanmış
9550,dent,363,99.56,Noun,1,dent
9551,avare,363,99.561,Adj,1,avare
9552,otoriter,363,99.561,Adj,1,otoriter
9553,givens,363,99.561,Noun,1,givens
9554,watkins,363,99.561,Noun,1,watkins
9555,grande,363,99.561,Noun,1,grande
9556,navigasyon,363,99.562,Noun,1,navigasyon
9557,hello,363,99.562,Noun,1,hello
9558,danimarkalı,363,99.562,Noun,1,danimarkalı
9559,süveter,363,99.562,Noun,1,süveter
9560,barones,363,99.563,Noun,1,barones
9561,vahiy,363,99.563,Noun,1,vahiy
9562,saxo,363,99.563,Noun,1,saxon
9563,abbas,363,99.563,Noun,1,abbas
9564,kurman,363,99.563,Noun,1,kurmanın
9565,yugoslavya,363,99.564,Noun,1,yugoslavya
9566,kriminal,363,99.564,Noun,1,kriminal
9567,evre,362,99.564,Noun,1,evre
9568,ole,362,99.564,Interj,1,ole
9569,buru,362,99.564,Noun,1,buruna
9570,avalon,362,99.565,Noun,1,avalon
9571,kocakarı,362,99.565,Noun,1,kocakarı
9572,tıkılı,362,99.565,Adj,1,tıkılı
9573,hotchner,362,99.565,Noun,1,hotchner
9574,lavanta,362,99.565,Noun,1,lavanta
9575,kebap,362,99.566,Adj,1,kebap
9576,patrice,362,99.566,Noun,1,patrice
9577,austen,362,99.566,Noun,1,austen
9578,materyal,361,99.566,Noun,1,materyal
9579,bjorn,361,99.566,Noun,1,bjorn
9580,cumhurbaşkanı,361,99.567,Noun,1,cumhurbaşkanı
9581,cık,361,99.567,Interj,1,cık
9582,devil,361,99.567,Noun,1,devil
9583,terhis,361,99.567,Noun,1,terhis
9584,fergus,361,99.568,Noun,1,fergus
9585,eastwood,361,99.568,Noun,1,eastwood
9586,pelt,361,99.568,Noun,1,pelt
9587,buket,361,99.568,Noun,1,buket
9588,rockefeller,361,99.568,Noun,1,rockefeller
9589,bülent,361,99.569,Noun,1,bülent
9590,rizzo,360,99.569,Noun,1,rizzo
9591,elektriklemek,360,99.569,Verb,1,elektrikle
9592,hartley,360,99.569,Noun,1,hartley
9593,chrissy,360,99.569,Noun,1,chrissy
9594,beowulf,360,99.57,Noun,1,beowulf
9595,keten,360,99.57,Adj,1,keten
9596,stafford,360,99.57,Noun,1,stafford
9597,anatomi,360,99.57,Noun,1,anatomi
9598,asfalt,360,99.57,Adj,1,asfalt
9599,mahçup,360,99.571,Adj,1,mahçup
9600,ritz,360,99.571,Noun,1,ritz
9601,pısırık,360,99.571,Adj,1,pısırık
9602,ophelia,360,99.571,Noun,1,ophelia
9603,entellektüel,360,99.571,Adj,1,entellektüel
9604,rosario,360,99.572,Noun,1,rosario
9605,malezya,359,99.572,Noun,1,malezya
9606,astronomi,359,99.572,Noun,1,astronomi
9607,hwa,359,99.572,Noun,1,hwa
9608,fleur,359,99.572,Noun,1,fleur
9609,histerik,359,99.573,Adj,1,histerik
9610,eşofman,359,99.573,Noun,1,eşofman
9611,küreklemek,359,99.573,Verb,1,kürekle
9612,milis,359,99.573,Noun,1,milis
9613,kovac,359,99.574,Noun,1,kovac
9614,thom,359,99.574,Noun,1,thom
9615,feel,359,99.574,Noun,1,feel
9616,shore,359,99.574,Noun,1,shore
9617,tobey,359,99.574,Noun,1,tobey
9618,eşdeğer,359,99.575,Adj,1,eşdeğer
9619,atasözü,359,99.575,Noun,1,atasözü
9620,dirilmek,359,99.575,Noun,1,diriliş
9621,kolluk,359,99.575,Noun,1,kolluk
9622,roderick,358,99.575,Noun,1,roderick
9623,mckenzie,358,99.576,Noun,1,mckenzie
9624,berman,358,99.576,Noun,1,berman
9625,sea,358,99.576,Noun,1,sea
9626,azami,358,99.576,Adj,1,azami
9627,stones,358,99.576,Noun,1,stones
9628,tıkalı,358,99.577,Adj,1,tıkalı
9629,küs,358,99.577,Adj,1,küs
9630,gustavo,358,99.577,Noun,1,gustavo
9631,kalamar,358,99.577,Noun,1,kalamar
9632,dinah,358,99.577,Noun,1,dinah
9633,kıvır,357,99.578,Dup,1,kıvır
9634,hooper,357,99.578,Noun,1,hooper
9635,pagan,357,99.578,Adj,1,pagan
9636,restore,357,99.578,Adj,1,restore
9637,refleks,357,99.578,Noun,1,refleks
9638,geller,357,99.579,Noun,1,geller
9639,essex,357,99.579,Noun,1,essex
9640,blanc,357,99.579,Noun,1,blanca
9641,dikiz,357,99.579,Noun,1,dikiz
9642,tenha,357,99.579,Adj,1,tenha
9643,janus,357,99.58,Noun,1,janus
9644,clooney,357,99.58,Noun,1,clooney
9645,ecstasy,357,99.58,Noun,1,ecstasy
9646,sanjay,356,99.58,Noun,1,sanjay
9647,onizuka,356,99.58,Noun,1,onizuka
9648,adlanmak,356,99.581,Adj,1,adlandırılan
9649,kartopu,356,99.581,Adj,1,kartopu
9650,hilâl,356,99.581,Noun,1,hilal
9651,toothless,356,99.581,Noun,1,toothless
9652,ashton,356,99.582,Noun,1,ashton
9653,mardi,356,99.582,Noun,1,mardi
9654,zarafet,356,99.582,Noun,1,zarafet
9655,bej,356,99.582,Adj,1,bej
9656,matador,356,99.582,Noun,1,matador
9657,hâkî,356,99.583,Noun,1,hakime
9658,müdahil,356,99.583,Adj,1,müdahil
9659,pankreas,356,99.583,Noun,1,pankreas
9660,jabbar,356,99.583,Noun,1,jabbar
9661,zulu,356,99.583,Noun,1,zulu
9662,ödenek,356,99.584,Noun,1,ödenek
9663,chicken,355,99.584,Noun,1,chicken
9664,again,355,99.584,Noun,1,again
9665,jakob,355,99.584,Noun,1,jakob
9666,boxer,355,99.584,Noun,1,boxer
9667,better,355,99.585,Noun,1,better
9668,downton,355,99.585,Noun,1,downton
9669,sur,355,99.585,Noun,1,sur
9670,ironi,355,99.585,Noun,1,ironi
9671,rachael,355,99.585,Noun,1,rachael
9672,buick,355,99.586,Noun,1,buick
9673,maude,354,99.586,Noun,1,maude
9674,cezai,354,99.586,Adj,1,cezai
9675,thames,354,99.586,Noun,1,thames
9676,pippa,354,99.586,Noun,1,pippa
9677,jupiter,354,99.587,Noun,1,jupiter
9678,every,354,99.587,Noun,1,every
9679,namaste,354,99.587,Noun,1,namaste
9680,balboa,354,99.587,Noun,1,balboa
9681,smaç,354,99.587,Noun,1,smaç
9682,abc,354,99.588,Noun,1,abc
9683,tazı,353,99.588,Noun,1,tazı
9684,herrmann,353,99.588,Noun,1,herrmann
9685,hoon,353,99.588,Noun,1,hoon
9686,yvette,353,99.588,Noun,1,yvette
9687,thai,353,99.589,Noun,1,thai
9688,macdonald,353,99.589,Noun,1,macdonald
9689,rudi,353,99.589,Noun,1,rudi
9690,muhallebi,353,99.589,Noun,1,muhallebi
9691,çöpçü,353,99.589,Noun,1,çöpçü
9692,muzaffer,352,99.59,Adj,1,muzaffer
9693,massey,352,99.59,Noun,1,massey
9694,forest,352,99.59,Noun,1,forest
9695,oruç,352,99.59,Noun,1,oruç
9696,zifir,352,99.59,Noun,1,zifiri
9697,woodhouse,352,99.591,Noun,1,woodhouse
9698,patırtı,352,99.591,Noun,1,patırtı
9699,talia,352,99.591,Noun,1,talia
9700,mutabakat,352,99.591,Noun,1,mutabakat
9701,patel,351,99.591,Noun,1,patel
9702,müzayede,351,99.592,Noun,1,müzayede
9703,takashi,351,99.592,Noun,1,takashi
9704,nami,351,99.592,Noun,1,nami
9705,incinmek,351,99.592,Adj,1,incinmiş
9706,keating,351,99.592,Noun,1,keating
9707,haftason,351,99.593,Noun,1,haftasonları
9708,hayalperest,351,99.593,Adj,1,hayalperest
9709,edmond,351,99.593,Noun,1,edmond
9710,dayanışmak,351,99.593,Verb,1,dayanışma
9711,pole,351,99.594,Noun,1,polen
9712,bulls,351,99.594,Noun,1,bulls
9713,pony,351,99.594,Noun,1,pony
9714,kings,351,99.594,Noun,1,kings
9715,melbourne,351,99.594,Noun,1,melbourne
9716,hobbes,350,99.595,Noun,1,hobbes
9717,claudio,350,99.595,Noun,1,claudio
9718,süregelmek,350,99.595,Adj,1,süregelen
9719,kamboçya,350,99.595,Noun,1,kamboçya
9720,flo,350,99.595,Noun,1,flo
9721,sütun,350,99.596,Noun,1,sütun
9722,carlotta,350,99.596,Noun,1,carlotta
9723,şaşı,350,99.596,Adj,1,şaşı
9724,yav,350,99.596,Noun,1,yav
9725,dai,350,99.596,Noun,1,dai
9726,natsu,350,99.597,Noun,1,natsu
9727,guguk,350,99.597,Noun,1,guguk
9728,giants,350,99.597,Noun,1,giants
9729,spider,350,99.597,Noun,1,spider
9730,gucci,350,99.597,Noun,1,gucci
9731,olivier,350,99.598,Noun,1,olivier
9732,epinefrin,350,99.598,Noun,1,epinefrin
9733,dörtlük,350,99.598,Adj,1,dörtlük
9734,fent,350,99.598,Noun,1,fendi
9735,aksa,350,99.598,Noun,1,aksanın
9736,hendek,350,99.599,Noun,1,hendek
9737,iğnelemek,349,99.599,Verb,1,iğneler
9738,nijerya,349,99.599,Noun,1,nijerya
9739,beyhude,349,99.599,Adj,1,beyhude
9740,envanter,349,99.599,Noun,1,envanter
9741,haciz,349,99.6,Noun,1,haciz
9742,clouseau,349,99.6,Noun,1,clouseau
9743,trompet,349,99.6,Noun,1,trompet
9744,megatron,349,99.6,Noun,1,megatron
9745,silva,349,99.6,Noun,1,silva
9746,meera,349,99.601,Noun,1,meera
9747,tavus,349,99.601,Noun,1,tavus
9748,funk,349,99.601,Noun,1,funk
9749,margie,349,99.601,Noun,1,margie
9750,amar,349,99.601,Noun,1,amar
9751,plato,349,99.602,Noun,1,plato
9752,kuyumcu,349,99.602,Noun,1,kuyumcu
9753,grantham,348,99.602,Noun,1,grantham
9754,vezir,348,99.602,Noun,1,vezir
9755,sage,348,99.602,Noun,1,sage
9756,sensen,348,99.603,Noun,1,sensen
9757,taggart,348,99.603,Noun,1,taggart
9758,alcatraz,348,99.603,Noun,1,alcatraz
9759,kıymak,348,99.603,Verb,1,kıyma
9760,bertram,347,99.603,Noun,1,bertram
9761,somali,347,99.604,Noun,1,somali
9762,media,347,99.604,Noun,1,media
9763,naina,347,99.604,Noun,1,naina
9764,springer,347,99.604,Noun,1,springer
9765,sforza,347,99.604,Noun,1,sforza
9766,olson,347,99.605,Noun,1,olson
9767,batiatus,347,99.605,Noun,1,batiatus
9768,vıcık,347,99.605,Adj,1,vıcık
9769,lutz,347,99.605,Noun,1,lutz
9770,kakashi,347,99.605,Noun,1,kakashi
9771,kocaayak,347,99.606,Noun,1,kocaayak
9772,darth,347,99.606,Noun,1,darth
9773,meyal,347,99.606,Dup,1,meyal
9774,challenger,346,99.606,Noun,1,challenger
9775,hawkes,346,99.606,Noun,1,hawkes
9776,rhea,346,99.607,Noun,1,rhea
9777,dover,346,99.607,Noun,1,dover
9778,haddie,346,99.607,Noun,1,haddie
9779,görece,346,99.607,Adj,1,göreceli
9780,cardiff,346,99.607,Noun,1,cardiff
9781,kategori,346,99.608,Noun,1,kategori
9782,lindy,346,99.608,Noun,1,lindy
9783,billings,346,99.608,Noun,1,billings
9784,üzümlü,346,99.608,Noun,1,üzümlü
9785,angelus,346,99.608,Noun,1,angelus
9786,redding,346,99.609,Noun,1,redding
9787,basmakalıp,346,99.609,Adv,1,basmakalıp
9788,marv,346,99.609,Noun,1,marv
9789,galib,346,99.609,Noun,1,galibi
9790,anastasia,346,99.609,Noun,1,anastasia
9791,babylon,346,99.61,Noun,1,babylon
9792,thierry,346,99.61,Noun,1,thierry
9793,siegel,345,99.61,Noun,1,siegel
9794,atticus,345,99.61,Noun,1,atticus
9795,connelly,345,99.61,Noun,1,connelly
9796,simgelemek,345,99.611,Verb,1,simgeliyor
9797,yatman,345,99.611,Noun,1,yatman
9798,hantal,345,99.611,Adj,1,hantal
9799,ciro,345,99.611,Noun,1,ciro
9800,brand,345,99.611,Noun,1,brand
9801,böğürtlen,345,99.612,Noun,1,böğürtlen
9802,lenf,345,99.612,Noun,1,lenf
9803,hangar,345,99.612,Noun,1,hangar
9804,ikaz,345,99.612,Noun,1,ikaz
9805,keiko,345,99.612,Noun,1,keiko
9806,belgrad,345,99.612,Noun,1,belgrad
9807,heybet,345,99.613,Adj,1,heybetli
9808,optimus,345,99.613,Noun,1,optimus
9809,viola,345,99.613,Noun,1,viola
9810,wilkins,345,99.613,Noun,1,wilkins
9811,şamata,344,99.613,Noun,1,şamata
9812,raptor,344,99.614,Noun,1,raptor
9813,zola,344,99.614,Noun,1,zola
9814,gandi,344,99.614,Noun,1,gandi
9815,cloud,344,99.614,Noun,1,cloud
9816,helga,344,99.614,Noun,1,helga
9817,fenton,344,99.615,Noun,1,fenton
9818,fizikî,344,99.615,Noun,1,fiziki
9819,etraflı,344,99.615,Adv,1,etraflıca
9820,gate,344,99.615,Noun,1,gate
9821,yanılsama,344,99.615,Noun,1,yanılsama
9822,kiram,344,99.616,Noun,1,kiramı
9823,nyborg,344,99.616,Noun,1,nyborg
9824,stay,344,99.616,Noun,1,stay
9825,marry,344,99.616,Noun,1,marry
9826,eyre,344,99.616,Noun,1,eyre
9827,guantanamo,344,99.617,Noun,1,guantanamo
9828,modül,344,99.617,Noun,1,modülü
9829,oslo,343,99.617,Noun,1,oslo
9830,kaufman,343,99.617,Noun,1,kaufman
9831,tebeşir,343,99.617,Noun,1,tebeşir
9832,afer,343,99.618,Noun,1,aferim
9833,greenwich,343,99.618,Noun,1,greenwich
9834,tasfiye,343,99.618,Noun,1,tasfiye
9835,eğik,343,99.618,Adj,1,eğik
9836,bieber,343,99.618,Noun,1,bieber
9837,neon,343,99.619,Noun,1,neon
9838,goldberg,343,99.619,Noun,1,goldberg
9839,spekülâsyon,343,99.619,Noun,1,spekülasyon
9840,kopuk,343,99.619,Adj,1,kopuk
9841,caiz,343,99.619,Verb,1,caizse
9842,jimmie,343,99.62,Noun,1,jimmie
9843,hoop,343,99.62,Noun,1,hoop
9844,portia,343,99.62,Noun,1,portia
9845,hilekâr,343,99.62,Adj,1,hilekar
9846,kurcalamak,342,99.62,Adj,1,kurcalayan
9847,sparta,342,99.621,Noun,1,sparta
9848,raina,342,99.621,Noun,1,raina
9849,bişi,342,99.621,Noun,1,bişi
9850,blackie,342,99.621,Noun,1,blackie
9851,gonzales,342,99.621,Noun,1,gonzales
9852,turna,342,99.622,Noun,1,turnayı
9853,sistematik,342,99.622,Adj,1,sistematik
9854,göktaşı,342,99.622,Noun,1,göktaşı
9855,guatemalâ,342,99.622,Noun,1,guatemala
9856,saksafon,342,99.622,Noun,1,saksafon
9857,shui,342,99.623,Noun,1,shui
9858,sanderson,342,99.623,Noun,1,sanderson
9859,bilimadamı,341,99.623,Noun,1,bilimadamı
9860,aldo,341,99.623,Noun,1,aldo
9861,canyon,341,99.623,Noun,1,canyon
9862,ehil,341,99.624,Noun,1,ehli
9863,farley,341,99.624,Noun,1,farley
9864,aperatif,341,99.624,Noun,1,aperatif
9865,aisha,341,99.624,Noun,1,aisha
9866,alistair,341,99.624,Noun,1,alistair
9867,sömestr,341,99.625,Noun,1,sömestr
9868,okinawa,341,99.625,Noun,1,okinawa
9869,fısıltı,340,99.625,Noun,1,fısıltı
9870,iskambil,340,99.625,Noun,1,iskambil
9871,valentina,340,99.625,Noun,1,valentina
9872,nascar,340,99.625,Noun,1,nascar
9873,ekvator,340,99.626,Noun,1,ekvator
9874,inziva,340,99.626,Noun,1,inzivaya
9875,cummings,340,99.626,Noun,1,cummings
9876,metamfetamin,340,99.626,Noun,1,metamfetamin
9877,aylin,340,99.626,Noun,1,aylin
9878,sunshine,340,99.627,Noun,1,sunshine
9879,hai,340,99.627,Noun,1,hai
9880,corrine,340,99.627,Noun,1,corrine
9881,avi,340,99.627,Noun,1,avi
9882,made,340,99.627,Noun,1,made
9883,alelacele,340,99.628,Adv,1,alelacele
9884,kaygılanmak,340,99.628,Verb,1,kaygılanma
9885,bilinçaltı,340,99.628,Noun,1,bilinçaltı
9886,avanak,340,99.628,Adj,1,avanak
9887,eşkıya,340,99.628,Noun,1,eşkıya
9888,arlington,339,99.629,Noun,1,arlington
9889,pro,339,99.629,Noun,1,pro
9890,anarşi,339,99.629,Noun,1,anarşi
9891,alden,339,99.629,Noun,1,alden
9892,etienne,339,99.629,Noun,1,etienne
9893,mitsuko,339,99.63,Noun,1,mitsuko
9894,nestor,339,99.63,Noun,1,nestor
9895,ct,339,99.63,Noun,1,ct
9896,prada,339,99.63,Noun,1,prada
9897,muhatap,338,99.63,Noun,1,muhatap
9898,şakadan,338,99.631,Adv,1,şakadan
9899,meadow,338,99.631,Noun,1,meadow
9900,rangers,338,99.631,Noun,1,rangers
9901,shil,338,99.631,Noun,1,shil
9902,yanya,338,99.631,Noun,1,yanyana
9903,nietzsche,338,99.632,Noun,1,nietzsche
9904,moose,338,99.632,Noun,1,moose
9905,rembrandt,338,99.632,Noun,1,rembrandt
9906,seyrek,338,99.632,Adv,1,seyrek
9907,seal,338,99.632,Noun,1,seal
9908,asimile,338,99.633,Adj,1,asimile
9909,yürürlük,338,99.633,Noun,1,yürürlüğe
9910,tonight,337,99.633,Noun,1,tonight
9911,karalamak,337,99.633,Verb,1,karalama
9912,iğrenmek,337,99.633,Verb,1,iğreniyorum
9913,metot,337,99.633,Noun,1,metodu
9914,cornelius,337,99.634,Noun,1,cornelius
9915,frida,337,99.634,Noun,1,frida
9916,afro,337,99.634,Noun,1,afro
9917,pepsi,337,99.634,Noun,1,pepsi
9918,hassasiyet,337,99.634,Noun,1,hassasiyet
9919,grönland,337,99.635,Noun,1,grönland
9920,muller,337,99.635,Noun,1,muller
9921,corky,337,99.635,Noun,1,corky
9922,castiel,337,99.635,Noun,1,castiel
9923,senfoni,337,99.635,Noun,1,senfoni
9924,soren,337,99.636,Noun,1,soren
9925,buyruk,336,99.636,Noun,1,buyruk
9926,ateist,336,99.636,Adj,1,ateist
9927,antonia,336,99.636,Noun,1,antonia
9928,darrell,336,99.636,Noun,1,darrell
9929,mccain,336,99.637,Noun,1,mccain
9930,takeda,335,99.637,Noun,1,takeda
9931,doyurmak,335,99.637,Noun,1,doyurmak
9932,fak,335,99.637,Noun,1,faka
9933,troi,335,99.637,Noun,1,troi
9934,fizyolojik,335,99.638,Adj,1,fizyolojik
9935,seven,335,99.638,Noun,1,sevenler
9936,dolgu,335,99.638,Noun,1,dolgu
9937,buruşuk,335,99.638,Adj,1,buruşuk
9938,akustik,335,99.638,Noun,1,akustik
9939,herald,335,99.639,Noun,1,herald
9940,çünki,335,99.639,Conj,1,çünki
9941,harker,335,99.639,Noun,1,harker
9942,fabia,335,99.639,Noun,1,fabian
9943,heaven,335,99.639,Noun,1,heaven
9944,çığ,335,99.639,Noun,1,çığ
9945,lab,335,99.64,Noun,1,lab
9946,garibaldi,335,99.64,Noun,1,garibaldi
9947,şölen,335,99.64,Noun,1,şölen
9948,dickinson,334,99.64,Noun,1,dickinson
9949,olaf,334,99.64,Noun,1,olaf
9950,aviv,334,99.641,Noun,1,aviv
9951,pilates,334,99.641,Noun,1,pilates
9952,metalik,334,99.641,Adj,1,metalik
9953,nathalie,334,99.641,Noun,1,nathalie
9954,hürmet,334,99.641,Noun,1,hürmet
9955,around,334,99.642,Noun,1,around
9956,unni,334,99.642,Noun,1,unni
9957,risa,334,99.642,Noun,1,risa
9958,ensest,334,99.642,Noun,1,ensest
9959,amonyak,334,99.642,Noun,1,amonyak
9960,müsabaka,334,99.643,Noun,1,müsabaka
9961,ağırbaşlı,334,99.643,Adj,1,ağırbaşlı
9962,tütsü,334,99.643,Noun,1,tütsü
9963,bürokratik,334,99.643,Adj,1,bürokratik
9964,özgüven,333,99.643,Noun,1,özgüven
9965,seferber,333,99.644,Adj,1,seferber
9966,barnaby,333,99.644,Noun,1,barnaby
9967,torpil,333,99.644,Noun,1,torpil
9968,bertrand,333,99.644,Noun,1,bertrand
9969,saten,333,99.644,Adj,1,saten
9970,colette,333,99.644,Noun,1,colette
9971,piercing,333,99.645,Noun,1,piercing
9972,delphi,333,99.645,Noun,1,delphine
9973,düğüm,333,99.645,Noun,1,düğümü
9974,juno,333,99.645,Noun,1,juno
9975,vazgeçirmek,332,99.645,Verb,1,vazgeçirmeye
9976,greyfurt,332,99.646,Noun,1,greyfurt
9977,müdire,332,99.646,Noun,1,müdire
9978,valentino,332,99.646,Noun,1,valentino
9979,sıklet,332,99.646,Noun,1,sıklet
9980,yerleşik,332,99.646,Adj,1,yerleşik
9981,chilton,332,99.647,Noun,1,chilton
9982,turizm,332,99.647,Noun,1,turizm
9983,moreno,332,99.647,Noun,1,moreno
9984,demo,332,99.647,Noun,1,demo
9985,incir,332,99.647,Noun,1,incir
9986,medici,332,99.648,Noun,1,medici
9987,manav,332,99.648,Noun,1,manav
9988,kaval,332,99.648,Noun,1,kaval
9989,esmeral,332,99.648,Noun,1,esmeralda
9990,halley,332,99.648,Noun,1,halley
9991,hack,331,99.648,Noun,1,hack
9992,stef,331,99.649,Noun,1,stef
9993,feryat,331,99.649,Noun,1,feryat
9994,johns,331,99.649,Noun,1,johns
9995,joseon,331,99.649,Noun,1,joseon
9996,sismik,331,99.649,Adj,1,sismik
9997,nak,331,99.65,Noun,1,nak
9998,lamborghini,331,99.65,Noun,1,lamborghini
9999,tasvip,331,99.65,Noun,1,tasvip
10000,spesifik,331,99.65,Adj,1,spesifik
10001,ürkünç,331,99.65,Adj,1,ürkünç
10002,mrs,331,99.651,Noun,1,mrs
10003,bitap,331,99.651,Adj,1,bitap
10004,lonestar,330,99.651,Noun,1,lonestar
10005,camp,330,99.651,Noun,1,camp
10006,anarşist,330,99.651,Noun,1,anarşist
10007,cıvmak,330,99.652,Verb,1,cıva
10008,sırbistan,330,99.652,Noun,1,sırbistan
10009,fiji,330,99.652,Noun,1,fiji
10010,kordon,330,99.652,Noun,1,kordon
10011,cap,330,99.652,Noun,1,cap
10012,bürünmek,330,99.652,Adj,1,bürünmüş
10013,burnett,330,99.653,Noun,1,burnett
10014,vincenzo,330,99.653,Noun,1,vincenzo
10015,kepner,330,99.653,Noun,1,kepner
10016,suarez,330,99.653,Noun,1,suarez
10017,rezerv,330,99.653,Noun,1,rezerve
10018,infilâk,330,99.654,Noun,1,infilak
10019,libya,330,99.654,Noun,1,libya
10020,uzan,330,99.654,Noun,1,uzanın
10021,sansasyonel,330,99.654,Adj,1,sansasyonel
10022,prestij,329,99.654,Adj,1,prestijli
10023,tian,329,99.655,Noun,1,tian
10024,lakers,329,99.655,Noun,1,lakers
10025,hokage,329,99.655,Noun,1,hokage
10026,depozito,329,99.655,Noun,1,depozito
10027,silme,329,99.655,Adv,1,silme
10028,jeanette,329,99.655,Noun,1,jeanette
10029,benito,329,99.656,Noun,1,benito
10030,dottie,329,99.656,Noun,1,dottie
10031,eşarp,329,99.656,Noun,1,eşarp
10032,porsuk,328,99.656,Adj,1,porsuk
10033,dürü,328,99.656,Noun,1,dürüm
10034,toro,328,99.657,Noun,1,toro
10035,twain,328,99.657,Noun,1,twain
10036,piggy,328,99.657,Noun,1,piggy
10037,triad,328,99.657,Noun,1,triad
10038,tillman,328,99.657,Noun,1,tillman
10039,suzaku,328,99.658,Noun,1,suzaku
10040,zimmet,328,99.658,Noun,1,zimmetine
10041,louvre,328,99.658,Noun,1,louvre
10042,gözlemlemek,328,99.658,Noun,1,gözlemlemek
10043,castillo,328,99.658,Noun,1,castillo
10044,rosewood,327,99.659,Noun,1,rosewood
10045,doom,327,99.659,Noun,1,doom
10046,anten,327,99.659,Noun,1,anteni
10047,downey,327,99.659,Noun,1,downey
10048,mercury,327,99.659,Noun,1,mercury
10049,marius,327,99.659,Noun,1,marius
10050,cheung,327,99.66,Noun,1,cheung
10051,rabbit,327,99.66,Noun,1,rabbit
10052,whitaker,327,99.66,Noun,1,whitaker
10053,karikatür,327,99.66,Noun,1,karikatür
10054,proto,327,99.66,Noun,1,proton
10055,ru,327,99.661,Noun,1,ru
10056,düet,327,99.661,Noun,1,düet
10057,tereyağ,327,99.661,Adj,1,tereyağlı
10058,ziggy,326,99.661,Noun,1,ziggy
10059,konaklamak,326,99.661,Verb,1,konaklama
10060,dizgin,326,99.662,Noun,1,dizginleri
10061,harçlık,326,99.662,Noun,1,harçlık
10062,part,326,99.662,Noun,1,part
10063,şatafat,326,99.662,Adj,1,şatafatlı
10064,manik,326,99.662,Adj,1,manik
10065,friends,326,99.662,Noun,1,friends
10066,kingston,326,99.663,Noun,1,kingston
10067,penaltı,326,99.663,Noun,1,penaltı
10068,malhotra,326,99.663,Noun,1,malhotra
10069,dion,326,99.663,Noun,1,dion
10070,keane,326,99.663,Noun,1,keane
10071,sparrow,326,99.664,Noun,1,sparrow
10072,pasadena,326,99.664,Noun,1,pasadena
10073,nicholson,326,99.664,Noun,1,nicholson
10074,clarkson,326,99.664,Noun,1,clarkson
10075,pheebs,325,99.664,Noun,1,pheebs
10076,wanna,325,99.665,Noun,1,wanna
10077,mortgage,325,99.665,Noun,1,mortgage
10078,amfetamin,325,99.665,Noun,1,amfetamin
10079,nance,325,99.665,Noun,1,nance
10080,trace,325,99.665,Noun,1,trace
10081,bane,325,99.665,Noun,1,bane
10082,gayrı,325,99.666,Adv,1,gayrı
10083,mathis,325,99.666,Noun,1,mathis
10084,bonjour,325,99.666,Noun,1,bonjour
10085,sure,325,99.666,Noun,1,sure
10086,psikotik,325,99.666,Noun,1,psikotik
10087,goebbels,325,99.667,Noun,1,goebbels
10088,berk,325,99.667,Adj,1,berk
10089,voight,325,99.667,Noun,1,voight
10090,giuseppe,325,99.667,Noun,1,giuseppe
10091,corleone,325,99.667,Noun,1,corleone
10092,secret,325,99.668,Noun,1,secret
10093,macarthur,325,99.668,Noun,1,macarthur
10094,marisol,325,99.668,Noun,1,marisol
10095,zamane,325,99.668,Noun,1,zamane
10096,çayır,325,99.668,Noun,1,çayır
10097,zan,325,99.668,Noun,1,zan
10098,ürdün,324,99.669,Noun,1,ürdün
10099,please,324,99.669,Noun,1,please
10100,hurra,324,99.669,Interj,1,hurra
10101,doruk,324,99.669,Noun,1,doruk
10102,johannes,324,99.669,Noun,1,johannes
10103,tower,324,99.67,Noun,1,tower
10104,aval,324,99.67,Adj,1,aval
10105,üretken,324,99.67,Adj,1,üretken
10106,jeton,324,99.67,Noun,1,jeton
10107,yüzer,324,99.67,Adv,1,yüzerken
10108,tory,324,99.67,Noun,1,tory
10109,penisilin,324,99.671,Noun,1,penisilin
10110,reginald,324,99.671,Noun,1,reginald
10111,salinger,324,99.671,Noun,1,salinger
10112,hodge,324,99.671,Noun,1,hodge
10113,nakamura,324,99.671,Noun,1,nakamura
10114,çoluk,324,99.672,Noun,1,çoluk
10115,palermo,324,99.672,Noun,1,palermo
10116,ringa,323,99.672,Noun,1,ringa
10117,dominik,323,99.672,Noun,1,dominik
10118,kripto,323,99.672,Noun,1,kripton
10119,sırtüstü,323,99.673,Adv,1,sırtüstü
10120,vajinal,323,99.673,Noun,1,vajinal
10121,healy,323,99.673,Noun,1,healy
10122,adios,323,99.673,Noun,1,adios
10123,mahi,323,99.673,Noun,1,mahi
10124,tung,323,99.673,Noun,1,tung
10125,yorga,323,99.674,Noun,1,yorgan
10126,hester,323,99.674,Noun,1,hester
10127,keep,323,99.674,Noun,1,keep
10128,gonzalez,323,99.674,Noun,1,gonzalez
10129,daddy,323,99.674,Noun,1,daddy
10130,adliye,323,99.675,Noun,1,adliye
10131,darp,323,99.675,Noun,1,darp
10132,coğrafi,323,99.675,Adj,1,coğrafi
10133,çoktandır,322,99.675,Adv,1,çoktandır
10134,fenomen,322,99.675,Noun,1,fenomen
10135,restaurant,322,99.676,Noun,1,restaurant
10136,heat,322,99.676,Noun,1,heat
10137,brunch,322,99.676,Noun,1,brunch
10138,jokey,322,99.676,Noun,1,jokey
10139,haşat,322,99.676,Adj,1,haşat
10140,sulh,322,99.676,Noun,1,sulh
10141,getiri,322,99.677,Noun,1,getirisi
10142,cabo,322,99.677,Noun,1,cabo
10143,block,322,99.677,Noun,1,block
10144,toyota,322,99.677,Noun,1,toyota
10145,maeby,322,99.677,Noun,1,maeby
10146,hararet,322,99.678,Adj,1,hararetli
10147,zhen,322,99.678,Noun,1,zhen
10148,jumbo,321,99.678,Noun,1,jumbo
10149,kuveyt,321,99.678,Noun,1,kuveyt
10150,süpernova,321,99.678,Noun,1,süpernova
10151,med,321,99.678,Noun,1,med
10152,paulson,321,99.679,Noun,1,paulson
10153,alamo,321,99.679,Noun,1,alamo
10154,guerrero,321,99.679,Noun,1,guerrero
10155,tulsa,321,99.679,Noun,1,tulsa
10156,mode,321,99.679,Noun,1,mode
10157,holiday,321,99.68,Noun,1,holiday
10158,rencide,321,99.68,Adj,1,rencide
10159,isis,321,99.68,Noun,1,isis
10160,anayasal,321,99.68,Adj,1,anayasal
10161,neyseki,321,99.68,Noun,1,neyseki
10162,cunningham,321,99.68,Noun,1,cunningham
10163,dresden,320,99.681,Noun,1,dresden
10164,bazan,320,99.681,Adv,1,bazan
10165,alexa,320,99.681,Noun,1,alexa
10166,mahşer,320,99.681,Noun,1,mahşer
10167,sosyetik,320,99.681,Adj,1,sosyetik
10168,bacon,320,99.682,Noun,1,bacon
10169,denizcilik,320,99.682,Noun,1,denizcilik
10170,tolstoy,320,99.682,Noun,1,tolstoy
10171,laszlo,320,99.682,Noun,1,laszlo
10172,mckenna,320,99.682,Noun,1,mckenna
10173,tevazu,319,99.683,Noun,1,tevazu
10174,oyuk,319,99.683,Noun,1,oyuk
10175,akabinde,319,99.683,Adv,1,akabinde
10176,pompey,319,99.683,Noun,1,pompey
10177,henrietta,319,99.683,Noun,1,henrietta
10178,scotch,319,99.683,Noun,1,scotch
10179,mimarlık,319,99.684,Noun,1,mimarlık
10180,baylor,319,99.684,Noun,1,baylor
10181,ultron,319,99.684,Noun,1,ultron
10182,keenan,319,99.684,Noun,1,keenan
10183,enjeksiyon,319,99.684,Noun,1,enjeksiyon
10184,yağcı,319,99.685,Noun,1,yağcı
10185,sacit,319,99.685,Noun,1,sacit
10186,hightower,319,99.685,Noun,1,hightower
10187,baha,319,99.685,Verb,1,bahamalar
10188,usame,319,99.685,Noun,1,usame
10189,bolluk,319,99.685,Noun,1,bolluk
10190,falcone,318,99.686,Noun,1,falcone
10191,kleopatra,318,99.686,Noun,1,kleopatra
10192,rhys,318,99.686,Noun,1,rhys
10193,annika,318,99.686,Noun,1,annika
10194,otuzbir,318,99.686,Noun,1,otuzbir
10195,bobbi,318,99.687,Noun,1,bobbi
10196,bertie,318,99.687,Noun,1,bertie
10197,fda,318,99.687,Noun,1,fda
10198,keats,318,99.687,Noun,1,keats
10199,sayal,318,99.687,Noun,1,sayalım
10200,aura,318,99.687,Noun,1,aura
10201,yoshida,318,99.688,Noun,1,yoshida
10202,hayalkırıklığı,318,99.688,Noun,1,hayalkırıklığına
10203,woong,317,99.688,Noun,1,woong
10204,barkley,317,99.688,Noun,1,barkley
10205,coney,317,99.688,Noun,1,coney
10206,hartmann,317,99.689,Noun,1,hartmann
10207,kompozisyon,317,99.689,Noun,1,kompozisyon
10208,rövanş,317,99.689,Noun,1,rövanş
10209,splinter,317,99.689,Noun,1,splinter
10210,paranormal,317,99.689,Noun,1,paranormal
10211,shekhar,317,99.689,Noun,1,shekhar
10212,eyfel,317,99.69,Noun,1,eyfel
10213,ortega,317,99.69,Noun,1,ortega
10214,bingley,317,99.69,Noun,1,bingley
10215,algı,316,99.69,Noun,1,algı
10216,woodward,316,99.69,Noun,1,woodward
10217,evil,316,99.691,Noun,1,evil
10218,yonca,316,99.691,Noun,1,yonca
10219,rashid,316,99.691,Noun,1,rashid
10220,jewel,316,99.691,Noun,1,jewel
10221,snyder,316,99.691,Noun,1,snyder
10222,carey,316,99.691,Noun,1,carey
10223,hesaplaşmak,316,99.692,Verb,1,hesaplaşma
10224,aspen,316,99.692,Noun,1,aspen
10225,through,316,99.692,Noun,1,through
10226,pryce,315,99.692,Noun,1,pryce
10227,valhalla,315,99.692,Noun,1,valhalla
10228,yemyeşil,315,99.693,Adj,1,yemyeşil
10229,glasgow,315,99.693,Noun,1,glasgow
10230,geraldine,315,99.693,Noun,1,geraldine
10231,kolomb,315,99.693,Noun,1,kolomb
10232,biseksüel,315,99.693,Adj,1,biseksüel
10233,birmingham,315,99.693,Noun,1,birmingham
10234,cornwall,315,99.694,Noun,1,cornwall
10235,annabeth,314,99.694,Noun,1,annabeth
10236,etiyopya,314,99.694,Noun,1,etiyopya
10237,reform,314,99.694,Noun,1,reform
10238,imrenmek,314,99.694,Verb,1,imreniyorum
10239,mer,314,99.695,Noun,1,mer
10240,sofie,314,99.695,Noun,1,sofie
10241,marvel,314,99.695,Noun,1,marvel
10242,samuels,314,99.695,Noun,1,samuels
10243,komünizm,314,99.695,Noun,1,komünizm
10244,yanısıra,314,99.695,Postp,1,yanısıra
10245,casino,314,99.696,Noun,1,casino
10246,kaşıklamak,314,99.696,Verb,1,kaşıkla
10247,octavius,314,99.696,Noun,1,octavius
10248,fatih,314,99.696,Adj,1,fatih
10249,fasıl,314,99.696,Noun,1,faslı
10250,drummond,314,99.697,Noun,1,drummond
10251,winger,314,99.697,Noun,1,winger
10252,maui,314,99.697,Noun,1,maui
10253,hoshi,313,99.697,Noun,1,hoshi
10254,geyşa,313,99.697,Noun,1,geyşa
10255,johnston,313,99.697,Noun,1,johnston
10256,kokarca,313,99.698,Noun,1,kokarca
10257,lütfetmek,313,99.698,Verb,1,lütfeder
10258,free,313,99.698,Noun,1,free
10259,dilekçe,313,99.698,Noun,1,dilekçesi
10260,bluth,313,99.698,Noun,1,bluth
10261,mikrop,313,99.699,Noun,1,mikroplar
10262,matheson,313,99.699,Noun,1,matheson
10263,avon,313,99.699,Noun,1,avon
10264,federico,313,99.699,Noun,1,federico
10265,hallie,313,99.699,Noun,1,hallie
10266,bergman,313,99.699,Noun,1,bergman
10267,carlyle,313,99.7,Noun,1,carlyle
10268,palo,313,99.7,Noun,1,paloma
10269,savmak,313,99.7,Verb,1,savma
10270,medina,313,99.7,Noun,1,medina
10271,makara,313,99.7,Noun,1,makara
10272,hobson,313,99.7,Noun,1,hobson
10273,taarruz,312,99.701,Noun,1,taarruz
10274,eyes,312,99.701,Noun,1,eyes
10275,sürahi,312,99.701,Noun,1,sürahi
10276,tasavvur,312,99.701,Noun,1,tasavvur
10277,vız,312,99.701,Noun,1,vız
10278,frieda,312,99.702,Noun,1,frieda
10279,zeta,312,99.702,Noun,1,zeta
10280,ıska,312,99.702,Noun,1,ıska
10281,venice,312,99.702,Noun,1,venice
10282,pancar,312,99.702,Noun,1,pancar
10283,shankar,312,99.702,Noun,1,shankar
10284,kaypak,312,99.703,Adj,1,kaypak
10285,darbelemek,312,99.703,Verb,1,darbeler
10286,weber,312,99.703,Noun,1,weber
10287,bone,312,99.703,Noun,1,bone
10288,merle,312,99.703,Noun,1,merle
10289,mccormick,312,99.704,Noun,1,mccormick
10290,maynard,311,99.704,Noun,1,maynard
10291,yogi,311,99.704,Noun,1,yogi
10292,külçe,311,99.704,Adj,1,külçe
10293,tolliver,311,99.704,Noun,1,tolliver
10294,scrabble,311,99.704,Noun,1,scrabble
10295,regan,311,99.705,Noun,1,regan
10296,külüstür,311,99.705,Adj,1,külüstür
10297,tapu,311,99.705,Noun,1,tapu
10298,deodorant,311,99.705,Noun,1,deodorant
10299,maia,310,99.705,Noun,1,maia
10300,naçizane,310,99.706,Adv,1,naçizane
10301,spiral,310,99.706,Adj,1,spiral
10302,ventura,310,99.706,Noun,1,ventura
10303,broyles,310,99.706,Noun,1,broyles
10304,otistik,310,99.706,Adj,1,otistik
10305,çırpı,310,99.706,Noun,1,çırpıda
10306,gömme,310,99.707,Adj,1,gömme
10307,sheryl,310,99.707,Noun,1,sheryl
10308,clifton,310,99.707,Noun,1,clifton
10309,boogie,310,99.707,Noun,1,boogie
10310,diyabet,310,99.707,Noun,1,diyabet
10311,cheese,310,99.707,Noun,1,cheese
10312,ihtişam,310,99.708,Adj,1,ihtişamlı
10313,kepçe,309,99.708,Adj,1,kepçe
10314,lynne,309,99.708,Noun,1,lynne
10315,kasim,309,99.708,Noun,1,kasim
10316,vıdı,309,99.708,Dup,1,vıdı
10317,geometri,309,99.709,Noun,1,geometri
10318,toledo,309,99.709,Noun,1,toledo
10319,meteoroloji,309,99.709,Noun,1,meteoroloji
10320,centauri,309,99.709,Noun,1,centauri
10321,hansel,309,99.709,Noun,1,hansel
10322,denetim,309,99.709,Noun,1,denetimi
10323,fung,309,99.71,Noun,1,fung
10324,ayet,309,99.71,Noun,1,ayet
10325,sayısal,309,99.71,Adj,1,sayısal
10326,jam,309,99.71,Noun,1,jam
10327,bulldog,309,99.71,Noun,1,bulldog
10328,hari,308,99.71,Noun,1,hari
10329,abide,308,99.711,Noun,1,abidesi
10330,sears,308,99.711,Noun,1,sears
10331,swing,308,99.711,Noun,1,swing
10332,hahn,308,99.711,Noun,1,hahn
10333,ambülans,308,99.711,Noun,1,ambülans
10334,nimet,308,99.712,Noun,1,nimet
10335,xbox,308,99.712,Noun,1,xbox
10336,kenshin,308,99.712,Noun,1,kenshin
10337,cüretkâr,308,99.712,Adj,1,cüretkar
10338,gang,308,99.712,Noun,1,gang
10339,misket,308,99.712,Noun,1,misket
10340,kemirgen,308,99.713,Adj,1,kemirgen
10341,fuji,308,99.713,Noun,1,fuji
10342,space,308,99.713,Noun,1,space
10343,fırçalamak,308,99.713,Verb,1,fırçala
10344,brandi,308,99.713,Noun,1,brandi
10345,seok,308,99.713,Noun,1,seok
10346,egzoz,307,99.714,Noun,1,egzoz
10347,stackhouse,307,99.714,Noun,1,stackhouse
10348,clovis,307,99.714,Noun,1,clovis
10349,bernardo,307,99.714,Noun,1,bernardo
10350,haşhaş,307,99.714,Noun,1,haşhaş
10351,bilakis,307,99.715,Adv,1,bilakis
10352,tü,307,99.715,Interj,1,tü
10353,tunus,307,99.715,Noun,1,tunus
10354,woodrow,307,99.715,Noun,1,woodrow
10355,odette,307,99.715,Noun,1,odette
10356,clarissa,307,99.715,Noun,1,clarissa
10357,arsenik,307,99.716,Noun,1,arsenik
10358,gurme,307,99.716,Noun,1,gurme
10359,atletizm,307,99.716,Noun,1,atletizm
10360,omuzlamak,307,99.716,Verb,1,omuzlar
10361,masör,306,99.716,Noun,1,masör
10362,garner,306,99.716,Noun,1,garner
10363,benoit,306,99.717,Noun,1,benoit
10364,zimmerman,306,99.717,Noun,1,zimmerman
10365,alba,306,99.717,Noun,1,alba
10366,baird,306,99.717,Noun,1,baird
10367,yazım,306,99.717,Noun,1,yazımı
10368,yamamoto,306,99.718,Noun,1,yamamoto
10369,skype,306,99.718,Noun,1,skype
10370,sertifika,306,99.718,Noun,1,sertifikası
10371,coral,306,99.718,Noun,1,coral
10372,tayt,306,99.718,Noun,1,tayt
10373,xu,306,99.718,Noun,1,xu
10374,ustabaş,305,99.719,Noun,1,ustabaşı
10375,pür,305,99.719,Verb,1,pürüz
10376,özen,305,99.719,Adj,1,özenli
10377,childs,305,99.719,Noun,1,childs
10378,donatmak,305,99.719,Adj,1,donatılmış
10379,nakliyat,305,99.719,Noun,1,nakliyat
10380,senator,305,99.72,Noun,1,senator
10381,migren,305,99.72,Noun,1,migren
10382,galapagos,305,99.72,Noun,1,galapagos
10383,çorman,305,99.72,Dup,1,çorman
10384,cünkü,305,99.72,Noun,1,cünkü
10385,nezaman,305,99.721,Noun,1,nezaman
10386,tino,305,99.721,Noun,1,tino
10387,çözümlemek,305,99.721,Verb,1,çözümler
10388,zoidberg,305,99.721,Noun,1,zoidberg
10389,zone,305,99.721,Noun,1,zone
10390,şarbon,305,99.721,Noun,1,şarbon
10391,morarmak,305,99.722,Adj,1,morarmış
10392,twist,305,99.722,Noun,1,twist
10393,brice,305,99.722,Noun,1,brice
10394,kırgın,304,99.722,Adj,1,kırgın
10395,joss,304,99.722,Noun,1,joss
10396,elder,304,99.722,Noun,1,elder
10397,sanrı,304,99.723,Noun,1,sanrım
10398,smitty,304,99.723,Noun,1,smitty
10399,düğmelemek,304,99.723,Verb,1,düğmeler
10400,kaşıntı,304,99.723,Noun,1,kaşıntı
10401,forever,304,99.723,Noun,1,forever
10402,piece,304,99.724,Noun,1,piece
10403,jens,304,99.724,Noun,1,jens
10404,capitol,304,99.724,Noun,1,capitol
10405,zehra,304,99.724,Noun,1,zehra
10406,medine,303,99.724,Noun,1,medine
10407,rolf,303,99.724,Noun,1,rolf
10408,genevieve,303,99.725,Noun,1,genevieve
10409,firarî,303,99.725,Noun,1,firari
10410,simran,303,99.725,Noun,1,simran
10411,lojistik,303,99.725,Adj,1,lojistik
10412,kill,303,99.725,Noun,1,kill
10413,ülser,303,99.725,Noun,1,ülser
10414,jodi,303,99.726,Noun,1,jodi
10415,hüngür,303,99.726,Dup,1,hüngür
10416,fışkırmak,303,99.726,Verb,1,fışkırıyor
10417,gardens,303,99.726,Noun,1,gardens
10418,selina,303,99.726,Noun,1,selina
10419,dorota,303,99.726,Noun,1,dorota
10420,tasdik,303,99.727,Noun,1,tasdik
10421,epstein,303,99.727,Noun,1,epstein
10422,cabot,303,99.727,Noun,1,cabot
10423,edinburgh,303,99.727,Noun,1,edinburgh
10424,zoom,302,99.727,Noun,1,zoom
10425,batu,302,99.728,Noun,1,batum
10426,ulrich,302,99.728,Noun,1,ulrich
10427,halo,302,99.728,Noun,1,halo
10428,celâl,302,99.728,Noun,1,celal
10429,bowen,302,99.728,Noun,1,bowen
10430,camaro,302,99.728,Noun,1,camaro
10431,gilda,302,99.729,Noun,1,gilda
10432,ackerman,302,99.729,Noun,1,ackerman
10433,çeyiz,302,99.729,Noun,1,çeyiz
10434,tyrone,302,99.729,Noun,1,tyrone
10435,kolonya,302,99.729,Noun,1,kolonya
10436,etken,302,99.729,Noun,1,etken
10437,crocker,302,99.73,Noun,1,crocker
10438,kodlamak,302,99.73,Verb,1,kodlar
10439,kötümsemek,302,99.73,Verb,1,kötümser
10440,atkı,302,99.73,Noun,1,atkı
10441,gelincik,302,99.73,Noun,1,gelincik
10442,wonka,301,99.73,Noun,1,wonka
10443,wynn,301,99.731,Noun,1,wynn
10444,machine,301,99.731,Noun,1,machine
10445,ruhen,301,99.731,Adv,1,ruhen
10446,vogue,301,99.731,Noun,1,vogue
10447,birdie,301,99.731,Noun,1,birdie
10448,zhong,301,99.731,Noun,1,zhong
10449,fusco,301,99.732,Noun,1,fusco
10450,friedrich,301,99.732,Noun,1,friedrich
10451,hold,301,99.732,Noun,1,hold
10452,maple,301,99.732,Noun,1,maple
10453,school,301,99.732,Noun,1,school
10454,kalıtsal,301,99.733,Adj,1,kalıtsal
10455,das,301,99.733,Noun,1,das
10456,maud,301,99.733,Noun,1,maud
10457,guillermo,300,99.733,Noun,1,guillermo
10458,elsie,300,99.733,Noun,1,elsie
10459,lange,300,99.733,Noun,1,lange
10460,paçavra,300,99.734,Noun,1,paçavra
10461,money,300,99.734,Noun,1,money
10462,huntington,300,99.734,Noun,1,huntington
10463,kötürüm,300,99.734,Adj,1,kötürüm
10464,kapkara,300,99.734,Adj,1,kapkara
10465,tami,300,99.734,Noun,1,tami
10466,masmavi,300,99.735,Adj,1,masmavi
10467,biggs,300,99.735,Noun,1,biggs
10468,lando,300,99.735,Noun,1,landon
10469,fert,300,99.735,Noun,1,ferdi
10470,nitrat,300,99.735,Noun,1,nitrat
10471,hawks,300,99.735,Noun,1,hawks
10472,simpsons,300,99.736,Noun,1,simpsons
10473,soto,300,99.736,Noun,1,soto
10474,taahhüt,300,99.736,Noun,1,taahhüt
10475,still,300,99.736,Noun,1,still
10476,chas,300,99.736,Noun,1,chas
10477,arnavut,300,99.737,Noun,1,arnavut
10478,borden,300,99.737,Noun,1,borden
10479,jiro,300,99.737,Noun,1,jiro
10480,işçilik,300,99.737,Noun,1,işçilik
10481,pens,299,99.737,Noun,1,pens
10482,pond,299,99.737,Noun,1,pond
10483,sarma,299,99.738,Adj,1,sarma
10484,tau,299,99.738,Noun,1,tau
10485,sumner,299,99.738,Noun,1,sumner
10486,bayraktar,299,99.738,Noun,1,bayraktar
10487,cop,299,99.738,Noun,1,cop
10488,levrek,299,99.738,Noun,1,levrek
10489,üstenmek,299,99.739,Verb,1,üsten
10490,mister,299,99.739,Noun,1,mister
10491,iskandinav,299,99.739,Noun,1,İskandinav
10492,manolo,299,99.739,Noun,1,manolo
10493,ahali,299,99.739,Noun,1,ahali
10494,çelim,299,99.739,Adj,1,çelimsiz
10495,sözkonusu,299,99.74,Noun,1,sözkonusu
10496,diablo,299,99.74,Noun,1,diablo
10497,animasyon,299,99.74,Noun,1,animasyon
10498,chapel,299,99.74,Noun,1,chapel
10499,batista,298,99.74,Noun,1,batista
10500,puma,298,99.74,Noun,1,puma
10501,lobo,298,99.741,Noun,1,lobo
10502,trump,298,99.741,Noun,1,trump
10503,canning,298,99.741,Noun,1,canning
10504,haya,298,99.741,Noun,1,hayalarını
10505,kısıtlamak,298,99.741,Verb,1,kısıtlama
10506,güzellikle,298,99.741,Adv,1,güzellikle
10507,rochelle,298,99.742,Noun,1,rochelle
10508,krom,298,99.742,Adj,1,krom
10509,şarki,298,99.742,Adj,1,şarki
10510,kürdan,298,99.742,Noun,1,kürdan
10511,kudurmak,298,99.742,Adj,1,kudurmuş
10512,kimball,298,99.743,Noun,1,kimball
10513,nostradamus,298,99.743,Noun,1,nostradamus
10514,bright,297,99.743,Noun,1,bright
10515,arsenal,297,99.743,Noun,1,arsenal
10516,telepati,297,99.743,Noun,1,telepati
10517,güvence,297,99.743,Noun,1,güvenceye
10518,şirret,297,99.744,Adj,1,şirret
10519,claudette,297,99.744,Noun,1,claudette
10520,meadows,297,99.744,Noun,1,meadows
10521,çıt,297,99.744,Noun,1,çıt
10522,walton,297,99.744,Noun,1,walton
10523,karakaş,297,99.744,Noun,1,karakaş
10524,nim,297,99.745,Adj,1,nim
10525,nikaragua,297,99.745,Noun,1,nikaragua
10526,tatiana,297,99.745,Noun,1,tatiana
10527,magnezyum,297,99.745,Noun,1,magnezyum
10528,franck,297,99.745,Noun,1,franck
10529,specter,297,99.745,Noun,1,specter
10530,xanax,297,99.746,Noun,1,xanax
10531,lourdes,296,99.746,Noun,1,lourdes
10532,wolfgang,296,99.746,Noun,1,wolfgang
10533,blanchard,296,99.746,Noun,1,blanchard
10534,fabio,296,99.746,Noun,1,fabio
10535,aksesuar,296,99.746,Noun,1,aksesuar
10536,kiev,296,99.747,Noun,1,kiev
10537,arkeoloji,296,99.747,Noun,1,arkeoloji
10538,çeçenistan,296,99.747,Noun,1,çeçenistan
10539,tanıdık,296,99.747,Noun,1,tanıdıklarım
10540,tırtıl,296,99.747,Noun,1,tırtıl
10541,judas,296,99.747,Noun,1,judas
10542,narsist,296,99.748,Adj,1,narsist
10543,senit,296,99.748,Noun,1,senide
10544,ibret,296,99.748,Adj,1,ibret
10545,pace,296,99.748,Noun,1,pace
10546,hijyen,295,99.748,Noun,1,hijyen
10547,fiil,295,99.748,Noun,1,fiil
10548,dance,295,99.749,Noun,1,dance
10549,saroyan,295,99.749,Noun,1,saroyan
10550,mcclaren,295,99.749,Noun,1,mcclaren
10551,tanıtım,295,99.749,Noun,1,tanıtımı
10552,barksdale,295,99.749,Noun,1,barksdale
10553,bartholomew,295,99.749,Noun,1,bartholomew
10554,before,295,99.75,Noun,1,before
10555,hewitt,295,99.75,Noun,1,hewitt
10556,jocelyn,295,99.75,Noun,1,jocelyn
10557,colton,294,99.75,Noun,1,colton
10558,ke,294,99.75,Noun,1,ke
10559,oje,294,99.751,Noun,1,oje
10560,cedar,294,99.751,Noun,1,cedar
10561,hass,294,99.751,Noun,1,hass
10562,idol,294,99.751,Noun,1,idol
10563,tümen,294,99.751,Adj,1,tümen
10564,anevrizma,294,99.751,Noun,1,anevrizma
10565,subaru,294,99.752,Noun,1,subaru
10566,hero,294,99.752,Noun,1,hero
10567,chateau,294,99.752,Noun,1,chateau
10568,jip,294,99.752,Noun,1,jip
10569,virgül,294,99.752,Noun,1,virgül
10570,storybrooke,294,99.752,Noun,1,storybrooke
10571,kanji,294,99.753,Noun,1,kanji
10572,brezilyalı,294,99.753,Noun,1,brezilyalı
10573,sahici,294,99.753,Adj,1,sahici
10574,wiley,293,99.753,Noun,1,wiley
10575,bornoz,293,99.753,Noun,1,bornoz
10576,estella,293,99.753,Noun,1,estella
10577,çentik,293,99.754,Adj,1,çentik
10578,yayıncılık,293,99.754,Noun,1,yayıncılık
10579,gear,293,99.754,Noun,1,gear
10580,gabriella,293,99.754,Noun,1,gabriella
10581,busan,293,99.754,Noun,1,busan
10582,vokal,293,99.754,Adj,1,vokal
10583,jayne,293,99.755,Noun,1,jayne
10584,carole,293,99.755,Noun,1,carole
10585,patlıcan,293,99.755,Noun,1,patlıcan
10586,armani,293,99.755,Noun,1,armani
10587,kodaman,293,99.755,Noun,1,kodaman
10588,bannister,293,99.755,Noun,1,bannister
10589,dietrich,293,99.756,Noun,1,dietrich
10590,rollins,293,99.756,Noun,1,rollins
10591,kadavra,292,99.756,Noun,1,kadavra
10592,siri,292,99.756,Noun,1,siri
10593,kindar,292,99.756,Adj,1,kindar
10594,scrooge,292,99.756,Noun,1,scrooge
10595,güz,292,99.757,Noun,1,güz
10596,things,292,99.757,Noun,1,things
10597,seol,292,99.757,Noun,1,seol
10598,holografik,292,99.757,Noun,1,holografik
10599,mikroskop,292,99.757,Noun,1,mikroskop
10600,cebir,292,99.757,Noun,1,cebir
10601,çöküntü,292,99.758,Noun,1,çöküntü
10602,atağ,291,99.758,Noun,1,atağa
10603,dream,291,99.758,Noun,1,dream
10604,fiske,291,99.758,Adj,1,fiske
10605,çağlamak,291,99.758,Verb,1,çağlar
10606,makinist,291,99.758,Noun,1,makinist
10607,glock,291,99.759,Noun,1,glock
10608,nota,291,99.759,Noun,1,notaları
10609,süratle,291,99.759,Adv,1,süratle
10610,cirit,291,99.759,Noun,1,cirit
10611,leone,291,99.759,Noun,1,leone
10612,mcgill,291,99.759,Noun,1,mcgill
10613,azmak,291,99.76,Verb,1,azdırıyor
10614,dalamak,291,99.76,Verb,1,dalıyor
10615,tiberius,291,99.76,Noun,1,tiberius
10616,ale,291,99.76,Noun,1,ale
10617,hercules,291,99.76,Noun,1,hercules
10618,yapboz,291,99.76,Noun,1,yapboz
10619,joong,291,99.761,Noun,1,joong
10620,charming,291,99.761,Noun,1,charming
10621,tacir,291,99.761,Noun,1,taciri
10622,demekki,291,99.761,Noun,1,demekki
10623,tron,291,99.761,Noun,1,tron
10624,dinazor,290,99.761,Noun,1,dinazor
10625,meraba,290,99.762,Noun,1,meraba
10626,seward,290,99.762,Noun,1,seward
10627,erişmek,290,99.762,Noun,1,erişmek
10628,schiller,290,99.762,Noun,1,schiller
10629,kenobi,290,99.762,Noun,1,kenobi
10630,bears,290,99.762,Noun,1,bears
10631,michaela,290,99.763,Noun,1,michaela
10632,bürokrasi,290,99.763,Noun,1,bürokrasi
10633,rum,290,99.763,Noun,1,rum
10634,kamufle,290,99.763,Adj,1,kamufle
10635,lundy,290,99.763,Noun,1,lundy
10636,beacon,290,99.763,Noun,1,beacon
10637,hawthorne,290,99.764,Noun,1,hawthorne
10638,hartford,290,99.764,Noun,1,hartford
10639,miyagi,290,99.764,Noun,1,miyagi
10640,messer,290,99.764,Noun,1,messer
10641,muhakeme,290,99.764,Noun,1,muhakeme
10642,zayiat,289,99.764,Noun,1,zayiat
10643,felsefî,289,99.765,Adj,1,felsefi
10644,christmas,289,99.765,Noun,1,christmas
10645,giuliano,289,99.765,Noun,1,giuliano
10646,yiyici,289,99.765,Adj,1,yiyici
10647,akçaağaç,289,99.765,Noun,1,akçaağaç
10648,mcallister,289,99.765,Noun,1,mcallister
10649,alaric,289,99.766,Noun,1,alaric
10650,arkeolojik,289,99.766,Adj,1,arkeolojik
10651,europa,289,99.766,Noun,1,europa
10652,nur,289,99.766,Noun,1,nur
10653,fiber,289,99.766,Noun,1,fiber
10654,maskelemek,289,99.766,Verb,1,maskeler
10655,sauna,289,99.767,Noun,1,sauna
10656,latimer,289,99.767,Noun,1,latimer
10657,patch,289,99.767,Noun,1,patch
10658,telkin,289,99.767,Noun,1,telkin
10659,earth,289,99.767,Noun,1,earth
10660,bağnaz,289,99.767,Adj,1,bağnaz
10661,esrarkeş,289,99.768,Noun,1,esrarkeş
10662,hiroşima,288,99.768,Noun,1,hiroşima
10663,dunne,288,99.768,Noun,1,dunne
10664,welles,288,99.768,Noun,1,welles
10665,lak,288,99.768,Noun,1,lak
10666,bordeaux,288,99.768,Noun,1,bordeaux
10667,antlaşma,288,99.769,Noun,1,antlaşması
10668,burroughs,288,99.769,Noun,1,burroughs
10669,shelton,288,99.769,Noun,1,shelton
10670,jock,288,99.769,Noun,1,jock
10671,karayolu,288,99.769,Noun,1,karayolu
10672,nilüfer,287,99.769,Noun,1,nilüfer
10673,cicero,287,99.77,Noun,1,cicero
10674,ozzie,287,99.77,Noun,1,ozzie
10675,ebola,287,99.77,Noun,1,ebola
10676,tekstil,287,99.77,Noun,1,tekstil
10677,silvio,287,99.77,Noun,1,silvio
10678,uyurgezer,287,99.77,Adj,1,uyurgezer
10679,polisiye,287,99.771,Adj,1,polisiye
10680,devekuşu,287,99.771,Noun,1,devekuşu
10681,namaz,287,99.771,Noun,1,namaz
10682,bolin,287,99.771,Noun,1,bolin
10683,konsantrasyon,287,99.771,Noun,1,konsantrasyon
10684,cady,287,99.771,Noun,1,cady
10685,cenova,287,99.772,Noun,1,cenova
10686,riviera,287,99.772,Noun,1,riviera
10687,islemek,287,99.772,Verb,1,isler
10688,saba,287,99.772,Noun,1,saba
10689,jobs,287,99.772,Noun,1,jobs
10690,evcilik,287,99.772,Noun,1,evcilik
10691,çekik,287,99.773,Adj,1,çekik
10692,torben,287,99.773,Noun,1,torben
10693,pezo,286,99.773,Noun,1,pezo
10694,enzim,286,99.773,Noun,1,enzim
10695,lorelei,286,99.773,Noun,1,lorelei
10696,robyn,286,99.773,Noun,1,robyn
10697,fredo,286,99.774,Noun,1,fredo
10698,kabarcık,286,99.774,Noun,1,kabarcık
10699,tasarı,286,99.774,Noun,1,tasarısı
10700,bombok,286,99.774,Adj,1,bombok
10701,divya,286,99.774,Noun,1,divya
10702,burbank,286,99.774,Noun,1,burbank
10703,getto,286,99.775,Noun,1,getto
10704,gracias,286,99.775,Noun,1,gracias
10705,mecaz,286,99.775,Adj,1,mecaz
10706,wichita,286,99.775,Noun,1,wichita
10707,ırz,286,99.775,Noun,1,ırzına
10708,poppins,286,99.775,Noun,1,poppins
10709,arden,286,99.776,Noun,1,arden
10710,corbett,286,99.776,Noun,1,corbett
10711,gregg,286,99.776,Noun,1,gregg
10712,faruk,286,99.776,Noun,1,faruk
10713,very,286,99.776,Noun,1,very
10714,voss,286,99.776,Noun,1,voss
10715,burgundy,285,99.776,Noun,1,burgundy
10716,nazar,285,99.777,Noun,1,nazar
10717,sterilize,285,99.777,Adj,1,sterilize
10718,ille,285,99.777,Adv,1,ille
10719,marine,285,99.777,Adj,1,marine
10720,milos,285,99.777,Noun,1,milos
10721,smokey,285,99.777,Noun,1,smokey
10722,double,285,99.778,Noun,1,double
10723,bilimadam,285,99.778,Noun,1,bilimadamları
10724,özveri,285,99.778,Adj,1,özverili
10725,yaraşmak,285,99.778,Verb,1,yaraşır
10726,güncellemek,285,99.778,Verb,1,güncelleme
10727,sufle,285,99.778,Noun,1,sufle
10728,shiro,285,99.779,Noun,1,shiro
10729,wexler,285,99.779,Noun,1,wexler
10730,shinobi,285,99.779,Noun,1,shinobi
10731,flâmingo,285,99.779,Noun,1,flamingo
10732,ski,284,99.779,Noun,1,ski
10733,sao,284,99.779,Noun,1,sao
10734,volkoff,284,99.78,Noun,1,volkoff
10735,elmo,284,99.78,Noun,1,elmo
10736,round,284,99.78,Noun,1,round
10737,kayı,284,99.78,Noun,1,kayısı
10738,ramazan,284,99.78,Noun,1,ramazan
10739,march,284,99.78,Noun,1,march
10740,kasiyer,284,99.781,Noun,1,kasiyer
10741,hobbit,284,99.781,Noun,1,hobbit
10742,dobra,284,99.781,Adj,1,dobra
10743,arp,284,99.781,Noun,1,arpa
10744,nadya,284,99.781,Noun,1,nadya
10745,cevher,284,99.781,Noun,1,cevher
10746,sari,284,99.782,Noun,1,sarin
10747,julianne,284,99.782,Noun,1,julianne
10748,sağlıcakla,284,99.782,Adv,1,sağlıcakla
10749,conroy,284,99.782,Noun,1,conroy
10750,yves,283,99.782,Noun,1,yves
10751,sezgi,283,99.782,Noun,1,sezgi
10752,heavy,283,99.783,Noun,1,heavy
10753,ilelebet,283,99.783,Adv,1,ilelebet
10754,kaskatı,283,99.783,Adj,1,kaskatı
10755,ahjussi,283,99.783,Noun,1,ahjussi
10756,muppet,283,99.783,Noun,1,muppet
10757,tink,283,99.783,Noun,1,tink
10758,hawke,283,99.784,Noun,1,hawkeye
10759,hand,283,99.784,Noun,1,hand
10760,dindirmek,283,99.784,Noun,1,dindirmek
10761,ela,283,99.784,Adj,1,ela
10762,wick,283,99.784,Noun,1,wick
10763,dördün,283,99.784,Noun,1,dördünü
10764,nostaljik,282,99.784,Adj,1,nostaljik
10765,katalog,282,99.785,Noun,1,katalog
10766,wolfram,282,99.785,Noun,1,wolfram
10767,filipin,282,99.785,Noun,1,filipinler
10768,katarina,282,99.785,Noun,1,katarina
10769,age,282,99.785,Noun,1,age
10770,saadet,282,99.785,Noun,1,saadet
10771,kuluçka,282,99.786,Noun,1,kuluçka
10772,whitmore,282,99.786,Noun,1,whitmore
10773,yokmu,282,99.786,Noun,1,yokmu
10774,blackwell,282,99.786,Noun,1,blackwell
10775,bugs,281,99.786,Noun,1,bugs
10776,katra,281,99.786,Noun,1,katran
10777,party,281,99.787,Noun,1,party
10778,korunak,281,99.787,Adj,1,korunaklı
10779,şaheser,281,99.787,Adj,1,şaheser
10780,yanak,281,99.787,Noun,1,yanak
10781,dieter,281,99.787,Noun,1,dieter
10782,platt,281,99.787,Noun,1,platt
10783,bath,281,99.788,Noun,1,bath
10784,patton,281,99.788,Noun,1,patton
10785,france,281,99.788,Noun,1,france
10786,zımbırtı,281,99.788,Noun,1,zımbırtı
10787,chick,281,99.788,Noun,1,chick
10788,jagger,281,99.788,Noun,1,jagger
10789,gianni,281,99.789,Noun,1,gianni
10790,estağfurullah,281,99.789,Interj,1,estağfurullah
10791,horne,281,99.789,Noun,1,horne
10792,scar,281,99.789,Noun,1,scar
10793,portal,281,99.789,Noun,1,portal
10794,kinney,280,99.789,Noun,1,kinney
10795,safha,280,99.79,Noun,1,safhada
10796,derby,280,99.79,Noun,1,derby
10797,hayward,280,99.79,Noun,1,hayward
10798,watt,280,99.79,Noun,1,watt
10799,takahashi,280,99.79,Noun,1,takahashi
10800,sezaryen,280,99.79,Noun,1,sezaryen
10801,gerilim,280,99.79,Noun,1,gerilimi
10802,dalak,280,99.791,Noun,1,dalak
10803,shirou,280,99.791,Noun,1,shirou
10804,klâvye,280,99.791,Noun,1,klavye
10805,cinnet,280,99.791,Noun,1,cinnet
10806,shapiro,280,99.791,Noun,1,shapiro
10807,nar,279,99.791,Noun,1,nar
10808,puerto,279,99.792,Noun,1,puerto
10809,kıskaç,279,99.792,Noun,1,kıskaç
10810,tyrell,279,99.792,Noun,1,tyrell
10811,olimpik,279,99.792,Adj,1,olimpik
10812,seçik,279,99.792,Dup,1,seçik
10813,sadako,279,99.792,Noun,1,sadako
10814,minneapolis,279,99.793,Noun,1,minneapolis
10815,shifu,279,99.793,Noun,1,shifu
10816,vanya,279,99.793,Noun,1,vanya
10817,iltica,279,99.793,Noun,1,iltica
10818,sy,279,99.793,Noun,1,sy
10819,oya,279,99.793,Noun,1,oyalarım
10820,piccolo,279,99.794,Noun,1,piccolo
10821,brigitte,279,99.794,Noun,1,brigitte
10822,papyon,279,99.794,Noun,1,papyon
10823,hyeon,279,99.794,Noun,1,hyeon
10824,play,279,99.794,Noun,1,play
10825,sınırdışı,279,99.794,Adj,1,sınırdışı
10826,lupus,279,99.794,Noun,1,lupus
10827,watergate,279,99.795,Noun,1,watergate
10828,arnavutluk,278,99.795,Noun,1,arnavutluk
10829,pendleton,278,99.795,Noun,1,pendleton
10830,brother,278,99.795,Noun,1,brother
10831,şer,278,99.795,Adj,1,şer
10832,uchiha,278,99.795,Noun,1,uchiha
10833,mallard,278,99.796,Noun,1,mallard
10834,insaf,278,99.796,Adj,1,insafsız
10835,rai,278,99.796,Noun,1,rai
10836,yufka,278,99.796,Adj,1,yufka
10837,rulet,278,99.796,Noun,1,rulet
10838,eyer,278,99.796,Noun,1,eyer
10839,abrams,278,99.797,Noun,1,abrams
10840,garland,278,99.797,Noun,1,garland
10841,pancho,278,99.797,Noun,1,pancho
10842,debs,278,99.797,Noun,1,debs
10843,mansfield,278,99.797,Noun,1,mansfield
10844,kişot,278,99.797,Noun,1,kişot
10845,tere,278,99.798,Noun,1,terence
10846,stockton,278,99.798,Noun,1,stockton
10847,sancı,278,99.798,Noun,1,sancısı
10848,kolera,278,99.798,Noun,1,kolera
10849,heath,277,99.798,Noun,1,heath
10850,presley,277,99.798,Noun,1,presley
10851,ustura,277,99.798,Noun,1,ustura
10852,bashir,277,99.799,Noun,1,bashir
10853,mcpherson,277,99.799,Noun,1,mcpherson
10854,başpiskopos,277,99.799,Noun,1,başpiskopos
10855,haritalamak,277,99.799,Verb,1,haritalar
10856,müessese,277,99.799,Noun,1,müesseseden
10857,sırıtmak,277,99.799,Verb,1,sırıtıyorsun
10858,kereviz,277,99.8,Noun,1,kereviz
10859,discovery,277,99.8,Noun,1,discovery
10860,reina,277,99.8,Noun,1,reina
10861,kıbrıs,277,99.8,Noun,1,kıbrıs
10862,hola,277,99.8,Noun,1,hola
10863,noter,277,99.8,Noun,1,noter
10864,cehalet,276,99.801,Noun,1,cehalet
10865,platonik,276,99.801,Adj,1,platonik
10866,sazan,276,99.801,Noun,1,sazan
10867,roddy,276,99.801,Noun,1,roddy
10868,krater,276,99.801,Noun,1,krater
10869,külâh,276,99.801,Noun,1,külahıma
10870,vickie,276,99.802,Noun,1,vickie
10871,diplomasi,276,99.802,Noun,1,diplomasi
10872,kurukafa,276,99.802,Noun,1,kurukafa
10873,fink,276,99.802,Noun,1,fink
10874,taurus,276,99.802,Noun,1,taurus
10875,believe,276,99.802,Noun,1,believe
10876,astor,276,99.802,Noun,1,astor
10877,antropoloji,276,99.803,Noun,1,antropoloji
10878,farazî,276,99.803,Adj,1,farazi
10879,breeland,276,99.803,Noun,1,breeland
10880,babu,276,99.803,Noun,1,babu
10881,âlim,276,99.803,Adj,1,alim
10882,eunice,276,99.803,Noun,1,eunice
10883,tarot,275,99.804,Noun,1,tarot
10884,elvira,275,99.804,Noun,1,elvira
10885,jolene,275,99.804,Noun,1,jolene
10886,kavramak,275,99.804,Verb,1,kavrama
10887,oynak,275,99.804,Adj,1,oynak
10888,misha,275,99.804,Noun,1,misha
10889,quebec,275,99.805,Noun,1,quebec
10890,tokatlamak,275,99.805,Verb,1,tokatla
10891,vuku,275,99.805,Noun,1,vuku
10892,misery,275,99.805,Noun,1,misery
10893,hilkat,275,99.805,Noun,1,hilkat
10894,fresno,275,99.805,Noun,1,fresno
10895,grammy,275,99.805,Noun,1,grammy
10896,malia,275,99.806,Noun,1,malia
10897,sina,275,99.806,Noun,1,sinan
10898,kinci,275,99.806,Adj,1,kinci
10899,hokkabaz,275,99.806,Noun,1,hokkabazlık
10900,idealist,274,99.806,Adj,1,idealist
10901,damızlık,274,99.806,Adj,1,damızlık
10902,nebula,274,99.807,Noun,1,nebula
10903,providence,274,99.807,Noun,1,providence
10904,sembolize,274,99.807,Noun,1,sembolize
10905,banliyö,274,99.807,Noun,1,banliyö
10906,tramvay,274,99.807,Noun,1,tramvay
10907,kubrick,274,99.807,Noun,1,kubrick
10908,arasıra,274,99.808,Adv,1,arasıra
10909,öngörü,274,99.808,Noun,1,öngörü
10910,mest,274,99.808,Adj,1,mest
10911,günbatımı,274,99.808,Noun,1,günbatımı
10912,kumral,274,99.808,Adj,1,kumral
10913,varoş,274,99.808,Noun,1,varoş
10914,turistik,274,99.808,Adj,1,turistik
10915,mikael,274,99.809,Noun,1,mikael
10916,patmore,273,99.809,Noun,1,patmore
10917,pandey,273,99.809,Noun,1,pandey
10918,higgs,273,99.809,Noun,1,higgs
10919,çakra,273,99.809,Noun,1,çakra
10920,shania,273,99.809,Noun,1,shania
10921,roketlemek,273,99.81,Verb,1,roketler
10922,walking,273,99.81,Noun,1,walking
10923,trinity,273,99.81,Noun,1,trinity
10924,nanna,273,99.81,Noun,1,nanna
10925,strong,273,99.81,Noun,1,strong
10926,başak,273,99.81,Noun,1,başak
10927,templeton,273,99.81,Noun,1,templeton
10928,wales,273,99.811,Noun,1,wales
10929,frame,273,99.811,Noun,1,frame
10930,latif,273,99.811,Adj,1,latif
10931,sual,273,99.811,Adj,1,sualsiz
10932,lisbeth,273,99.811,Noun,1,lisbeth
10933,odesa,273,99.811,Noun,1,odesa
10934,oska,273,99.812,Noun,1,oska
10935,agos,273,99.812,Noun,1,agos
10936,yitmek,273,99.812,Adv,1,yitip
10937,chou,273,99.812,Noun,1,chou
10938,jodie,273,99.812,Noun,1,jodie
10939,amador,273,99.812,Noun,1,amador
10940,floş,273,99.813,Noun,1,floş
10941,middleton,273,99.813,Noun,1,middleton
10942,misty,273,99.813,Noun,1,misty
10943,gilroy,272,99.813,Noun,1,gilroy
10944,deneyimlemek,272,99.813,Verb,1,deneyimler
10945,adelaide,272,99.813,Noun,1,adelaide
10946,galya,272,99.813,Noun,1,galya
10947,ariadne,272,99.814,Noun,1,ariadne
10948,sarmal,272,99.814,Adj,1,sarmal
10949,nepal,272,99.814,Noun,1,nepal
10950,madge,272,99.814,Noun,1,madge
10951,newyork,272,99.814,Noun,1,newyork
10952,django,272,99.814,Noun,1,django
10953,geçek,272,99.815,Noun,1,geçekten
10954,körlemek,272,99.815,Verb,1,körler
10955,saigon,272,99.815,Noun,1,saigon
10956,leia,272,99.815,Noun,1,leia
10957,münzevi,272,99.815,Adj,1,münzevi
10958,metafor,272,99.815,Noun,1,metafor
10959,komün,272,99.816,Noun,1,komün
10960,antidepresan,272,99.816,Noun,1,antidepresan
10961,bridges,271,99.816,Noun,1,bridges
10962,rosenberg,271,99.816,Noun,1,rosenberg
10963,rowe,271,99.816,Noun,1,rowe
10964,yanis,271,99.816,Noun,1,yanisi
10965,days,271,99.816,Noun,1,days
10966,patolojik,271,99.817,Adj,1,patolojik
10967,skills,271,99.817,Noun,1,skills
10968,mübaşir,271,99.817,Noun,1,mübaşir
10969,marquis,271,99.817,Noun,1,marquis
10970,fernandez,271,99.817,Noun,1,fernandez
10971,ap,271,99.817,Noun,1,ap
10972,sancho,271,99.818,Noun,1,sancho
10973,bastık,271,99.818,Noun,1,bastığında
10974,tahoe,271,99.818,Noun,1,tahoe
10975,pedal,271,99.818,Noun,1,pedal
10976,ritüel,271,99.818,Adj,1,ritüel
10977,mother,271,99.818,Noun,1,mother
10978,woodstock,271,99.818,Noun,1,woodstock
10979,plütonyum,271,99.819,Noun,1,plütonyum
10980,versay,271,99.819,Noun,1,versay
10981,siyasal,270,99.819,Adj,1,siyasal
10982,view,270,99.819,Noun,1,view
10983,engebe,270,99.819,Adj,1,engebeli
10984,mayfield,270,99.819,Noun,1,mayfield
10985,ulysses,270,99.82,Noun,1,ulysses
10986,croft,270,99.82,Noun,1,croft
10987,laroche,270,99.82,Noun,1,laroche
10988,constantin,270,99.82,Noun,1,constantine
10989,cove,270,99.82,Noun,1,cove
10990,bantlamak,270,99.82,Verb,1,bantla
10991,fausto,270,99.82,Noun,1,fausto
10992,dade,270,99.821,Noun,1,dade
10993,zatürree,270,99.821,Noun,1,zatürree
10994,yankees,270,99.821,Noun,1,yankees
10995,crassus,270,99.821,Noun,1,crassus
10996,çöpçatan,270,99.821,Noun,1,çöpçatan
10997,monet,270,99.821,Noun,1,monet
10998,fahrî,270,99.822,Noun,1,fahri
10999,sine,270,99.822,Noun,1,sineye
11000,cırcır,269,99.822,Noun,1,cırcır
11001,sicim,269,99.822,Noun,1,sicim
11002,meze,269,99.822,Noun,1,meze
11003,gonzo,269,99.822,Noun,1,gonzo
11004,syracuse,269,99.823,Noun,1,syracuse
11005,plymouth,269,99.823,Noun,1,plymouth
11006,episode,269,99.823,Noun,1,episode
11007,habire,269,99.823,Adv,1,habire
11008,cihan,269,99.823,Noun,1,cihan
11009,heinz,269,99.823,Noun,1,heinz
11010,tea,269,99.823,Noun,1,tea
11011,dizim,269,99.824,Noun,1,dizimi
11012,byung,269,99.824,Noun,1,byung
11013,akort,269,99.824,Noun,1,akort
11014,kıvrım,269,99.824,Adj,1,kıvrımlı
11015,naz,268,99.824,Noun,1,naz
11016,mater,268,99.824,Noun,1,mater
11017,insülin,268,99.825,Noun,1,insülin
11018,tag,268,99.825,Noun,1,tag
11019,sri,268,99.825,Noun,1,sri
11020,statik,268,99.825,Adj,1,statik
11021,lone,268,99.825,Noun,1,lone
11022,düzüşmek,268,99.825,Noun,1,düzüşmek
11023,ırak,268,99.825,Adj,1,ırak
11024,charmaine,268,99.826,Noun,1,charmaine
11025,opie,268,99.826,Noun,1,opie
11026,kreş,268,99.826,Noun,1,kreş
11027,yehova,268,99.826,Noun,1,yehova
11028,guan,268,99.826,Noun,1,guan
11029,helsing,268,99.826,Noun,1,helsing
11030,teta,268,99.827,Noun,1,teta
11031,kene,268,99.827,Noun,1,kene
11032,tuzaklamak,268,99.827,Verb,1,tuzaklar
11033,konstantin,268,99.827,Noun,1,konstantin
11034,nirvana,267,99.827,Noun,1,nirvana
11035,asalet,267,99.827,Noun,1,asalet
11036,siegfried,267,99.827,Noun,1,siegfried
11037,rosalee,267,99.828,Noun,1,rosalee
11038,oynaşmak,267,99.828,Noun,1,oynaşmak
11039,kilogram,267,99.828,Noun,1,kilogram
11040,earp,267,99.828,Noun,1,earp
11041,goose,267,99.828,Noun,1,goose
11042,wilde,267,99.828,Noun,1,wilden
11043,kaiser,267,99.829,Noun,1,kaiser
11044,mar,267,99.829,Noun,1,mar
11045,ultraviyole,267,99.829,Noun,1,ultraviyole
11046,pops,267,99.829,Noun,1,pops
11047,katılım,267,99.829,Noun,1,katılımcı
11048,yorker,267,99.829,Noun,1,yorker
11049,marki,267,99.829,Noun,1,marki
11050,friday,267,99.83,Noun,1,friday
11051,marcellus,267,99.83,Noun,1,marcellus
11052,thorpe,267,99.83,Noun,1,thorpe
11053,sükûnet,267,99.83,Noun,1,sükunet
11054,mahkumiyet,266,99.83,Noun,1,mahkumiyet
11055,sundance,266,99.83,Noun,1,sundance
11056,judo,266,99.831,Noun,1,judo
11057,sasaki,266,99.831,Noun,1,sasaki
11058,önemek,266,99.831,Verb,1,öneme
11059,sunday,266,99.831,Noun,1,sunday
11060,boykot,266,99.831,Noun,1,boykot
11061,övünmek,266,99.831,Noun,1,övünmek
11062,titanic,266,99.831,Noun,1,titanic
11063,angut,266,99.832,Adj,1,angut
11064,baptist,266,99.832,Noun,1,baptiste
11065,mcgrath,266,99.832,Noun,1,mcgrath
11066,algoritma,266,99.832,Noun,1,algoritma
11067,burkhardt,266,99.832,Noun,1,burkhardt
11068,baskılamak,266,99.832,Verb,1,baskılar
11069,britt,266,99.832,Noun,1,britt
11070,fransisco,266,99.833,Noun,1,fransisco
11071,mads,266,99.833,Noun,1,mads
11072,işbirlikçi,266,99.833,Noun,1,işbirlikçi
11073,sinüs,266,99.833,Noun,1,sinüs
11074,jel,265,99.833,Noun,1,jel
11075,chef,265,99.833,Noun,1,chef
11076,alto,265,99.834,Noun,1,alto
11077,öğleyin,265,99.834,Adv,1,öğleyin
11078,single,265,99.834,Noun,1,single
11079,köhne,265,99.834,Adj,1,köhne
11080,pedikür,265,99.834,Noun,1,pedikür
11081,yıldönüm,265,99.834,Noun,1,yıldönümleri
11082,pikap,265,99.834,Noun,1,pikap
11083,gazap,265,99.835,Noun,1,gazabı
11084,küsur,265,99.835,Noun,1,küsur
11085,korse,265,99.835,Noun,1,korse
11086,start,265,99.835,Noun,1,start
11087,rhett,265,99.835,Noun,1,rhett
11088,figüran,265,99.835,Noun,1,figüran
11089,hapsolmak,265,99.836,Adj,1,hapsolmuş
11090,süslemek,265,99.836,Adj,1,süslenmiş
11091,ılım,265,99.836,Adj,1,ılımlı
11092,mukayese,265,99.836,Noun,1,mukayese
11093,damlamak,265,99.836,Verb,1,damlıyor
11094,marino,265,99.836,Noun,1,marino
11095,rağbet,265,99.836,Noun,1,rağbet
11096,buldog,265,99.837,Noun,1,buldog
11097,rooney,265,99.837,Noun,1,rooney
11098,ahmad,264,99.837,Noun,1,ahmad
11099,sati,264,99.837,Noun,1,satin
11100,testosteron,264,99.837,Noun,1,testosteron
11101,stefano,264,99.837,Noun,1,stefano
11102,metropolitan,264,99.838,Noun,1,metropolitan
11103,sınamak,264,99.838,Noun,1,sınamak
11104,cilve,264,99.838,Noun,1,cilvesi
11105,hummer,264,99.838,Noun,1,hummer
11106,nugent,264,99.838,Noun,1,nugent
11107,çıta,264,99.838,Noun,1,çıtayı
11108,bası,264,99.838,Adj,1,basılı
11109,zorro,264,99.839,Noun,1,zorro
11110,atari,264,99.839,Noun,1,atari
11111,lannister,264,99.839,Noun,1,lannister
11112,iştirak,264,99.839,Noun,1,iştirak
11113,arkeolog,264,99.839,Noun,1,arkeolog
11114,nöroloji,264,99.839,Noun,1,nöroloji
11115,yırtıcı,264,99.839,Verb,1,yırtıcılar
11116,ketum,264,99.84,Adj,1,ketum
11117,muson,264,99.84,Noun,1,muson
11118,dantel,264,99.84,Noun,1,dantel
11119,colonel,264,99.84,Noun,1,colonel
11120,bati,264,99.84,Adj,1,bati
11121,paintball,264,99.84,Noun,1,paintball
11122,içerlemek,264,99.841,Verb,1,içerler
11123,friedman,264,99.841,Noun,1,friedman
11124,astronomik,264,99.841,Adj,1,astronomik
11125,oaks,264,99.841,Noun,1,oaks
11126,şahıs,264,99.841,Noun,1,şahsın
11127,rugby,263,99.841,Noun,1,rugby
11128,barber,263,99.841,Noun,1,barber
11129,fairy,263,99.842,Noun,1,fairy
11130,lion,263,99.842,Noun,1,lion
11131,ıslanmak,263,99.842,Adj,1,ıslanmış
11132,kızılcık,263,99.842,Noun,1,kızılcık
11133,hickey,263,99.842,Noun,1,hickey
11134,dokgo,263,99.842,Noun,1,dokgo
11135,gücenmek,263,99.843,Verb,1,gücenme
11136,babi,263,99.843,Noun,1,babi
11137,güdüm,263,99.843,Adj,1,güdümlü
11138,rengârenk,263,99.843,Adj,1,rengarenk
11139,frizbi,263,99.843,Noun,1,frizbi
11140,hubbard,263,99.843,Noun,1,hubbard
11141,bongo,263,99.843,Noun,1,bongo
11142,bergen,263,99.844,Noun,1,bergen
11143,ahenk,263,99.844,Noun,1,ahenk
11144,jeep,263,99.844,Noun,1,jeep
11145,fonda,263,99.844,Interj,1,fonda
11146,faust,263,99.844,Noun,1,faust
11147,afacan,262,99.844,Adj,1,afacan
11148,deterjan,262,99.844,Noun,1,deterjan
11149,mind,262,99.845,Noun,1,mind
11150,shaolin,262,99.845,Noun,1,shaolin
11151,phlox,262,99.845,Noun,1,phlox
11152,wilkinson,262,99.845,Noun,1,wilkinson
11153,ria,262,99.845,Noun,1,ria
11154,tevrat,262,99.845,Noun,1,tevrat
11155,nassau,262,99.846,Noun,1,nassau
11156,çıkıntı,262,99.846,Noun,1,çıkıntı
11157,katerina,262,99.846,Noun,1,katerina
11158,rhoda,262,99.846,Noun,1,rhoda
11159,alisha,262,99.846,Noun,1,alisha
11160,sims,262,99.846,Noun,1,sims
11161,nightingale,262,99.846,Noun,1,nightingale
11162,lizbon,262,99.847,Noun,1,lizbon
11163,esaret,262,99.847,Noun,1,esaret
11164,katar,262,99.847,Noun,1,katara
11165,merry,262,99.847,Noun,1,merry
11166,mead,262,99.847,Noun,1,mead
11167,navy,262,99.847,Noun,1,navy
11168,trenton,262,99.847,Noun,1,trenton
11169,lokal,262,99.848,Adj,1,lokal
11170,başsağlığı,262,99.848,Noun,1,başsağlığı
11171,zula,261,99.848,Noun,1,zula
11172,mongo,261,99.848,Noun,1,mongo
11173,arcadia,261,99.848,Noun,1,arcadia
11174,motors,261,99.848,Noun,1,motors
11175,senyör,261,99.849,Noun,1,senyör
11176,milenyum,261,99.849,Noun,1,milenyum
11177,sith,261,99.849,Noun,1,sith
11178,petrus,261,99.849,Noun,1,petrus
11179,molina,261,99.849,Noun,1,molina
11180,güler,261,99.849,Noun,1,gülerler
11181,lennie,261,99.849,Noun,1,lennie
11182,pinot,261,99.85,Noun,1,pinot
11183,çöpçatanlık,261,99.85,Noun,1,çöpçatanlık
11184,karbonhidrat,261,99.85,Noun,1,karbonhidrat
11185,dirty,261,99.85,Noun,1,dirty
11186,chong,261,99.85,Noun,1,chong
11187,oren,261,99.85,Noun,1,oren
11188,herbie,261,99.85,Noun,1,herbie
11189,chaney,261,99.851,Noun,1,chaney
11190,fıtık,261,99.851,Noun,1,fıtık
11191,lûnapark,261,99.851,Noun,1,lunapark
11192,fosfor,261,99.851,Noun,1,fosfor
11193,williamson,261,99.851,Noun,1,williamson
11194,rosetta,260,99.851,Noun,1,rosetta
11195,lexus,260,99.852,Noun,1,lexus
11196,christa,260,99.852,Noun,1,christa
11197,aquaman,260,99.852,Noun,1,aquaman
11198,turing,260,99.852,Noun,1,turing
11199,dizel,260,99.852,Noun,1,dizel
11200,fatima,260,99.852,Noun,1,fatima
11201,fırat,260,99.852,Noun,1,fırat
11202,wook,260,99.853,Noun,1,wook
11203,ferahlamak,260,99.853,Adj,1,ferahlatıcı
11204,nitro,260,99.853,Noun,1,nitro
11205,mays,260,99.853,Noun,1,mays
11206,gretel,260,99.853,Noun,1,gretel
11207,çoğul,260,99.853,Adj,1,çoğul
11208,gustave,260,99.853,Noun,1,gustave
11209,skynet,260,99.854,Noun,1,skynet
11210,siya,260,99.854,Noun,1,siyam
11211,dingil,260,99.854,Adj,1,dingil
11212,sürtünmek,260,99.854,Verb,1,sürtünme
11213,soba,260,99.854,Noun,1,soba
11214,howe,259,99.854,Noun,1,howe
11215,dunphy,259,99.855,Noun,1,dunphy
11216,denizanası,259,99.855,Noun,1,denizanası
11217,nezaketen,259,99.855,Adv,1,nezaketen
11218,tüberküloz,259,99.855,Noun,1,tüberküloz
11219,miley,259,99.855,Noun,1,miley
11220,bourbon,259,99.855,Noun,1,bourbon
11221,season,259,99.855,Noun,1,season
11222,judi,259,99.856,Noun,1,judi
11223,gregson,259,99.856,Noun,1,gregson
11224,molekül,259,99.856,Noun,1,molekül
11225,swann,259,99.856,Noun,1,swann
11226,spielberg,259,99.856,Noun,1,spielberg
11227,dupree,259,99.856,Noun,1,dupree
11228,ezberlemek,259,99.856,Verb,1,ezberledim
11229,kısımlamak,259,99.857,Verb,1,kısımlar
11230,welch,259,99.857,Noun,1,welch
11231,hanover,258,99.857,Noun,1,hanover
11232,truth,258,99.857,Noun,1,truth
11233,mariel,258,99.857,Noun,1,mariel
11234,tuttle,258,99.857,Noun,1,tuttle
11235,cemil,258,99.858,Adj,1,cemil
11236,yüküm,258,99.858,Adj,1,yükümlü
11237,kayınbirader,258,99.858,Noun,1,kayınbiraderim
11238,rainbow,258,99.858,Noun,1,rainbow
11239,gedmek,258,99.858,Verb,1,ged
11240,rocket,258,99.858,Noun,1,rocket
11241,sheng,258,99.858,Noun,1,sheng
11242,feldman,258,99.859,Noun,1,feldman
11243,giorgio,258,99.859,Noun,1,giorgio
11244,fall,258,99.859,Noun,1,fall
11245,rothstein,258,99.859,Noun,1,rothstein
11246,varoluş,257,99.859,Noun,1,varoluş
11247,demeç,257,99.859,Noun,1,demeç
11248,mcclane,257,99.859,Noun,1,mcclane
11249,şal,257,99.86,Noun,1,şal
11250,şişkin,257,99.86,Adj,1,şişkin
11251,madsen,257,99.86,Noun,1,madsen
11252,sentinel,257,99.86,Noun,1,sentinel
11253,nike,257,99.86,Noun,1,nike
11254,farrow,257,99.86,Noun,1,farrow
11255,voltaj,257,99.86,Noun,1,voltaj
11256,külkedisi,257,99.861,Adj,1,külkedisi
11257,lambalamak,257,99.861,Verb,1,lambalar
11258,manuela,257,99.861,Noun,1,manuela
11259,dodgers,257,99.861,Noun,1,dodgers
11260,errol,257,99.861,Noun,1,errol
11261,kimble,257,99.861,Noun,1,kimble
11262,gaia,257,99.862,Noun,1,gaia
11263,cicim,257,99.862,Noun,1,cicim
11264,gözbebek,257,99.862,Noun,1,gözbebekleri
11265,adak,257,99.862,Noun,1,adak
11266,konteynır,257,99.862,Noun,1,konteynır
11267,pacino,257,99.862,Noun,1,pacino
11268,find,257,99.862,Noun,1,find
11269,stephens,257,99.863,Noun,1,stephens
11270,dun,257,99.863,Adj,1,dun
11271,misaki,257,99.863,Noun,1,misaki
11272,susturucu,256,99.863,Adj,1,susturucu
11273,timo,256,99.863,Noun,1,timo
11274,connolly,256,99.863,Noun,1,connolly
11275,yallah,256,99.863,Interj,1,yallah
11276,fly,256,99.864,Noun,1,fly
11277,chao,256,99.864,Noun,1,chao
11278,şeklî,256,99.864,Verb,1,şeklidir
11279,cu,256,99.864,Noun,1,cu
11280,ozzy,256,99.864,Noun,1,ozzy
11281,mercimek,256,99.864,Noun,1,mercimeği
11282,manila,256,99.864,Noun,1,manila
11283,kanı,256,99.865,Noun,1,kanıya
11284,daniela,256,99.865,Noun,1,daniela
11285,viral,256,99.865,Adj,1,viral
11286,doğurgan,256,99.865,Noun,1,doğurganlık
11287,orhan,256,99.865,Noun,1,orhan
11288,knowles,256,99.865,Noun,1,knowles
11289,epilepsi,256,99.865,Noun,1,epilepsi
11290,merrill,256,99.866,Noun,1,merrill
11291,largo,256,99.866,Adv,1,largo
11292,bitim,256,99.866,Noun,1,bitiminde
11293,athos,255,99.866,Noun,1,athos
11294,pasha,255,99.866,Noun,1,pasha
11295,erol,255,99.866,Noun,1,erol
11296,hermann,255,99.867,Noun,1,hermann
11297,snoop,255,99.867,Noun,1,snoop
11298,sioux,255,99.867,Noun,1,sioux
11299,band,255,99.867,Noun,1,band
11300,bilbo,255,99.867,Noun,1,bilbo
11301,kâmil,255,99.867,Adj,1,kamil
11302,kanzaki,255,99.867,Noun,1,kanzaki
11303,heathcliff,255,99.868,Noun,1,heathcliff
11304,nobu,255,99.868,Noun,1,nobu
11305,ıh,255,99.868,Interj,1,ıh
11306,şairane,255,99.868,Adj,1,şairane
11307,söğüt,255,99.868,Noun,1,söğüt
11308,holder,255,99.868,Noun,1,holder
11309,fuentes,255,99.868,Noun,1,fuentes
11310,işletim,255,99.869,Noun,1,işletim
11311,afiş,255,99.869,Noun,1,afiş
11312,shang,255,99.869,Noun,1,shang
11313,mcnulty,255,99.869,Noun,1,mcnulty
11314,yaman,255,99.869,Adj,1,yaman
11315,next,255,99.869,Noun,1,next
11316,barbra,254,99.869,Noun,1,barbra
11317,pub,254,99.87,Noun,1,pub
11318,jigolo,254,99.87,Noun,1,jigolo
11319,avusturalya,254,99.87,Noun,1,avusturalya
11320,etap,254,99.87,Noun,1,etapta
11321,name,254,99.87,Noun,1,name
11322,talip,254,99.87,Adj,1,talip
11323,leningrad,254,99.87,Noun,1,leningrad
11324,sn,254,99.871,Noun,1,sn
11325,singham,254,99.871,Noun,1,singham
11326,cantor,254,99.871,Noun,1,cantor
11327,waterloo,254,99.871,Noun,1,waterloo
11328,snoopy,254,99.871,Noun,1,snoopy
11329,ikilem,254,99.871,Noun,1,ikilem
11330,dahl,254,99.871,Noun,1,dahl
11331,apar,254,99.872,Dup,1,apar
11332,kısrak,254,99.872,Noun,1,kısrak
11333,alexandre,254,99.872,Noun,1,alexandre
11334,barışık,254,99.872,Adj,1,barışık
11335,kıvrak,254,99.872,Adj,1,kıvrak
11336,karsten,254,99.872,Noun,1,karsten
11337,gazze,253,99.873,Noun,1,gazze
11338,cobra,253,99.873,Noun,1,cobra
11339,atkins,253,99.873,Noun,1,atkins
11340,mathieu,253,99.873,Noun,1,mathieu
11341,pal,253,99.873,Noun,1,pal
11342,livingston,253,99.873,Noun,1,livingston
11343,claus,253,99.873,Noun,1,claus
11344,aigoo,253,99.874,Noun,1,aigoo
11345,entertainment,253,99.874,Noun,1,entertainment
11346,büsbütün,253,99.874,Adv,1,büsbütün
11347,whittaker,253,99.874,Noun,1,whittaker
11348,dayton,253,99.874,Noun,1,dayton
11349,bismarck,253,99.874,Noun,1,bismarck
11350,öykülemek,253,99.874,Verb,1,öyküler
11351,fifi,253,99.875,Noun,1,fifi
11352,atropin,253,99.875,Noun,1,atropin
11353,ozon,253,99.875,Noun,1,ozon
11354,zoro,253,99.875,Noun,1,zoro
11355,kalifiye,253,99.875,Adj,1,kalifiye
11356,şipşak,253,99.875,Adv,1,şipşak
11357,eter,252,99.875,Noun,1,eter
11358,serap,252,99.876,Noun,1,serap
11359,sissy,252,99.876,Noun,1,sissy
11360,jolie,252,99.876,Noun,1,jolie
11361,aort,252,99.876,Noun,1,aort
11362,ulak,252,99.876,Noun,1,ulak
11363,çekidüzen,252,99.876,Noun,1,çekidüzen
11364,pornografi,252,99.876,Noun,1,pornografi
11365,achilles,252,99.877,Noun,1,achilles
11366,gannicus,252,99.877,Noun,1,gannicus
11367,haram,252,99.877,Adj,1,haram
11368,apandisit,252,99.877,Noun,1,apandisit
11369,starr,252,99.877,Noun,1,starr
11370,autobot,252,99.877,Noun,1,autobotlar
11371,lore,252,99.877,Noun,1,loren
11372,marifet,252,99.878,Noun,1,marifet
11373,renny,252,99.878,Noun,1,renny
11374,püskü,252,99.878,Noun,1,püskü
11375,sonuçsuz,252,99.878,Adj,1,sonuçsuz
11376,upuzun,252,99.878,Adj,1,upuzun
11377,giulia,251,99.878,Noun,1,giulia
11378,lolita,251,99.878,Noun,1,lolita
11379,mooney,251,99.879,Noun,1,mooney
11380,after,251,99.879,Noun,1,after
11381,karatmak,251,99.879,Verb,1,karat
11382,droid,251,99.879,Noun,1,droid
11383,epps,251,99.879,Noun,1,epps
11384,mosby,251,99.879,Noun,1,mosby
11385,sabina,251,99.879,Noun,1,sabina
11386,hess,251,99.88,Noun,1,hess
11387,kabız,251,99.88,Noun,1,kabız
11388,topar,251,99.88,Dup,1,topar
11389,lawton,251,99.88,Noun,1,lawton
11390,aron,251,99.88,Noun,1,aron
11391,ortodoks,251,99.88,Adj,1,ortodoks
11392,gut,251,99.88,Noun,1,gut
11393,engizisyon,251,99.881,Noun,1,engizisyon
11394,yamato,251,99.881,Noun,1,yamato
11395,santo,251,99.881,Noun,1,santo
11396,susannah,251,99.881,Noun,1,susannah
11397,dwyer,251,99.881,Noun,1,dwyer
11398,dağcı,250,99.881,Noun,1,dağcı
11399,birikim,250,99.881,Noun,1,birikimi
11400,crash,250,99.882,Noun,1,crash
11401,eskrim,250,99.882,Noun,1,eskrim
11402,benzin,250,99.882,Noun,1,benzinimiz
11403,üçlemek,250,99.882,Noun,1,üçlemeci
11404,hallelujah,250,99.882,Noun,1,hallelujah
11405,morrow,250,99.882,Noun,1,morrow
11406,polk,250,99.882,Noun,1,polk
11407,shanti,250,99.883,Noun,1,shanti
11408,mademki,250,99.883,Conj,1,mademki
11409,vice,250,99.883,Noun,1,vice
11410,rest,250,99.883,Noun,1,rest
11411,kangren,250,99.883,Noun,1,kangren
11412,daracık,249,99.883,Adj,1,daracık
11413,aditya,249,99.883,Noun,1,aditya
11414,karanfil,249,99.884,Noun,1,karanfil
11415,tail,249,99.884,Noun,1,tail
11416,chopin,249,99.884,Noun,1,chopin
11417,kerata,249,99.884,Noun,1,kerata
11418,charly,249,99.884,Noun,1,charly
11419,sergey,249,99.884,Noun,1,sergey
11420,engerek,249,99.885,Noun,1,engerek
11421,korna,249,99.885,Noun,1,kornaya
11422,volkswagen,249,99.885,Noun,1,volkswagen
11423,dut,249,99.885,Noun,1,dut
11424,hayda,249,99.885,Interj,1,hayda
11425,renard,249,99.885,Noun,1,renard
11426,deepak,249,99.885,Noun,1,deepak
11427,lavinia,249,99.886,Noun,1,lavinia
11428,kroşe,249,99.886,Noun,1,kroşe
11429,çiğlik,249,99.886,Noun,1,çiğlik
11430,hırpalamak,249,99.886,Adj,1,hırpalanmış
11431,yanıtlamak,249,99.886,Verb,1,yanıtlar
11432,irkmek,249,99.886,Verb,1,irk
11433,yağmurluk,248,99.886,Noun,1,yağmurluk
11434,loş,248,99.887,Adj,1,loş
11435,hawai,248,99.887,Noun,1,hawai
11436,hecelemek,248,99.887,Verb,1,heceleme
11437,denyo,248,99.887,Adj,1,denyo
11438,vitir,248,99.887,Noun,1,vitrin
11439,lityum,248,99.887,Noun,1,lityum
11440,patinaj,248,99.887,Noun,1,patinaj
11441,kademe,248,99.888,Adj,1,kademeli
11442,toplu,248,99.888,Adv,1,topluca
11443,lasse,248,99.888,Noun,1,lasse
11444,taub,248,99.888,Noun,1,taub
11445,haas,248,99.888,Noun,1,haas
11446,gora,248,99.888,Noun,1,goran
11447,etobur,248,99.888,Adj,1,etobur
11448,erich,248,99.888,Noun,1,erich
11449,tuzla,248,99.889,Noun,1,tuzla
11450,menenjit,248,99.889,Noun,1,menenjit
11451,gant,248,99.889,Noun,1,gant
11452,tırmık,248,99.889,Noun,1,tırmık
11453,klor,248,99.889,Noun,1,klor
11454,mülayim,248,99.889,Adj,1,mülayim
11455,rockwell,248,99.889,Noun,1,rockwell
11456,mischa,248,99.89,Noun,1,mischa
11457,birtane,247,99.89,Noun,1,birtanem
11458,kinsey,247,99.89,Noun,1,kinsey
11459,sardalya,247,99.89,Noun,1,sardalya
11460,doakes,247,99.89,Noun,1,doakes
11461,regis,247,99.89,Noun,1,regis
11462,yağmurlamak,247,99.89,Verb,1,yağmurlar
11463,küçülmek,247,99.891,Verb,1,küçülüyor
11464,jandarma,247,99.891,Adj,1,jandarma
11465,strip,247,99.891,Noun,1,strip
11466,süperstar,247,99.891,Noun,1,süperstar
11467,dikte,247,99.891,Noun,1,dikte
11468,bağlam,247,99.891,Noun,1,bağlamda
11469,kensington,247,99.891,Noun,1,kensington
11470,valeria,247,99.892,Noun,1,valeria
11471,sherwood,247,99.892,Noun,1,sherwood
11472,bayi,246,99.892,Noun,1,bayim
11473,pd,246,99.892,Noun,1,pd
11474,leena,246,99.892,Noun,1,leena
11475,sanford,246,99.892,Noun,1,sanford
11476,caruso,246,99.892,Noun,1,caruso
11477,pelikan,246,99.893,Noun,1,pelikan
11478,ayartmak,246,99.893,Verb,1,ayartmaya
11479,aimee,246,99.893,Noun,1,aimee
11480,cannes,246,99.893,Noun,1,cannes
11481,asteroit,246,99.893,Noun,1,asteroit
11482,mızmızlanmak,246,99.893,Noun,1,mızmızlanmayı
11483,goliath,246,99.893,Noun,1,goliath
11484,katz,246,99.894,Noun,1,katz
11485,siklet,246,99.894,Noun,1,siklet
11486,indî,246,99.894,Noun,1,indiler
11487,pornografik,246,99.894,Adj,1,pornografik
11488,crazy,246,99.894,Noun,1,crazy
11489,gould,246,99.894,Noun,1,gould
11490,hintçe,246,99.894,Adj,1,hintçe
11491,lasky,246,99.895,Noun,1,lasky
11492,kızcağız,246,99.895,Noun,1,kızcağız
11493,camino,246,99.895,Noun,1,camino
11494,astro,246,99.895,Noun,1,astro
11495,namlu,246,99.895,Noun,1,namlu
11496,istatistik,245,99.895,Noun,1,istatistik
11497,yağlamak,245,99.895,Verb,1,yağla
11498,kapüşon,245,99.896,Adj,1,kapüşonlu
11499,patoloji,245,99.896,Noun,1,patoloji
11500,pensilvanya,245,99.896,Noun,1,pensilvanya
11501,augusto,245,99.896,Noun,1,augusto
11502,salıncak,245,99.896,Noun,1,salıncak
11503,paulette,245,99.896,Noun,1,paulette
11504,prius,245,99.896,Noun,1,prius
11505,sekte,245,99.897,Noun,1,sekteye
11506,lot,245,99.897,Noun,1,lot
11507,chihuahua,245,99.897,Noun,1,chihuahua
11508,baal,245,99.897,Noun,1,baal
11509,mavis,245,99.897,Noun,1,mavis
11510,riayet,245,99.897,Noun,1,riayet
11511,herbiri,245,99.897,Pron,1,herbiri
11512,mambo,245,99.898,Noun,1,mambo
11513,radio,245,99.898,Noun,1,radio
11514,elwood,244,99.898,Noun,1,elwood
11515,svetlana,244,99.898,Noun,1,svetlana
11516,veto,244,99.898,Noun,1,veto
11517,sokman,244,99.898,Noun,1,sokman
11518,yanardağ,244,99.898,Noun,1,yanardağ
11519,sommers,244,99.899,Noun,1,sommers
11520,vary,244,99.899,Noun,1,varya
11521,lacivert,244,99.899,Adj,1,lacivert
11522,dooku,244,99.899,Noun,1,dooku
11523,kaşınmak,244,99.899,Verb,1,kaşındırıyor
11524,bern,244,99.899,Noun,1,bern
11525,playstation,244,99.899,Noun,1,playstation
11526,burr,244,99.9,Noun,1,burr
11527,birch,244,99.9,Noun,1,birch
11528,genelkurmay,244,99.9,Noun,1,genelkurmay
11529,rolls,244,99.9,Noun,1,rolls
11530,cale,244,99.9,Noun,1,cale
11531,melville,244,99.9,Noun,1,melville
11532,ramses,244,99.9,Noun,1,ramses
11533,piramid,244,99.901,Noun,1,piramidin
11534,gencecik,244,99.901,Adj,1,gencecik
11535,help,244,99.901,Noun,1,help
11536,rigby,244,99.901,Noun,1,rigby
11537,cebrail,243,99.901,Noun,1,cebrail
11538,semt,243,99.901,Noun,1,semt
11539,wharton,243,99.901,Noun,1,wharton
11540,illüzyon,243,99.901,Noun,1,illüzyon
11541,pabuç,243,99.902,Noun,1,pabuç
11542,kul,243,99.902,Noun,1,kulu
11543,menekşe,243,99.902,Noun,1,menekşe
11544,venus,243,99.902,Noun,1,venus
11545,tıklamak,243,99.902,Verb,1,tıkla
11546,ahududu,243,99.902,Noun,1,ahududu
11547,simetrik,243,99.902,Adj,1,simetrik
11548,project,243,99.903,Noun,1,project
11549,belmont,243,99.903,Noun,1,belmont
11550,company,243,99.903,Noun,1,company
11551,kolesterol,243,99.903,Noun,1,kolesterol
11552,ful,243,99.903,Noun,1,ful
11553,trask,243,99.903,Noun,1,trask
11554,westminster,243,99.903,Noun,1,westminster
11555,tahkikat,243,99.904,Noun,1,tahkikat
11556,çırağ,243,99.904,Noun,1,çırağı
11557,dama,243,99.904,Noun,1,damada
11558,ml,243,99.904,Noun,1,ml
11559,mühlet,243,99.904,Noun,1,mühlet
11560,taxi,242,99.904,Noun,1,taxi
11561,baton,242,99.904,Noun,1,baton
11562,eichmann,242,99.905,Noun,1,eichmann
11563,derli,242,99.905,Dup,1,derli
11564,atmosferik,242,99.905,Adj,1,atmosferik
11565,doğramak,242,99.905,Adj,1,doğranmış
11566,vaktiyle,242,99.905,Adv,1,vaktiyle
11567,sports,242,99.905,Noun,1,sports
11568,dicky,242,99.905,Noun,1,dicky
11569,curry,242,99.906,Noun,1,curry
11570,efor,242,99.906,Noun,1,efor
11571,karizma,242,99.906,Noun,1,karizma
11572,jase,242,99.906,Noun,1,jase
11573,şalgam,242,99.906,Noun,1,şalgam
11574,dalai,242,99.906,Noun,1,dalai
11575,habis,242,99.906,Adj,1,habis
11576,hamza,242,99.907,Noun,1,hamza
11577,çaydanlık,242,99.907,Noun,1,çaydanlık
11578,faber,242,99.907,Noun,1,faber
11579,hitman,242,99.907,Noun,1,hitman
11580,sagol,242,99.907,Noun,1,sagol
11581,kulaktan,242,99.907,Adv,1,kulaktan
11582,fortune,242,99.907,Noun,1,fortune
11583,islami,242,99.907,Adj,1,İslami
11584,ando,242,99.908,Noun,1,ando
11585,rötar,241,99.908,Noun,1,rötar
11586,calais,241,99.908,Noun,1,calais
11587,pinpon,241,99.908,Adj,1,pinpon
11588,ıspanak,241,99.908,Noun,1,ıspanak
11589,çetrefil,241,99.908,Adj,1,çetrefilli
11590,ileti,241,99.908,Noun,1,ileti
11591,sucuk,241,99.909,Noun,1,sucuk
11592,filistinli,241,99.909,Noun,1,filistinli
11593,çeçe,241,99.909,Noun,1,çeçen
11594,brewer,241,99.909,Noun,1,brewer
11595,gereksinim,241,99.909,Noun,1,gereksinim
11596,greenberg,241,99.909,Noun,1,greenberg
11597,suiistimal,241,99.909,Noun,1,suiistimal
11598,gaulle,241,99.91,Noun,1,gaulle
11599,tüketim,241,99.91,Noun,1,tüketim
11600,schroeder,241,99.91,Noun,1,schroeder
11601,kopyalamak,241,99.91,Verb,1,kopyalama
11602,story,241,99.91,Noun,1,story
11603,savoy,241,99.91,Noun,1,savoy
11604,jeoloji,240,99.91,Noun,1,jeoloji
11605,türbülans,240,99.911,Noun,1,türbülans
11606,mamut,240,99.911,Noun,1,mamut
11607,ayrık,240,99.911,Adj,1,ayrık
11608,maydanoz,240,99.911,Noun,1,maydanoz
11609,lala,240,99.911,Interj,1,lala
11610,nitekim,240,99.911,Adv,1,nitekim
11611,bolt,240,99.911,Noun,1,bolt
11612,radde,240,99.911,Noun,1,raddeye
11613,hamid,240,99.912,Noun,1,hamid
11614,arsoy,240,99.912,Noun,1,arsoy
11615,ortanca,240,99.912,Adj,1,ortanca
11616,psikoz,240,99.912,Noun,1,psikoz
11617,lions,240,99.912,Noun,1,lions
11618,styles,240,99.912,Noun,1,styles
11619,ranza,240,99.912,Noun,1,ranza
11620,sportif,240,99.913,Adj,1,sportif
11621,cavendish,240,99.913,Noun,1,cavendish
11622,langdon,240,99.913,Noun,1,langdon
11623,miyuki,240,99.913,Noun,1,miyuki
11624,kalorifer,240,99.913,Noun,1,kalorifer
11625,rainer,240,99.913,Noun,1,rainer
11626,hun,240,99.913,Noun,1,hun
11627,runkle,240,99.914,Noun,1,runkle
11628,sahibe,240,99.914,Noun,1,sahibe
11629,aceveda,240,99.914,Noun,1,aceveda
11630,fight,239,99.914,Noun,1,fight
11631,laguerta,239,99.914,Noun,1,laguerta
11632,mathilde,239,99.914,Noun,1,mathilde
11633,mojito,239,99.914,Noun,1,mojito
11634,taşıt,239,99.915,Noun,1,taşıtlar
11635,longo,239,99.915,Noun,1,longo
11636,cinderella,239,99.915,Noun,1,cinderella
11637,ense,239,99.915,Noun,1,ensemde
11638,effie,239,99.915,Noun,1,effie
11639,kazuo,239,99.915,Noun,1,kazuo
11640,sikke,239,99.915,Noun,1,sikke
11641,keyes,239,99.915,Noun,1,keyes
11642,dinç,239,99.916,Adj,1,dinç
11643,corvette,239,99.916,Noun,1,corvette
11644,zum,239,99.916,Noun,1,zum
11645,koşar,239,99.916,Noun,1,koşarım
11646,ortaklaşa,239,99.916,Adv,1,ortaklaşa
11647,noir,239,99.916,Noun,1,noir
11648,mccabe,238,99.916,Noun,1,mccabe
11649,randal,238,99.917,Noun,1,randal
11650,dugan,238,99.917,Noun,1,dugan
11651,kunt,238,99.917,Noun,1,kunta
11652,donaldson,238,99.917,Noun,1,donaldson
11653,kalkık,238,99.917,Adj,1,kalkık
11654,intikal,238,99.917,Noun,1,intikal
11655,çağrışım,238,99.917,Noun,1,çağrışım
11656,jackman,238,99.918,Noun,1,jackman
11657,versailles,238,99.918,Noun,1,versailles
11658,shiloh,238,99.918,Noun,1,shiloh
11659,taşmak,238,99.918,Adj,1,taşan
11660,mcbeal,238,99.918,Noun,1,mcbeal
11661,rollo,238,99.918,Noun,1,rollo
11662,ceren,238,99.918,Noun,1,ceren
11663,brütüs,238,99.918,Noun,1,brütüs
11664,durham,238,99.919,Noun,1,durham
11665,horse,238,99.919,Noun,1,horse
11666,piya,238,99.919,Noun,1,piya
11667,çarşı,238,99.919,Noun,1,çarşıya
11668,bordo,238,99.919,Adj,1,bordo
11669,tetanos,238,99.919,Noun,1,tetanos
11670,professor,238,99.919,Noun,1,professor
11671,taft,238,99.92,Noun,1,taft
11672,ruthless,238,99.92,Noun,1,ruthless
11673,led,238,99.92,Noun,1,led
11674,molesley,238,99.92,Noun,1,molesley
11675,opal,237,99.92,Noun,1,opal
11676,simsiyah,237,99.92,Adj,1,simsiyah
11677,üşütük,237,99.92,Adj,1,üşütük
11678,orochimaru,237,99.921,Noun,1,orochimaru
11679,tetkik,237,99.921,Noun,1,tetkik
11680,nikola,237,99.921,Noun,1,nikola
11681,osiris,237,99.921,Noun,1,osiris
11682,chardonnay,237,99.921,Noun,1,chardonnay
11683,via,237,99.921,Noun,1,via
11684,rey,237,99.921,Noun,1,rey
11685,barack,237,99.922,Noun,1,barack
11686,tebliğ,237,99.922,Noun,1,tebliğ
11687,kobayashi,237,99.922,Noun,1,kobayashi
11688,kervan,237,99.922,Noun,1,kervan
11689,cihat,237,99.922,Noun,1,cihat
11690,banker,237,99.922,Noun,1,banker
11691,folk,237,99.922,Noun,1,folk
11692,nemlenmek,237,99.922,Adj,1,nemlendirici
11693,aforoz,237,99.923,Noun,1,aforoz
11694,eleştirmek,237,99.923,Noun,1,eleştirmek
11695,alia,237,99.923,Noun,1,alia
11696,kâm,237,99.923,Noun,1,kama
11697,itimat,236,99.923,Noun,1,itimat
11698,yâran,236,99.923,Noun,1,yaranı
11699,bizon,236,99.923,Noun,1,bizon
11700,domingo,236,99.924,Noun,1,domingo
11701,philips,236,99.924,Noun,1,philips
11702,stringer,236,99.924,Noun,1,stringer
11703,mehra,236,99.924,Noun,1,mehra
11704,nothing,236,99.924,Noun,1,nothing
11705,ışıltı,236,99.924,Adj,1,ışıltılı
11706,çevirmen,236,99.924,Noun,1,çevirmenler
11707,business,236,99.924,Noun,1,business
11708,goldstein,236,99.925,Noun,1,goldstein
11709,gedik,236,99.925,Noun,1,gedik
11710,germain,236,99.925,Noun,1,germain
11711,nacho,236,99.925,Noun,1,nacho
11712,karabasan,236,99.925,Noun,1,karabasan
11713,gruber,236,99.925,Noun,1,gruber
11714,capua,236,99.925,Noun,1,capua
11715,stinson,236,99.926,Noun,1,stinson
11716,wash,236,99.926,Noun,1,wash
11717,çilingir,236,99.926,Noun,1,çilingir
11718,magnolia,235,99.926,Noun,1,magnolia
11719,tutum,235,99.926,Noun,1,tutumu
11720,osborn,235,99.926,Noun,1,osborn
11721,çelmek,235,99.926,Verb,1,çelme
11722,baca,235,99.927,Noun,1,bacadan
11723,chrysler,235,99.927,Noun,1,chrysler
11724,gilles,235,99.927,Noun,1,gilles
11725,kınamak,235,99.927,Verb,1,kına
11726,gross,235,99.927,Noun,1,gross
11727,press,235,99.927,Noun,1,press
11728,kelepir,235,99.927,Noun,1,kelepir
11729,nostalji,235,99.927,Noun,1,nostalji
11730,demiryol,235,99.928,Noun,1,demiryolları
11731,joplin,235,99.928,Noun,1,joplin
11732,sancımak,235,99.928,Verb,1,sancı
11733,merci,235,99.928,Noun,1,merci
11734,enrico,235,99.928,Noun,1,enrico
11735,mercek,235,99.928,Noun,1,mercek
11736,bakersfield,235,99.928,Noun,1,bakersfield
11737,yao,235,99.929,Noun,1,yao
11738,köklemek,235,99.929,Verb,1,kökler
11739,silik,235,99.929,Adj,1,silik
11740,sansür,235,99.929,Noun,1,sansür
11741,guinness,234,99.929,Noun,1,guinness
11742,waverly,234,99.929,Noun,1,waverly
11743,sıcakkanlı,234,99.929,Adj,1,sıcakkanlı
11744,metrekare,234,99.929,Noun,1,metrekare
11745,chadwick,234,99.93,Noun,1,chadwick
11746,harkonnen,234,99.93,Noun,1,harkonnen
11747,bukalemun,234,99.93,Noun,1,bukalemun
11748,neco,234,99.93,Noun,1,neco
11749,koko,234,99.93,Noun,1,koko
11750,dobson,234,99.93,Noun,1,dobson
11751,lupo,234,99.93,Noun,1,lupo
11752,beast,234,99.931,Noun,1,beast
11753,kızarık,234,99.931,Noun,1,kızarıklık
11754,huxley,234,99.931,Noun,1,huxley
11755,sanji,234,99.931,Noun,1,sanji
11756,tazelemek,234,99.931,Verb,1,tazeleyeyim
11757,kosova,234,99.931,Noun,1,kosova
11758,china,234,99.931,Noun,1,china
11759,martina,234,99.932,Noun,1,martina
11760,becks,233,99.932,Noun,1,becks
11761,rogue,233,99.932,Noun,1,rogue
11762,panos,233,99.932,Noun,1,panosu
11763,obur,233,99.932,Adj,1,obur
11764,bipolar,233,99.932,Adj,1,bipolar
11765,ennis,233,99.932,Noun,1,ennis
11766,eda,233,99.932,Noun,1,eda
11767,bağlama,233,99.933,Noun,1,bağlamayı
11768,klârnet,233,99.933,Noun,1,klarnet
11769,söyleşi,233,99.933,Noun,1,söyleşi
11770,tanker,233,99.933,Noun,1,tanker
11771,beatriz,233,99.933,Noun,1,beatriz
11772,spector,233,99.933,Noun,1,spector
11773,heroes,233,99.933,Noun,1,heroes
11774,vittorio,233,99.934,Noun,1,vittorio
11775,kolo,233,99.934,Noun,1,kolon
11776,şöför,233,99.934,Noun,1,şöför
11777,prix,233,99.934,Noun,1,prix
11778,mağrur,233,99.934,Adj,1,mağrur
11779,bosco,233,99.934,Noun,1,bosco
11780,sürülmek,233,99.934,Adj,1,sürülmüş
11781,monaco,233,99.934,Noun,1,monaco
11782,bulgaristan,232,99.935,Noun,1,bulgaristan
11783,luce,232,99.935,Noun,1,luce
11784,rikers,232,99.935,Noun,1,rikers
11785,ting,232,99.935,Noun,1,ting
11786,rome,232,99.935,Noun,1,rome
11787,snowboard,232,99.935,Noun,1,snowboard
11788,batık,232,99.935,Adj,1,batık
11789,desert,232,99.936,Noun,1,desert
11790,düzenek,232,99.936,Noun,1,düzeneği
11791,basra,232,99.936,Noun,1,basra
11792,hanks,232,99.936,Noun,1,hanks
11793,ültimatom,232,99.936,Noun,1,ültimatom
11794,extra,232,99.936,Noun,1,extra
11795,reston,232,99.936,Noun,1,reston
11796,sabuk,232,99.936,Dup,1,sabuk
11797,perseus,232,99.937,Noun,1,perseus
11798,pontiac,232,99.937,Noun,1,pontiac
11799,sindirella,232,99.937,Noun,1,sindirella
11800,plankton,232,99.937,Noun,1,plankton
11801,lear,232,99.937,Noun,1,lear
11802,maximus,232,99.937,Noun,1,maximus
11803,simya,232,99.937,Noun,1,simyacı
11804,usb,232,99.938,Noun,1,usb
11805,elele,232,99.938,Adv,1,elele
11806,olgu,232,99.938,Noun,1,olgu
11807,promosyon,232,99.938,Noun,1,promosyon
11808,albino,232,99.938,Noun,1,albino
11809,kesk,231,99.938,Noun,1,keske
11810,enid,231,99.938,Noun,1,enid
11811,yasamak,231,99.938,Verb,1,yasama
11812,chekov,231,99.939,Noun,1,chekov
11813,turnike,231,99.939,Noun,1,turnike
11814,cherie,231,99.939,Noun,1,cherie
11815,journal,231,99.939,Noun,1,journal
11816,pansuman,231,99.939,Noun,1,pansuman
11817,pooh,231,99.939,Noun,1,pooh
11818,fernand,231,99.939,Noun,1,fernand
11819,lodge,231,99.94,Noun,1,lodge
11820,heisenberg,231,99.94,Noun,1,heisenberg
11821,range,231,99.94,Noun,1,range
11822,pers,231,99.94,Noun,1,pers
11823,thunderbird,231,99.94,Noun,1,thunderbird
11824,gazino,231,99.94,Noun,1,gazino
11825,skeç,231,99.94,Noun,1,skeç
11826,jordy,231,99.94,Noun,1,jordy
11827,ramp,231,99.941,Noun,1,rampa
11828,trol,231,99.941,Noun,1,trol
11829,radyoloji,231,99.941,Noun,1,radyoloji
11830,gereç,231,99.941,Noun,1,gereçleri
11831,armadillo,231,99.941,Noun,1,armadillo
11832,mikroçip,231,99.941,Noun,1,mikroçip
11833,hizmetkâr,231,99.941,Noun,1,hizmetkar
11834,buzdağı,231,99.942,Noun,1,buzdağının
11835,başhekim,231,99.942,Noun,1,başhekim
11836,başparmak,231,99.942,Noun,1,başparmak
11837,quill,231,99.942,Noun,1,quill
11838,ortopedi,231,99.942,Noun,1,ortopedi
11839,must,231,99.942,Noun,1,must
11840,örtüşmek,231,99.942,Verb,1,örtüşüyor
11841,burrell,230,99.942,Noun,1,burrell
11842,meltem,230,99.943,Noun,1,meltem
11843,pres,230,99.943,Noun,1,pres
11844,baypas,230,99.943,Adj,1,baypas
11845,komplikasyon,230,99.943,Noun,1,komplikasyon
11846,org,230,99.943,Noun,1,org
11847,body,230,99.943,Noun,1,body
11848,shanghai,230,99.943,Noun,1,shanghai
11849,barn,230,99.943,Noun,1,barn
11850,çınlamak,230,99.944,Verb,1,çınlıyor
11851,meryl,230,99.944,Noun,1,meryl
11852,apache,230,99.944,Noun,1,apache
11853,bileşmek,230,99.944,Adj,1,bileşen
11854,arkham,230,99.944,Noun,1,arkham
11855,evvelâ,230,99.944,Adj,1,evvela
11856,kage,230,99.944,Noun,1,kage
11857,habib,230,99.945,Noun,1,habib
11858,bello,230,99.945,Noun,1,bello
11859,veresiye,230,99.945,Adv,1,veresiye
11860,rapunzel,230,99.945,Noun,1,rapunzel
11861,cally,230,99.945,Noun,1,cally
11862,sapa,230,99.945,Adj,1,sapa
11863,globe,230,99.945,Noun,1,globe
11864,sach,229,99.945,Noun,1,sacha
11865,clement,229,99.946,Noun,1,clementine
11866,homofobik,229,99.946,Noun,1,homofobik
11867,karakteristik,229,99.946,Adj,1,karakteristik
11868,rapçi,229,99.946,Noun,1,rapçi
11869,niels,229,99.946,Noun,1,niels
11870,küm,229,99.946,Noun,1,küme
11871,kesat,229,99.946,Noun,1,kesat
11872,geometrik,229,99.947,Adj,1,geometrik
11873,jafar,229,99.947,Noun,1,jafar
11874,bükreş,229,99.947,Noun,1,bükreş
11875,gable,229,99.947,Noun,1,gable
11876,bileşim,229,99.947,Noun,1,bileşimi
11877,vasiyetname,229,99.947,Noun,1,vasiyetname
11878,token,229,99.947,Noun,1,token
11879,soleil,229,99.947,Noun,1,soleil
11880,left,229,99.948,Noun,1,left
11881,tudor,229,99.948,Noun,1,tudor
11882,banane,229,99.948,Noun,1,banane
11883,andres,229,99.948,Noun,1,andres
11884,rejim,229,99.948,Noun,1,rejimi
11885,bingham,229,99.948,Noun,1,bingham
11886,bileşik,229,99.948,Adj,1,bileşik
11887,kumlu,229,99.949,Noun,1,kumlu
11888,mucit,229,99.949,Adj,1,mucit
11889,dengelemek,229,99.949,Noun,1,dengelemek
11890,menkul,228,99.949,Adj,1,menkul
11891,acapulco,228,99.949,Noun,1,acapulco
11892,granit,228,99.949,Noun,1,granit
11893,şike,228,99.949,Noun,1,şike
11894,mukaddes,228,99.949,Adj,1,mukaddes
11895,gogol,228,99.95,Noun,1,gogol
11896,agent,228,99.95,Noun,1,agent
11897,records,228,99.95,Noun,1,records
11898,alina,228,99.95,Noun,1,alina
11899,varolmak,228,99.95,Adj,1,varolan
11900,ismet,228,99.95,Noun,1,İsmet
11901,hilebaz,228,99.95,Adj,1,hilebaz
11902,dmitri,228,99.95,Noun,1,dmitri
11903,leylâk,228,99.951,Noun,1,leylak
11904,jaws,228,99.951,Noun,1,jaws
11905,buford,228,99.951,Noun,1,buford
11906,hazım,228,99.951,Noun,1,hazımsızlık
11907,bosch,228,99.951,Noun,1,bosch
11908,pc,228,99.951,Noun,1,pc
11909,ferid,228,99.951,Noun,1,feride
11910,ustalıkla,228,99.952,Adv,1,ustalıkla
11911,keegan,228,99.952,Noun,1,keegan
11912,dawkins,228,99.952,Noun,1,dawkins
11913,keys,228,99.952,Noun,1,keys
11914,mirza,228,99.952,Noun,1,mirza
11915,kovan,228,99.952,Noun,1,kovanları
11916,kapitalizm,228,99.952,Noun,1,kapitalizm
11917,tupac,228,99.952,Noun,1,tupac
11918,blaze,227,99.953,Noun,1,blaze
11919,door,227,99.953,Noun,1,door
11920,garez,227,99.953,Noun,1,garezi
11921,mulligan,227,99.953,Noun,1,mulligan
11922,histeri,227,99.953,Noun,1,histeri
11923,ilya,227,99.953,Noun,1,ilya
11924,döl,227,99.953,Noun,1,döl
11925,kimyager,227,99.953,Noun,1,kimyager
11926,barak,227,99.954,Noun,1,baraka
11927,metallica,227,99.954,Noun,1,metallica
11928,unit,227,99.954,Noun,1,unit
11929,perrin,227,99.954,Noun,1,perrin
11930,gonzalo,227,99.954,Noun,1,gonzalo
11931,wren,227,99.954,Noun,1,wren
11932,gayrimeşru,227,99.954,Adj,1,gayrimeşru
11933,fitzpatrick,227,99.955,Noun,1,fitzpatrick
11934,burkmak,227,99.955,Verb,1,burktum
11935,bateri,227,99.955,Noun,1,bateri
11936,sayaç,227,99.955,Noun,1,sayacı
11937,ryuzaki,227,99.955,Noun,1,ryuzaki
11938,hüner,226,99.955,Adj,1,hünerli
11939,tayfun,226,99.955,Noun,1,tayfun
11940,memure,226,99.955,Noun,1,memure
11941,haşır,226,99.956,Dup,1,haşır
11942,doğrulmak,226,99.956,Verb,1,doğrulttu
11943,markiz,226,99.956,Noun,1,markiz
11944,arch,226,99.956,Noun,1,arch
11945,chat,226,99.956,Noun,1,chat
11946,dos,226,99.956,Noun,1,dos
11947,kloroform,226,99.956,Noun,1,kloroform
11948,birikinti,226,99.956,Noun,1,birikintisi
11949,girit,226,99.957,Noun,1,girit
11950,propa,226,99.957,Noun,1,propan
11951,portekizce,226,99.957,Adj,1,portekizce
11952,çivilemek,226,99.957,Verb,1,çiviler
11953,spice,226,99.957,Noun,1,spice
11954,caka,226,99.957,Noun,1,caka
11955,jamison,226,99.957,Noun,1,jamison
11956,angarya,226,99.958,Noun,1,angarya
11957,hartman,226,99.958,Noun,1,hartman
11958,loco,226,99.958,Noun,1,loco
11959,veyahut,226,99.958,Conj,1,veyahut
11960,monopoly,226,99.958,Noun,1,monopoly
11961,gardiner,226,99.958,Noun,1,gardiner
11962,tıkanık,226,99.958,Noun,1,tıkanıklığı
11963,yaranmak,226,99.958,Verb,1,yarana
11964,safir,226,99.959,Noun,1,safir
11965,dupont,226,99.959,Noun,1,dupont
11966,bakteriyel,226,99.959,Adj,1,bakteriyel
11967,edge,226,99.959,Noun,1,edge
11968,chewie,225,99.959,Noun,1,chewie
11969,bıldırcın,225,99.959,Noun,1,bıldırcın
11970,beckham,225,99.959,Noun,1,beckham
11971,denton,225,99.959,Noun,1,denton
11972,aristokrat,225,99.96,Adj,1,aristokrat
11973,solunum,225,99.96,Noun,1,solunumu
11974,iskenderiye,225,99.96,Noun,1,İskenderiye
11975,einar,225,99.96,Noun,1,einar
11976,guillaume,225,99.96,Noun,1,guillaume
11977,aston,225,99.96,Noun,1,aston
11978,adrienne,225,99.96,Noun,1,adrienne
11979,mate,225,99.961,Noun,1,matem
11980,chief,225,99.961,Noun,1,chief
11981,janelle,225,99.961,Noun,1,janelle
11982,winona,225,99.961,Noun,1,winona
11983,iflâh,225,99.961,Noun,1,iflah
11984,sayar,225,99.961,Noun,1,sayarım
11985,milena,224,99.961,Noun,1,milena
11986,şalter,224,99.961,Noun,1,şalteri
11987,half,224,99.962,Noun,1,half
11988,gecekondu,224,99.962,Noun,1,gecekondu
11989,jordi,224,99.962,Noun,1,jordi
11990,order,224,99.962,Noun,1,order
11991,hissedar,224,99.962,Noun,1,hissedarlar
11992,mandarin,224,99.962,Noun,1,mandarin
11993,smiley,224,99.962,Noun,1,smiley
11994,bowers,224,99.962,Noun,1,bowers
11995,revaç,224,99.963,Noun,1,revaçta
11996,yassı,224,99.963,Adj,1,yassı
11997,gt,224,99.963,Noun,1,gt
11998,antartika,224,99.963,Noun,1,antartika
11999,rios,224,99.963,Noun,1,rios
12000,nasır,224,99.963,Noun,1,nasır
12001,yemekhane,224,99.963,Noun,1,yemekhanede
12002,gitarist,223,99.963,Noun,1,gitarist
12003,otomatikman,223,99.964,Adv,1,otomatikman
12004,lebron,223,99.964,Noun,1,lebron
12005,yalınayak,223,99.964,Adv,1,yalınayak
12006,defile,223,99.964,Noun,1,defile
12007,jovi,223,99.964,Noun,1,jovi
12008,vurgulamak,223,99.964,Noun,1,vurgulamak
12009,kardiyak,223,99.964,Adj,1,kardiyak
12010,martı,223,99.964,Noun,1,martılar
12011,ıskalamak,223,99.965,Verb,1,ıskaladı
12012,zoraki,223,99.965,Adv,1,zoraki
12013,winstone,223,99.965,Noun,1,winstone
12014,sting,223,99.965,Noun,1,sting
12015,lombard,223,99.965,Noun,1,lombard
12016,glenda,223,99.965,Noun,1,glenda
12017,doğukan,222,99.965,Noun,1,doğukan
12018,kızamık,222,99.966,Noun,1,kızamık
12019,pota,222,99.966,Noun,1,potaya
12020,zheng,222,99.966,Noun,1,zheng
12021,fıskiye,222,99.966,Noun,1,fıskiye
12022,whelan,222,99.966,Noun,1,whelan
12023,kaan,222,99.966,Noun,1,kaan
12024,norah,222,99.966,Noun,1,norah
12025,milât,222,99.966,Noun,1,milattan
12026,gadget,222,99.967,Noun,1,gadget
12027,office,222,99.967,Noun,1,office
12028,monkey,222,99.967,Noun,1,monkey
12029,cheney,222,99.967,Noun,1,cheney
12030,şehriye,222,99.967,Noun,1,şehriye
12031,dazlak,222,99.967,Adj,1,dazlak
12032,ning,222,99.967,Noun,1,ning
12033,fransergio,222,99.967,Noun,1,fransergio
12034,candan,222,99.968,Adv,1,candan
12035,cherokee,222,99.968,Noun,1,cherokee
12036,lacy,222,99.968,Noun,1,lacy
12037,jacksonville,222,99.968,Noun,1,jacksonville
12038,team,222,99.968,Noun,1,team
12039,muntazam,222,99.968,Adv,1,muntazam
12040,hoppa,222,99.968,Adj,1,hoppa
12041,körkütük,222,99.968,Adv,1,körkütük
12042,doping,222,99.969,Noun,1,doping
12043,aztek,222,99.969,Noun,1,aztek
12044,oksit,222,99.969,Noun,1,oksit
12045,ugan,221,99.969,Noun,1,uganda
12046,oluk,221,99.969,Noun,1,oluk
12047,covington,221,99.969,Noun,1,covington
12048,banjo,221,99.969,Noun,1,banjo
12049,boa,221,99.969,Noun,1,boa
12050,odie,221,99.97,Noun,1,odie
12051,being,221,99.97,Noun,1,being
12052,emilia,221,99.97,Noun,1,emilia
12053,bedavadan,221,99.97,Adv,1,bedavadan
12054,wikileaks,221,99.97,Noun,1,wikileaks
12055,graeme,221,99.97,Noun,1,graeme
12056,taşikardi,221,99.97,Noun,1,taşikardi
12057,special,221,99.97,Noun,1,special
12058,othello,221,99.971,Noun,1,othello
12059,coast,221,99.971,Noun,1,coast
12060,cane,221,99.971,Noun,1,cane
12061,card,221,99.971,Noun,1,card
12062,kenan,221,99.971,Noun,1,kenan
12063,asperger,220,99.971,Noun,1,asperger
12064,yellowstone,220,99.971,Noun,1,yellowstone
12065,callum,220,99.971,Noun,1,callum
12066,xiang,220,99.972,Noun,1,xiang
12067,tone,220,99.972,Noun,1,tone
12068,mag,220,99.972,Noun,1,mag
12069,kıral,220,99.972,Noun,1,kıralım
12070,raju,220,99.972,Noun,1,raju
12071,haynes,220,99.972,Noun,1,haynes
12072,quan,220,99.972,Noun,1,quan
12073,lowry,220,99.973,Noun,1,lowry
12074,beyonce,220,99.973,Noun,1,beyonce
12075,booker,220,99.973,Noun,1,booker
12076,genital,220,99.973,Noun,1,genital
12077,everything,220,99.973,Noun,1,everything
12078,small,220,99.973,Noun,1,small
12079,tatu,220,99.973,Noun,1,tatum
12080,izmir,220,99.973,Noun,1,İzmir
12081,volga,220,99.974,Noun,1,volga
12082,itaatkâr,220,99.974,Adj,1,itaatkar
12083,kastî,220,99.974,Noun,1,kasti
12084,colson,219,99.974,Noun,1,colson
12085,tallahassee,219,99.974,Noun,1,tallahassee
12086,rina,219,99.974,Noun,1,rina
12087,napa,219,99.974,Noun,1,napa
12088,hippi,219,99.974,Noun,1,hippiler
12089,fuck,219,99.975,Noun,1,fuck
12090,emerald,219,99.975,Noun,1,emerald
12091,başkomutan,219,99.975,Noun,1,başkomutan
12092,garib,219,99.975,Noun,1,garibi
12093,logo,219,99.975,Noun,1,logo
12094,kapris,219,99.975,Adj,1,kaprisli
12095,postalamak,219,99.975,Verb,1,postalar
12096,tehditkâr,219,99.975,Adj,1,tehditkar
12097,koyacak,219,99.976,Noun,1,koyacağını
12098,hatice,219,99.976,Noun,1,hatice
12099,self,219,99.976,Noun,1,self
12100,restorant,219,99.976,Noun,1,restorant
12101,station,219,99.976,Noun,1,station
12102,atreides,219,99.976,Noun,1,atreides
12103,atwood,219,99.976,Noun,1,atwood
12104,zır,219,99.976,Noun,1,zır
12105,care,219,99.977,Noun,1,care
12106,romney,219,99.977,Noun,1,romney
12107,carnegie,219,99.977,Noun,1,carnegie
12108,sırık,219,99.977,Noun,1,sırık
12109,imge,218,99.977,Noun,1,imge
12110,braxton,218,99.977,Noun,1,braxton
12111,sürgülü,218,99.977,Adj,1,sürgülü
12112,tebessüm,218,99.977,Noun,1,tebessüm
12113,akil,218,99.978,Adj,1,akil
12114,streisand,218,99.978,Noun,1,streisand
12115,viraj,218,99.978,Noun,1,viraj
12116,alyans,218,99.978,Noun,1,alyans
12117,renault,218,99.978,Noun,1,renault
12118,gita,218,99.978,Noun,1,gita
12119,kep,218,99.978,Noun,1,kepler
12120,ilâveten,218,99.978,Postp,1,ilaveten
12121,housewives,218,99.979,Noun,1,housewives
12122,duval,218,99.979,Noun,1,duval
12123,dopdolu,218,99.979,Adj,1,dopdolu
12124,stephan,218,99.979,Noun,1,stephan
12125,casanova,218,99.979,Noun,1,casanova
12126,fethetmek,218,99.979,Noun,1,fethetmek
12127,casablanca,218,99.979,Noun,1,casablanca
12128,erickson,218,99.979,Noun,1,erickson
12129,ripper,218,99.98,Noun,1,ripper
12130,buzağı,218,99.98,Noun,1,buzağı
12131,madara,218,99.98,Adj,1,madara
12132,shop,218,99.98,Noun,1,shop
12133,kamikaze,218,99.98,Noun,1,kamikaze
12134,fileto,218,99.98,Noun,1,fileto
12135,helmut,218,99.98,Noun,1,helmut
12136,balyoz,218,99.98,Noun,1,balyoz
12137,komser,218,99.981,Noun,1,komser
12138,jarrett,218,99.981,Noun,1,jarrett
12139,morina,218,99.981,Noun,1,morina
12140,lindbergh,217,99.981,Noun,1,lindbergh
12141,fıkı,217,99.981,Dup,1,fıkı
12142,langırt,217,99.981,Noun,1,langırt
12143,everybody,217,99.981,Noun,1,everybody
12144,deccal,217,99.981,Adj,1,deccal
12145,chesapeake,217,99.982,Noun,1,chesapeake
12146,ilkyardım,217,99.982,Noun,1,ilkyardım
12147,troll,217,99.982,Noun,1,troll
12148,massimo,217,99.982,Noun,1,massimo
12149,şablon,217,99.982,Noun,1,şablon
12150,ritter,217,99.982,Noun,1,ritter
12151,antilop,217,99.982,Adj,1,antilop
12152,miğfer,217,99.982,Noun,1,miğfer
12153,hızlan,217,99.983,Noun,1,hızlanın
12154,yüzükoyun,217,99.983,Adv,1,yüzükoyun
12155,genesis,217,99.983,Noun,1,genesis
12156,stifler,217,99.983,Noun,1,stifler
12157,maru,217,99.983,Noun,1,maru
12158,chez,217,99.983,Noun,1,chez
12159,alp,216,99.983,Adj,1,alp
12160,kırlangıç,216,99.983,Noun,1,kırlangıç
12161,brant,216,99.984,Noun,1,brant
12162,class,216,99.984,Noun,1,class
12163,detektör,216,99.984,Noun,1,detektörü
12164,amish,216,99.984,Noun,1,amish
12165,smithsonian,216,99.984,Noun,1,smithsonian
12166,ronaldo,216,99.984,Noun,1,ronaldo
12167,bamya,216,99.984,Noun,1,bamya
12168,attila,216,99.984,Noun,1,attila
12169,vickers,216,99.985,Noun,1,vickers
12170,brainiac,216,99.985,Noun,1,brainiac
12171,sutherland,216,99.985,Noun,1,sutherland
12172,elinor,216,99.985,Noun,1,elinor
12173,saral,216,99.985,Noun,1,saralım
12174,ambalaj,216,99.985,Noun,1,ambalaj
12175,paradoks,216,99.985,Noun,1,paradoks
12176,klonlamak,216,99.985,Verb,1,klonlama
12177,cleopatra,215,99.986,Noun,1,cleopatra
12178,leave,215,99.986,Noun,1,leave
12179,gama,215,99.986,Adj,1,gamalı
12180,tribbiani,215,99.986,Noun,1,tribbiani
12181,taro,215,99.986,Noun,1,taro
12182,berduş,215,99.986,Adj,1,berduş
12183,hummel,215,99.986,Noun,1,hummel
12184,komi,215,99.986,Noun,1,komi
12185,buckner,215,99.987,Noun,1,buckner
12186,nemesis,215,99.987,Noun,1,nemesis
12187,breeze,215,99.987,Noun,1,breeze
12188,gargar,215,99.987,Noun,1,gargara
12189,iftihar,215,99.987,Noun,1,iftihar
12190,silâhşor,215,99.987,Noun,1,silahşor
12191,perspektif,215,99.987,Noun,1,perspektif
12192,melon,215,99.987,Adj,1,melon
12193,yirminci,215,99.988,Num,1,yirminci
12194,kuşkonmaz,215,99.988,Noun,1,kuşkonmaz
12195,puanlamak,215,99.988,Verb,1,puanla
12196,other,215,99.988,Noun,1,other
12197,friend,215,99.988,Noun,1,friend
12198,pines,215,99.988,Noun,1,pines
12199,polyester,215,99.988,Noun,1,polyester
12200,tekerrür,215,99.988,Noun,1,tekerrür
12201,irs,215,99.989,Noun,1,irs
12202,mclaren,215,99.989,Noun,1,mclaren
12203,atardamar,215,99.989,Noun,1,atardamar
12204,schrader,215,99.989,Noun,1,schrader
12205,softball,215,99.989,Noun,1,softball
12206,chevrolet,215,99.989,Noun,1,chevrolet
12207,suskun,215,99.989,Adj,1,suskun
12208,therese,214,99.989,Noun,1,therese
12209,haşere,214,99.989,Noun,1,haşere
12210,fasülye,214,99.99,Noun,1,fasülye
12211,istisnaî,214,99.99,Adj,1,istisnai
12212,dizlemek,214,99.99,Verb,1,dizler
12213,eiffel,214,99.99,Noun,1,eiffel
12214,chopra,214,99.99,Noun,1,chopra
12215,deforme,214,99.99,Adj,1,deforme
12216,hıçkırmak,214,99.99,Verb,1,hıçkıra
12217,train,214,99.99,Noun,1,train
12218,şamar,214,99.991,Noun,1,şamar
12219,yahya,214,99.991,Noun,1,yahya
12220,çimen,214,99.991,Noun,1,çimenler
12221,rudolf,214,99.991,Noun,1,rudolf
12222,emsal,214,99.991,Adj,1,emsalsiz
12223,nasıra,214,99.991,Adj,1,nasıralı
12224,pisagor,214,99.991,Noun,1,pisagor
12225,yumurcak,214,99.991,Noun,1,yumurcak
12226,cosby,214,99.992,Noun,1,cosby
12227,larva,214,99.992,Noun,1,larva
12228,hırka,214,99.992,Noun,1,hırka
12229,lanka,214,99.992,Noun,1,lanka
12230,kavşak,214,99.992,Noun,1,kavşak
12231,yadigâr,214,99.992,Noun,1,yadigarı
12232,cheesecake,213,99.992,Noun,1,cheesecake
12233,başyapıt,213,99.992,Noun,1,başyapıt
12234,sıkboğaz,213,99.993,Noun,1,sıkboğaz
12235,restorasyon,213,99.993,Noun,1,restorasyon
12236,yoketmek,213,99.993,Noun,1,yoketmek
12237,hurst,213,99.993,Noun,1,hurst
12238,abone,213,99.993,Adj,1,abone
12239,tokmak,213,99.993,Noun,1,tokmağı
12240,yakup,213,99.993,Noun,1,yakup
12241,angelique,213,99.993,Noun,1,angelique
12242,orda,213,99.994,Noun,1,ordalar
12243,lyons,213,99.994,Noun,1,lyons
12244,kirletmek,213,99.994,Noun,1,kirletmek
12245,abaza,213,99.994,Noun,1,abaza
12246,panayır,213,99.994,Noun,1,panayır
12247,sandro,213,99.994,Noun,1,sandro
12248,delfino,213,99.994,Noun,1,delfino
12249,arms,213,99.994,Noun,1,arms
12250,prado,213,99.995,Noun,1,prado
12251,hamamböcek,213,99.995,Noun,1,hamamböcekleri
12252,müjde,213,99.995,Interj,1,müjde
12253,agustin,213,99.995,Noun,1,agustin
12254,safari,213,99.995,Noun,1,safari
12255,mash,212,99.995,Noun,1,masha
12256,slayt,212,99.995,Noun,1,slayt
12257,vefa,212,99.995,Adj,1,vefalı
12258,gammaz,212,99.996,Adj,1,gammaz
12259,saito,212,99.996,Noun,1,saito
12260,müptelâ,212,99.996,Noun,1,müptelası
12261,cosette,212,99.996,Noun,1,cosette
12262,daly,212,99.996,Noun,1,daly
12263,naoko,212,99.996,Noun,1,naoko
12264,paparazzi,212,99.996,Noun,1,paparazzi
12265,baht,212,99.996,Adj,1,bahtsız
12266,hour,212,99.996,Noun,1,hour
12267,adnan,212,99.997,Noun,1,adnan
12268,gekko,212,99.997,Noun,1,gekko
12269,kemirmek,212,99.997,Verb,1,kemiriyor
12270,hınzır,212,99.997,Adj,1,hınzır
12271,panzer,212,99.997,Noun,1,panzer
12272,howell,212,99.997,Noun,1,howell
12273,krueger,212,99.997,Noun,1,krueger
12274,danton,212,99.997,Noun,1,danton
12275,stockwell,212,99.998,Noun,1,stockwell
12276,imtiyaz,212,99.998,Noun,1,imtiyaz
12277,afrodizyak,212,99.998,Noun,1,afrodizyak
12278,meyva,211,99.998,Noun,1,meyva
12279,phantom,211,99.998,Noun,1,phantom
12280,hac,211,99.998,Noun,1,hac
12281,marika,211,99.998,Noun,1,marika
12282,aristo,211,99.998,Noun,1,aristo
12283,vekâlet,211,99.999,Noun,1,vekalet
12284,jinekolog,211,99.999,Noun,1,jinekolog
12285,süet,211,99.999,Noun,1,süet
12286,çekiliş,211,99.999,Noun,1,çekiliş
12287,tribune,211,99.999,Noun,1,tribune
12288,krieger,211,99.999,Noun,1,krieger
12289,dillinger,211,99.999,Noun,1,dillinger
12290,obez,211,99.999,Adj,1,obez
12291,altyapı,211,100.0,Noun,1,altyapı
12292,avokado,211,100.0,Noun,1,avokado
12293,resmiyet,211,100.0,Noun,1,resmiyete
12294,cable,211,100.0,Noun,1,cable
12295,vektör,211,100.0,Noun,1,vektör
